indicator_code,indicator_name,year,gender_dimension,value,value_low,value_high
CM_01,Number of under-five deaths,2002,Both sexes,196199.0,182290.0,211064.0
MORT_300,Distribution of causes of death among children aged < 5 years (%),2009,1-59 months,0.00013,,
NCD_BMI_MINUS2C,"Thinness among children and adolescents, BMI-for-age < -2 standard deviations below the median (%)",2017,Both sexes,14.553297,11.837688,17.493656
NUTRITION_ANAEMIA_CHILDREN_NUM,Number of children aged 6-59 months with anaemia (thousands),2011,Both sexes,20516.733,18820.0,21857.0
MORT_100,"Number of deaths in children aged <5 years, by cause",2006,Both sexes,42520.70405,,
CHILDMORT5TO14,Mortality rate for 5-14 year-olds (probability of dying per 1000 children aged 5-14 years),2016,Female,21.508032337,18.913385736,24.40973034
MORT_300,Distribution of causes of death among children aged < 5 years (%),2009,0-4 years of age,0.0834,,
MORT_300,Distribution of causes of death among children aged < 5 years (%),2007,0-27 days,0.28334,,
MDG_0000000001,Infant mortality rate (probability of dying between birth and age 1 per 1000 live births),2016,Female,61.567190596,56.570292957,66.951565118
NCD_BMI_PLUS1C,"Overweight among children and adolescents, BMI-for-age > +1 standard deviations above the median (crude estimate) (%)",2020,Female,8.7378502,6.2668674,11.642182
NCD_BMI_PLUS2C,"Obesity among children and adolescents, BMI-for-age > +2 standard deviations above the median (crude estimate) (%)",2020,Female,2.7447656,1.3555666,4.7424987
CM_01,Number of under-five deaths,1969,Male,518629.0,459981.0,587209.0
MORT_100,"Number of deaths in children aged <5 years, by cause",2011,Both sexes,26754.03128,,
NUTRITION_ANAEMIA_CHILDREN_NUM,Number of children aged 6-59 months with anaemia (thousands),2002,Mild,4900.0,4230.0,5550.0
MORT_300,Distribution of causes of death among children aged < 5 years (%),2012,1-59 months,0.01712,,
MORT_300,Distribution of causes of death among children aged < 5 years (%),2011,0-4 years of age,0.10946,,
MORT_300,Distribution of causes of death among children aged < 5 years (%),2013,1-59 months,0.01671,,
CM_02,Number of infant deaths,2023,Both sexes,517049.0,451176.0,594492.0
SDGPOISON,Mortality rate attributed to unintentional poisoning (per 100 000 population),2002,Both sexes,0.88958167,0.51689505,1.368491113
NCD_BMI_PLUS1C,"Overweight among children and adolescents, BMI-for-age > +1 standard deviations above the median (crude estimate) (%)",2022,Female,9.2594191,6.0960405,13.131909
NCD_BMI_PLUS1C,"Overweight among children and adolescents, BMI-for-age > +1 standard deviations above the median (crude estimate) (%)",2013,Female,8.0239221,6.5606296,9.6984535
MORT_300,Distribution of causes of death among children aged < 5 years (%),2002,0-27 days,0.01431,,
WHS4_117,Hepatitis B (HepB3) immunization coverage among 1-year-olds (%) (WUENIC),2000,,0.0,,
NCD_BMI_MINUS2C,"Thinness among children and adolescents, BMI-for-age < -2 standard deviations below the median (%)",1990,Female,9.0483002,5.2543543,13.673998
NCD_BMI_MINUS2C,"Thinness among children and adolescents, BMI-for-age < -2 standard deviations below the median (%)",1994,Male,18.603496,12.260756,25.584623
NCD_BMI_PLUS2C,"Obesity among children and adolescents, BMI-for-age > +2 standard deviations above the median (crude estimate) (%)",2020,Both sexes,2.7505016,1.5690336,4.3300558
NCD_BMI_MINUS2C,"Thinness among children and adolescents, BMI-for-age < -2 standard deviations below the median (%)",1992,Both sexes,14.100224,10.139097,18.314186
CM_01,Number of under-five deaths,2016,Female,398897.0,367579.0,433033.0
NCD_BMI_PLUS1C,"Overweight among children and adolescents, BMI-for-age > +1 standard deviations above the median (crude estimate) (%)",2000,Female,5.9421711,4.5374356,7.5392306
NCD_BMI_MINUS2C,"Thinness among children and adolescents, BMI-for-age < -2 standard deviations below the median (%)",1980,Male,15.798786,5.999222,29.215923
NCD_BMI_MINUS2C,"Thinness among children and adolescents, BMI-for-age < -2 standard deviations below the median (%)",1983,Male,23.549345,12.764095,35.382733
NCD_BMI_MINUS2C,"Thinness among children and adolescents, BMI-for-age < -2 standard deviations below the median (%)",1987,Male,19.570385,11.604393,28.477189
NCD_BMI_MINUS2C,"Thinness among children and adolescents, BMI-for-age < -2 standard deviations below the median (%)",1988,Male,14.477625,7.6304421,22.72222
NCD_BMI_MINUS2C,"Thinness among children and adolescents, BMI-for-age < -2 standard deviations below the median (%)",1989,Male,14.323236,7.685896,22.24597
NCD_BMI_MINUS2C,"Thinness among children and adolescents, BMI-for-age < -2 standard deviations below the median (%)",2023,Male,21.208458,13.395132,30.00285
NCD_BMI_MINUS2C,"Thinness among children and adolescents, BMI-for-age < -2 standard deviations below the median (%)",2024,Male,18.220289,10.518833,27.257842
NCD_BMI_MINUS2C,"Thinness among children and adolescents, BMI-for-age < -2 standard deviations below the median (%)",1980,Female,9.619423,3.5424639,18.33864
NCD_BMI_MINUS2C,"Thinness among children and adolescents, BMI-for-age < -2 standard deviations below the median (%)",1983,Female,9.5036648,4.0956423,16.801983
NCD_BMI_MINUS2C,"Thinness among children and adolescents, BMI-for-age < -2 standard deviations below the median (%)",1987,Female,9.1419771,4.7739208,14.632103
NCD_BMI_MINUS2C,"Thinness among children and adolescents, BMI-for-age < -2 standard deviations below the median (%)",1988,Female,9.7331494,4.8991144,16.008487
NCD_BMI_MINUS2C,"Thinness among children and adolescents, BMI-for-age < -2 standard deviations below the median (%)",1989,Female,9.0908721,5.1120572,13.979696
NCD_BMI_MINUS2C,"Thinness among children and adolescents, BMI-for-age < -2 standard deviations below the median (%)",2023,Female,9.9657126,5.8148708,15.074074
NCD_BMI_MINUS2C,"Thinness among children and adolescents, BMI-for-age < -2 standard deviations below the median (%)",2024,Female,9.8083071,5.5141918,15.093397
NCD_BMI_MINUS2C,"Thinness among children and adolescents, BMI-for-age < -2 standard deviations below the median (%)",1980,Both sexes,16.613577,9.6485391,24.405447
NCD_BMI_MINUS2C,"Thinness among children and adolescents, BMI-for-age < -2 standard deviations below the median (%)",1983,Both sexes,12.615432,7.1206845,19.081964
NCD_BMI_MINUS2C,"Thinness among children and adolescents, BMI-for-age < -2 standard deviations below the median (%)",1987,Both sexes,16.067465,11.079538,21.450934
NCD_BMI_MINUS2C,"Thinness among children and adolescents, BMI-for-age < -2 standard deviations below the median (%)",1988,Both sexes,12.126688,7.7087149,17.166594
NCD_BMI_MINUS2C,"Thinness among children and adolescents, BMI-for-age < -2 standard deviations below the median (%)",1989,Both sexes,15.902761,11.318365,20.873025
NCD_BMI_MINUS2C,"Thinness among children and adolescents, BMI-for-age < -2 standard deviations below the median (%)",2023,Both sexes,14.034301,9.901607,18.894319
NCD_BMI_MINUS2C,"Thinness among children and adolescents, BMI-for-age < -2 standard deviations below the median (%)",2024,Both sexes,15.720683,10.893679,21.195935
NCD_BMI_MINUS2C,"Thinness among children and adolescents, BMI-for-age < -2 standard deviations below the median (%)",1981,Male,20.497435,9.7343907,33.327058
NCD_BMI_MINUS2C,"Thinness among children and adolescents, BMI-for-age < -2 standard deviations below the median (%)",1982,Male,23.697075,12.395164,36.157116
NCD_BMI_MINUS2C,"Thinness among children and adolescents, BMI-for-age < -2 standard deviations below the median (%)",1984,Male,15.107398,6.8952754,25.516015
NCD_BMI_MINUS2C,"Thinness among children and adolescents, BMI-for-age < -2 standard deviations below the median (%)",1986,Male,14.784582,7.3592693,23.970485
NCD_BMI_MINUS2C,"Thinness among children and adolescents, BMI-for-age < -2 standard deviations below the median (%)",1981,Female,10.021568,3.7764989,19.079956
NCD_BMI_MINUS2C,"Thinness among children and adolescents, BMI-for-age < -2 standard deviations below the median (%)",1982,Female,9.5358945,3.9236471,17.339453
NCD_BMI_MINUS2C,"Thinness among children and adolescents, BMI-for-age < -2 standard deviations below the median (%)",1984,Female,9.8788694,4.2314205,17.599018
NCD_BMI_MINUS2C,"Thinness among children and adolescents, BMI-for-age < -2 standard deviations below the median (%)",1986,Female,9.4214626,4.669746,15.566669
NCD_BMI_MINUS2C,"Thinness among children and adolescents, BMI-for-age < -2 standard deviations below the median (%)",1981,Both sexes,12.831141,6.890358,20.055141
NCD_BMI_MINUS2C,"Thinness among children and adolescents, BMI-for-age < -2 standard deviations below the median (%)",1982,Both sexes,14.927687,8.9431129,21.764302
NCD_BMI_MINUS2C,"Thinness among children and adolescents, BMI-for-age < -2 standard deviations below the median (%)",1984,Both sexes,12.511468,7.2763622,18.674161
NCD_BMI_MINUS2C,"Thinness among children and adolescents, BMI-for-age < -2 standard deviations below the median (%)",1986,Both sexes,12.312568,7.4564278,17.866133
NCD_BMI_PLUS1C,"Overweight among children and adolescents, BMI-for-age > +1 standard deviations above the median (crude estimate) (%)",1983,Male,2.2718718,0.56919116,5.8287572
NCD_BMI_PLUS1C,"Overweight among children and adolescents, BMI-for-age > +1 standard deviations above the median (crude estimate) (%)",1983,Female,3.3551995,1.2331462,7.0060864
NCD_BMI_PLUS1C,"Overweight among children and adolescents, BMI-for-age > +1 standard deviations above the median (crude estimate) (%)",1983,Both sexes,2.3620285,1.0300959,4.4801407
NCD_BMI_MINUS2C,"Thinness among children and adolescents, BMI-for-age < -2 standard deviations below the median (%)",1985,Male,14.943583,7.1429648,24.696881
NCD_BMI_MINUS2C,"Thinness among children and adolescents, BMI-for-age < -2 standard deviations below the median (%)",1985,Female,9.1792092,4.4505671,15.33677
NCD_BMI_MINUS2C,"Thinness among children and adolescents, BMI-for-age < -2 standard deviations below the median (%)",1985,Both sexes,12.410246,7.3891863,18.250738
NCD_BMI_PLUS1C,"Overweight among children and adolescents, BMI-for-age > +1 standard deviations above the median (crude estimate) (%)",1980,Male,1.2748921,0.21524651,3.9330672
NCD_BMI_PLUS1C,"Overweight among children and adolescents, BMI-for-age > +1 standard deviations above the median (crude estimate) (%)",1981,Male,1.6506443,0.33609332,4.6321299
NCD_BMI_PLUS1C,"Overweight among children and adolescents, BMI-for-age > +1 standard deviations above the median (crude estimate) (%)",1987,Male,1.5549818,0.50523249,3.5610825
NCD_BMI_PLUS1C,"Overweight among children and adolescents, BMI-for-age > +1 standard deviations above the median (crude estimate) (%)",1988,Male,2.0481318,0.73120669,4.3180071
NCD_BMI_PLUS1C,"Overweight among children and adolescents, BMI-for-age > +1 standard deviations above the median (crude estimate) (%)",1989,Male,1.6771389,0.62152161,3.530648
NCD_BMI_PLUS1C,"Overweight among children and adolescents, BMI-for-age > +1 standard deviations above the median (crude estimate) (%)",2023,Male,10.588207,5.6541372,16.825826
NCD_BMI_PLUS1C,"Overweight among children and adolescents, BMI-for-age > +1 standard deviations above the median (crude estimate) (%)",2024,Male,8.3546706,4.2151302,13.601016
NCD_BMI_PLUS1C,"Overweight among children and adolescents, BMI-for-age > +1 standard deviations above the median (crude estimate) (%)",1980,Female,3.0517362,0.81369635,7.4327894
NCD_BMI_PLUS1C,"Overweight among children and adolescents, BMI-for-age > +1 standard deviations above the median (crude estimate) (%)",1981,Female,3.2056723,0.97724563,7.2675608
NCD_BMI_PLUS1C,"Overweight among children and adolescents, BMI-for-age > +1 standard deviations above the median (crude estimate) (%)",1987,Female,3.7249129,1.798882,6.7204051
NCD_BMI_PLUS1C,"Overweight among children and adolescents, BMI-for-age > +1 standard deviations above the median (crude estimate) (%)",1988,Female,3.8218711,1.8108772,6.8640448
NCD_BMI_PLUS1C,"Overweight among children and adolescents, BMI-for-age > +1 standard deviations above the median (crude estimate) (%)",1989,Female,3.9836287,2.1263406,6.6829041
NCD_BMI_PLUS1C,"Overweight among children and adolescents, BMI-for-age > +1 standard deviations above the median (crude estimate) (%)",2023,Female,9.4060995,5.9176445,13.768828
NCD_BMI_PLUS1C,"Overweight among children and adolescents, BMI-for-age > +1 standard deviations above the median (crude estimate) (%)",2024,Female,9.5627494,5.7385556,14.466463
NCD_BMI_PLUS1C,"Overweight among children and adolescents, BMI-for-age > +1 standard deviations above the median (crude estimate) (%)",1980,Both sexes,2.3616865,0.87207379,4.8478313
NCD_BMI_PLUS1C,"Overweight among children and adolescents, BMI-for-age > +1 standard deviations above the median (crude estimate) (%)",1981,Both sexes,2.4113839,0.96294042,4.7662023
NCD_BMI_PLUS1C,"Overweight among children and adolescents, BMI-for-age > +1 standard deviations above the median (crude estimate) (%)",1987,Both sexes,2.6462201,1.4295373,4.3644387
NCD_BMI_PLUS1C,"Overweight among children and adolescents, BMI-for-age > +1 standard deviations above the median (crude estimate) (%)",1988,Both sexes,2.7325766,1.5438803,4.3772019
NCD_BMI_PLUS1C,"Overweight among children and adolescents, BMI-for-age > +1 standard deviations above the median (crude estimate) (%)",1989,Both sexes,2.8248282,1.6662201,4.3802172
NCD_BMI_PLUS1C,"Overweight among children and adolescents, BMI-for-age > +1 standard deviations above the median (crude estimate) (%)",2023,Both sexes,8.7522961,6.1135236,11.961892
NCD_BMI_PLUS1C,"Overweight among children and adolescents, BMI-for-age > +1 standard deviations above the median (crude estimate) (%)",2024,Both sexes,8.09156,5.4617837,11.338975
NCD_BMI_PLUS1C,"Overweight among children and adolescents, BMI-for-age > +1 standard deviations above the median (crude estimate) (%)",1982,Male,1.3306907,0.28114608,3.7316602
NCD_BMI_PLUS1C,"Overweight among children and adolescents, BMI-for-age > +1 standard deviations above the median (crude estimate) (%)",1984,Male,1.4042226,0.35965801,3.6087945
NCD_BMI_PLUS1C,"Overweight among children and adolescents, BMI-for-age > +1 standard deviations above the median (crude estimate) (%)",1986,Male,2.4992255,0.79623237,5.7064701
NCD_BMI_PLUS1C,"Overweight among children and adolescents, BMI-for-age > +1 standard deviations above the median (crude estimate) (%)",1982,Female,3.1936802,1.0315843,7.0988581
NCD_BMI_PLUS1C,"Overweight among children and adolescents, BMI-for-age > +1 standard deviations above the median (crude estimate) (%)",1984,Female,3.4413822,1.369675,6.9226511
NCD_BMI_PLUS1C,"Overweight among children and adolescents, BMI-for-age > +1 standard deviations above the median (crude estimate) (%)",1986,Female,3.6121666,1.6478153,6.7311987
NCD_BMI_PLUS1C,"Overweight among children and adolescents, BMI-for-age > +1 standard deviations above the median (crude estimate) (%)",1982,Both sexes,2.4674285,1.0496295,4.7084153
NCD_BMI_PLUS1C,"Overweight among children and adolescents, BMI-for-age > +1 standard deviations above the median (crude estimate) (%)",1984,Both sexes,2.5988938,1.2270221,4.6452075
NCD_BMI_PLUS1C,"Overweight among children and adolescents, BMI-for-age > +1 standard deviations above the median (crude estimate) (%)",1986,Both sexes,3.0348303,1.5578597,5.2168254
NCD_BMI_PLUS1C,"Overweight among children and adolescents, BMI-for-age > +1 standard deviations above the median (crude estimate) (%)",1985,Male,1.8464968,0.5410844,4.432575
NCD_BMI_PLUS1C,"Overweight among children and adolescents, BMI-for-age > +1 standard deviations above the median (crude estimate) (%)",1985,Female,3.4700837,1.405365,7.0053592
NCD_BMI_PLUS1C,"Overweight among children and adolescents, BMI-for-age > +1 standard deviations above the median (crude estimate) (%)",1985,Both sexes,2.6743591,1.3291631,4.6120405
NCD_BMI_PLUS2C,"Obesity among children and adolescents, BMI-for-age > +2 standard deviations above the median (crude estimate) (%)",1983,Male,0.18401035,0.008677247,0.8311606
NCD_BMI_PLUS2C,"Obesity among children and adolescents, BMI-for-age > +2 standard deviations above the median (crude estimate) (%)",1983,Female,0.6345083,0.072781835,2.2384062
NCD_BMI_PLUS2C,"Obesity among children and adolescents, BMI-for-age > +2 standard deviations above the median (crude estimate) (%)",1983,Both sexes,0.23513786,0.043900989,0.72161034
NCD_BMI_PLUS2C,"Obesity among children and adolescents, BMI-for-age > +2 standard deviations above the median (crude estimate) (%)",1980,Male,0.22749458,0.005241189,1.1489721
NCD_BMI_PLUS2C,"Obesity among children and adolescents, BMI-for-age > +2 standard deviations above the median (crude estimate) (%)",1981,Male,0.24233169,0.007223534,1.1917176
NCD_BMI_PLUS2C,"Obesity among children and adolescents, BMI-for-age > +2 standard deviations above the median (crude estimate) (%)",1986,Male,0.23549704,0.019890099,0.93518198
NCD_BMI_PLUS2C,"Obesity among children and adolescents, BMI-for-age > +2 standard deviations above the median (crude estimate) (%)",1987,Male,0.1676337,0.014465315,0.64901463
NCD_BMI_PLUS2C,"Obesity among children and adolescents, BMI-for-age > +2 standard deviations above the median (crude estimate) (%)",1988,Male,0.42625894,0.048648118,1.5330304
NCD_BMI_PLUS2C,"Obesity among children and adolescents, BMI-for-age > +2 standard deviations above the median (crude estimate) (%)",1989,Male,0.30886508,0.039418085,1.065531
NCD_BMI_PLUS2C,"Obesity among children and adolescents, BMI-for-age > +2 standard deviations above the median (crude estimate) (%)",2023,Male,4.4243928,1.3838643,9.6096709
NCD_BMI_PLUS2C,"Obesity among children and adolescents, BMI-for-age > +2 standard deviations above the median (crude estimate) (%)",2024,Male,4.6189111,1.3219066,10.398687
NCD_BMI_PLUS2C,"Obesity among children and adolescents, BMI-for-age > +2 standard deviations above the median (crude estimate) (%)",1980,Female,0.31651489,0.021145784,1.3092203
NCD_BMI_PLUS2C,"Obesity among children and adolescents, BMI-for-age > +2 standard deviations above the median (crude estimate) (%)",1981,Female,0.58771563,0.047338102,2.286984
NCD_BMI_PLUS2C,"Obesity among children and adolescents, BMI-for-age > +2 standard deviations above the median (crude estimate) (%)",1986,Female,0.73168082,0.1293024,2.2183012
NCD_BMI_PLUS2C,"Obesity among children and adolescents, BMI-for-age > +2 standard deviations above the median (crude estimate) (%)",1987,Female,0.77159563,0.15511927,2.1926591
NCD_BMI_PLUS2C,"Obesity among children and adolescents, BMI-for-age > +2 standard deviations above the median (crude estimate) (%)",1988,Female,0.81537664,0.18437123,2.198429
NCD_BMI_PLUS2C,"Obesity among children and adolescents, BMI-for-age > +2 standard deviations above the median (crude estimate) (%)",1989,Female,0.86345486,0.21337888,2.2166569
NCD_BMI_PLUS2C,"Obesity among children and adolescents, BMI-for-age > +2 standard deviations above the median (crude estimate) (%)",2023,Female,2.437111,0.94303284,4.8306309
NCD_BMI_PLUS2C,"Obesity among children and adolescents, BMI-for-age > +2 standard deviations above the median (crude estimate) (%)",2024,Female,3.9477665,1.3236377,8.2626715
NCD_BMI_PLUS2C,"Obesity among children and adolescents, BMI-for-age > +2 standard deviations above the median (crude estimate) (%)",1980,Both sexes,0.20696903,0.024510128,0.76124226
NCD_BMI_PLUS2C,"Obesity among children and adolescents, BMI-for-age > +2 standard deviations above the median (crude estimate) (%)",1981,Both sexes,0.41435235,0.06083757,1.3858604
NCD_BMI_PLUS2C,"Obesity among children and adolescents, BMI-for-age > +2 standard deviations above the median (crude estimate) (%)",1986,Both sexes,0.54205805,0.13961573,1.4120764
NCD_BMI_PLUS2C,"Obesity among children and adolescents, BMI-for-age > +2 standard deviations above the median (crude estimate) (%)",1987,Both sexes,0.29851221,0.087415572,0.74382811
NCD_BMI_PLUS2C,"Obesity among children and adolescents, BMI-for-age > +2 standard deviations above the median (crude estimate) (%)",1988,Both sexes,0.61907088,0.18787752,1.4870223
NCD_BMI_PLUS2C,"Obesity among children and adolescents, BMI-for-age > +2 standard deviations above the median (crude estimate) (%)",1989,Both sexes,0.6636342,0.2177059,1.534576
NCD_BMI_PLUS2C,"Obesity among children and adolescents, BMI-for-age > +2 standard deviations above the median (crude estimate) (%)",2023,Both sexes,3.0441178,1.4949641,5.3029828
NCD_BMI_PLUS2C,"Obesity among children and adolescents, BMI-for-age > +2 standard deviations above the median (crude estimate) (%)",2024,Both sexes,3.1512685,1.4318805,5.691139
NCD_BMI_PLUS2C,"Obesity among children and adolescents, BMI-for-age > +2 standard deviations above the median (crude estimate) (%)",1982,Male,0.10960657,0.003549715,0.5371986
NCD_BMI_PLUS2C,"Obesity among children and adolescents, BMI-for-age > +2 standard deviations above the median (crude estimate) (%)",1984,Male,0.19906606,0.011647566,0.85633229
NCD_BMI_PLUS2C,"Obesity among children and adolescents, BMI-for-age > +2 standard deviations above the median (crude estimate) (%)",1982,Female,0.33795356,0.033863142,1.2390556
NCD_BMI_PLUS2C,"Obesity among children and adolescents, BMI-for-age > +2 standard deviations above the median (crude estimate) (%)",1984,Female,0.48833508,0.069379556,1.5673842
NCD_BMI_PLUS2C,"Obesity among children and adolescents, BMI-for-age > +2 standard deviations above the median (crude estimate) (%)",1982,Both sexes,0.43344772,0.072603551,1.3745963
NCD_BMI_PLUS2C,"Obesity among children and adolescents, BMI-for-age > +2 standard deviations above the median (crude estimate) (%)",1984,Both sexes,0.24787667,0.052889565,0.7175284
NCD_BMI_PLUS2C,"Obesity among children and adolescents, BMI-for-age > +2 standard deviations above the median (crude estimate) (%)",1985,Male,0.21610972,0.015279795,0.89459345
NCD_BMI_PLUS2C,"Obesity among children and adolescents, BMI-for-age > +2 standard deviations above the median (crude estimate) (%)",1985,Female,0.69533521,0.10872167,2.2196181
NCD_BMI_PLUS2C,"Obesity among children and adolescents, BMI-for-age > +2 standard deviations above the median (crude estimate) (%)",1985,Both sexes,0.26257474,0.062246359,0.71475254
NUT_BF_CBF,Continued breastfeeding 12-23 months,1990,,72.9,,
NUT_BF_CBF,Continued breastfeeding 12-23 months,2003,,67.5,63.2,71.6
NUT_BF_CBF,Continued breastfeeding 12-23 months,2007,,59.9,57.0,62.7
NUT_BF_CBF,Continued breastfeeding 12-23 months,2008,,64.9,63.1,66.6
NUT_BF_CBF,Continued breastfeeding 12-23 months,2011,,57.9,55.3,60.5
NUT_BF_CBF,Continued breastfeeding 12-23 months,2013,,63.6,61.8,65.3
NUT_BF_CBF,Continued breastfeeding 12-23 months,2016,,66.3,64.3,68.2
NUT_BF_CBF,Continued breastfeeding 12-23 months,2018,,60.7,58.9,62.5
NUT_BF_CBF,Continued breastfeeding 12-23 months,2021,,55.9,53.5,58.3
NUT_BF_CBF,Continued breastfeeding 12-23 months,2024,,57.7,55.9,59.5
NUT_BF_CBF,Continued breastfeeding 12-23 months,2024,Both sexes,57.7,55.9,59.5
NUT_BF_CBF,Continued breastfeeding 12-23 months,2021,Both sexes,55.9,53.5,58.3
NUT_BF_CBF,Continued breastfeeding 12-23 months,2018,Both sexes,60.7,58.9,62.5
NUT_BF_CBF,Continued breastfeeding 12-23 months,2016,Both sexes,66.3,64.3,68.2
NUT_BF_CBF,Continued breastfeeding 12-23 months,2013,Both sexes,63.6,61.8,65.3
NUT_BF_CBF,Continued breastfeeding 12-23 months,2011,Both sexes,57.9,55.3,60.5
NUT_BF_CBF,Continued breastfeeding 12-23 months,2008,Both sexes,64.9,63.1,66.6
NUT_BF_CBF,Continued breastfeeding 12-23 months,2007,Both sexes,59.9,57.0,62.7
NUT_BF_CBF,Continued breastfeeding 12-23 months,2003,Both sexes,67.5,63.2,71.6
NUT_BF_CBF,Continued breastfeeding 12-23 months,1990,Both sexes,72.9,,
NUT_BF_CBF,Continued breastfeeding 12-23 months,2003,Wealth - Bottom 80%,74.4,70.7,77.8
NUT_BF_CBF,Continued breastfeeding 12-23 months,2007,Wealth - Bottom 80%,65.1,62.2,67.9
NUT_BF_CBF,Continued breastfeeding 12-23 months,2008,Wealth - Bottom 80%,70.8,69.1,72.5
NUT_BF_CBF,Continued breastfeeding 12-23 months,2011,Wealth - Bottom 80%,62.9,60.3,65.4
NUT_BF_CBF,Continued breastfeeding 12-23 months,2013,Wealth - Bottom 80%,69.0,67.2,70.7
NUT_BF_CBF,Continued breastfeeding 12-23 months,2016,Wealth - Bottom 80%,70.4,68.1,72.5
NUT_BF_CBF,Continued breastfeeding 12-23 months,2018,Wealth - Bottom 80%,66.7,64.9,68.5
NUT_BF_CBF,Continued breastfeeding 12-23 months,2021,Wealth - Bottom 80%,59.9,57.7,62.1
NUT_BF_CBF,Continued breastfeeding 12-23 months,2024,Wealth - Bottom 80%,61.8,59.8,63.8
NUT_BF_CBF,Continued breastfeeding 12-23 months,2024,Rural,65.6,63.1,68.0
NUT_BF_CBF,Continued breastfeeding 12-23 months,2021,Rural,64.2,62.0,66.4
NUT_BF_CBF,Continued breastfeeding 12-23 months,2018,Rural,70.3,68.2,72.3
NUT_BF_CBF,Continued breastfeeding 12-23 months,2016,Rural,70.8,68.4,73.0
NUT_BF_CBF,Continued breastfeeding 12-23 months,2013,Rural,70.7,68.7,72.6
NUT_BF_CBF,Continued breastfeeding 12-23 months,2011,Rural,63.8,61.4,66.2
NUT_BF_CBF,Continued breastfeeding 12-23 months,2008,Rural,70.5,68.5,72.4
NUT_BF_CBF,Continued breastfeeding 12-23 months,2007,Rural,65.5,62.4,68.5
NUT_BF_CBF,Continued breastfeeding 12-23 months,2003,Rural,73.2,67.7,78.2
NUT_BF_CBF,Continued breastfeeding 12-23 months,2003,Secondary education,49.3,39.5,59.2
NUT_BF_CBF,Continued breastfeeding 12-23 months,2007,Secondary education,39.4,35.1,43.9
NUT_BF_CBF,Continued breastfeeding 12-23 months,2008,Secondary education,44.3,40.8,47.9
NUT_BF_CBF,Continued breastfeeding 12-23 months,2011,Secondary education,38.5,34.8,42.5
NUT_BF_CBF,Continued breastfeeding 12-23 months,2013,Secondary education,45.0,41.8,48.1
NUT_BF_CBF,Continued breastfeeding 12-23 months,2016,Secondary education,50.5,47.1,54.0
NUT_BF_CBF,Continued breastfeeding 12-23 months,2018,Secondary education,42.5,39.8,45.3
NUT_BF_CBF,Continued breastfeeding 12-23 months,2021,Secondary education,42.9,39.5,46.3
NUT_BF_CBF,Continued breastfeeding 12-23 months,2024,Secondary education,46.6,43.7,49.6
NUT_BF_CBF,Continued breastfeeding 12-23 months,2024,Wealth - Top 60%,46.6,44.1,49.0
NUT_BF_CBF,Continued breastfeeding 12-23 months,2021,Wealth - Top 60%,44.4,41.1,47.8
NUT_BF_CBF,Continued breastfeeding 12-23 months,2018,Wealth - Top 60%,47.0,44.6,49.5
NUT_BF_CBF,Continued breastfeeding 12-23 months,2016,Wealth - Top 60%,56.7,54.0,59.4
NUT_BF_CBF,Continued breastfeeding 12-23 months,2013,Wealth - Top 60%,51.1,48.7,53.5
NUT_BF_CBF,Continued breastfeeding 12-23 months,2011,Wealth - Top 60%,44.8,41.4,48.3
NUT_BF_CBF,Continued breastfeeding 12-23 months,2008,Wealth - Top 60%,52.9,50.3,55.4
NUT_BF_CBF,Continued breastfeeding 12-23 months,2007,Wealth - Top 60%,52.3,48.7,55.9
NUT_BF_CBF,Continued breastfeeding 12-23 months,2003,Wealth - Top 60%,59.1,52.7,65.2
NUT_BF_CBF,Continued breastfeeding 12-23 months,2003,Wealth - Top 80%,63.9,58.6,68.9
NUT_BF_CBF,Continued breastfeeding 12-23 months,2007,Wealth - Top 80%,57.5,54.4,60.5
NUT_BF_CBF,Continued breastfeeding 12-23 months,2008,Wealth - Top 80%,59.2,57.0,61.3
NUT_BF_CBF,Continued breastfeeding 12-23 months,2011,Wealth - Top 80%,52.5,49.4,55.6
NUT_BF_CBF,Continued breastfeeding 12-23 months,2013,Wealth - Top 80%,58.2,56.1,60.2
NUT_BF_CBF,Continued breastfeeding 12-23 months,2016,Wealth - Top 80%,62.3,60.0,64.5
NUT_BF_CBF,Continued breastfeeding 12-23 months,2018,Wealth - Top 80%,54.6,52.4,56.7
NUT_BF_CBF,Continued breastfeeding 12-23 months,2021,Wealth - Top 80%,50.0,47.3,52.8
NUT_BF_CBF,Continued breastfeeding 12-23 months,2024,Wealth - Top 80%,52.8,50.7,54.9
NUT_BF_CBF,Continued breastfeeding 12-23 months,2024,Q3,55.5,51.3,59.7
NUT_BF_CBF,Continued breastfeeding 12-23 months,2021,Q3,54.1,50.1,58.2
NUT_BF_CBF,Continued breastfeeding 12-23 months,2018,Q3,57.8,54.0,61.5
NUT_BF_CBF,Continued breastfeeding 12-23 months,2016,Q3,69.4,65.1,73.3
NUT_BF_CBF,Continued breastfeeding 12-23 months,2013,Q3,59.5,55.8,63.0
NUT_BF_CBF,Continued breastfeeding 12-23 months,2011,Q3,51.9,47.0,56.7
NUT_BF_CBF,Continued breastfeeding 12-23 months,2008,Q3,66.3,62.7,69.7
NUT_BF_CBF,Continued breastfeeding 12-23 months,2007,Q3,65.9,61.0,70.4
NUT_BF_CBF,Continued breastfeeding 12-23 months,2003,Q3,72.3,63.3,79.9
NUT_BF_CBF,Continued breastfeeding 12-23 months,2003,Female,68.1,62.1,73.5
NUT_BF_CBF,Continued breastfeeding 12-23 months,2007,Female,60.8,57.0,64.4
NUT_BF_CBF,Continued breastfeeding 12-23 months,2008,Female,66.8,64.5,69.1
NUT_BF_CBF,Continued breastfeeding 12-23 months,2011,Female,59.7,56.6,62.8
NUT_BF_CBF,Continued breastfeeding 12-23 months,2013,Female,64.3,62.0,66.6
NUT_BF_CBF,Continued breastfeeding 12-23 months,2016,Female,66.3,63.7,68.7
NUT_BF_CBF,Continued breastfeeding 12-23 months,2018,Female,62.4,60.1,64.7
NUT_BF_CBF,Continued breastfeeding 12-23 months,2021,Female,56.0,53.0,59.0
NUT_BF_CBF,Continued breastfeeding 12-23 months,2024,Female,57.2,54.6,59.7
NUT_BF_CBF,Continued breastfeeding 12-23 months,2024,Primary,58.9,54.1,63.6
NUT_BF_CBF,Continued breastfeeding 12-23 months,2021,Primary,57.4,52.9,61.8
NUT_BF_CBF,Continued breastfeeding 12-23 months,2018,Primary,60.4,56.5,64.2
NUT_BF_CBF,Continued breastfeeding 12-23 months,2016,Primary,65.9,62.1,69.5
NUT_BF_CBF,Continued breastfeeding 12-23 months,2013,Primary,60.8,57.1,64.3
NUT_BF_CBF,Continued breastfeeding 12-23 months,2011,Primary,56.6,52.5,60.6
NUT_BF_CBF,Continued breastfeeding 12-23 months,2008,Primary,64.2,60.8,67.5
NUT_BF_CBF,Continued breastfeeding 12-23 months,2007,Primary,56.8,52.2,61.2
NUT_BF_CBF,Continued breastfeeding 12-23 months,2003,Primary,64.3,54.1,73.3
NUT_BF_CBF,Continued breastfeeding 12-23 months,1990,Total,72.9,,
NUT_BF_CBF,Continued breastfeeding 12-23 months,2003,Total,67.5,63.2,71.6
NUT_BF_CBF,Continued breastfeeding 12-23 months,2007,Total,59.9,57.0,62.7
NUT_BF_CBF,Continued breastfeeding 12-23 months,2008,Total,64.9,63.1,66.6
NUT_BF_CBF,Continued breastfeeding 12-23 months,2011,Total,57.9,55.3,60.5
NUT_BF_CBF,Continued breastfeeding 12-23 months,2013,Total,63.6,61.8,65.3
NUT_BF_CBF,Continued breastfeeding 12-23 months,2016,Total,66.3,64.3,68.2
NUT_BF_CBF,Continued breastfeeding 12-23 months,2018,Total,60.7,58.9,62.5
NUT_BF_CBF,Continued breastfeeding 12-23 months,2021,Total,55.9,53.5,58.3
NUT_BF_CBF,Continued breastfeeding 12-23 months,2024,Total,57.7,55.9,59.5
NUT_BF_CBF,Continued breastfeeding 12-23 months,2003,Higher education,53.5,27.6,77.6
NUT_BF_CBF,Continued breastfeeding 12-23 months,2008,Higher education,32.3,26.4,38.8
NUT_BF_CBF,Continued breastfeeding 12-23 months,2013,Higher education,35.4,30.0,41.1
NUT_BF_CBF,Continued breastfeeding 12-23 months,2016,Higher education,41.7,36.1,47.5
NUT_BF_CBF,Continued breastfeeding 12-23 months,2018,Higher education,31.7,26.1,38.0
NUT_BF_CBF,Continued breastfeeding 12-23 months,2021,Higher education,31.5,24.6,39.3
NUT_BF_CBF,Continued breastfeeding 12-23 months,2024,Higher education,34.1,29.7,38.9
NUT_BF_CBF,Continued breastfeeding 12-23 months,2024,Q1 (Poorest),73.6,70.3,76.6
NUT_BF_CBF,Continued breastfeeding 12-23 months,2021,Q1 (Poorest),75.0,71.7,78.0
NUT_BF_CBF,Continued breastfeeding 12-23 months,2018,Q1 (Poorest),81.9,79.3,84.1
NUT_BF_CBF,Continued breastfeeding 12-23 months,2016,Q1 (Poorest),80.3,77.4,83.0
NUT_BF_CBF,Continued breastfeeding 12-23 months,2013,Q1 (Poorest),81.2,78.6,83.6
NUT_BF_CBF,Continued breastfeeding 12-23 months,2011,Q1 (Poorest),76.6,72.9,80.0
NUT_BF_CBF,Continued breastfeeding 12-23 months,2008,Q1 (Poorest),82.8,80.1,85.1
NUT_BF_CBF,Continued breastfeeding 12-23 months,2007,Q1 (Poorest),69.9,63.8,75.3
NUT_BF_CBF,Continued breastfeeding 12-23 months,2003,Q1 (Poorest),81.0,73.6,86.8
NUT_BF_CBF,Continued breastfeeding 12-23 months,2003,Wealth - Bottom 60%,76.8,72.3,80.8
NUT_BF_CBF,Continued breastfeeding 12-23 months,2007,Wealth - Bottom 60%,69.4,66.2,72.5
NUT_BF_CBF,Continued breastfeeding 12-23 months,2008,Wealth - Bottom 60%,75.2,73.4,76.9
NUT_BF_CBF,Continued breastfeeding 12-23 months,2011,Wealth - Bottom 60%,68.1,65.6,70.4
NUT_BF_CBF,Continued breastfeeding 12-23 months,2013,Wealth - Bottom 60%,72.8,70.8,74.6
NUT_BF_CBF,Continued breastfeeding 12-23 months,2016,Wealth - Bottom 60%,75.7,73.8,77.6
NUT_BF_CBF,Continued breastfeeding 12-23 months,2018,Wealth - Bottom 60%,71.7,69.7,73.6
NUT_BF_CBF,Continued breastfeeding 12-23 months,2021,Wealth - Bottom 60%,64.7,62.4,66.9
NUT_BF_CBF,Continued breastfeeding 12-23 months,2024,Wealth - Bottom 60%,66.4,64.1,68.6
NUT_BF_CBF,Continued breastfeeding 12-23 months,2003,Q4,66.0,58.0,73.1
NUT_BF_CBF,Continued breastfeeding 12-23 months,2007,Q4,52.2,46.9,57.4
NUT_BF_CBF,Continued breastfeeding 12-23 months,2008,Q4,55.0,51.1,58.8
NUT_BF_CBF,Continued breastfeeding 12-23 months,2011,Q4,46.6,40.9,52.4
NUT_BF_CBF,Continued breastfeeding 12-23 months,2013,Q4,55.2,51.4,59.0
NUT_BF_CBF,Continued breastfeeding 12-23 months,2016,Q4,52.3,48.0,56.4
NUT_BF_CBF,Continued breastfeeding 12-23 months,2018,Q4,49.6,45.6,53.5
NUT_BF_CBF,Continued breastfeeding 12-23 months,2021,Q4,41.9,36.7,47.2
NUT_BF_CBF,Continued breastfeeding 12-23 months,2024,Q4,46.2,42.5,50.0
NUT_BF_CBF,Continued breastfeeding 12-23 months,2024,None and primary education,68.9,66.5,71.2
NUT_BF_CBF,Continued breastfeeding 12-23 months,2021,None and primary education,69.6,67.2,71.9
NUT_BF_CBF,Continued breastfeeding 12-23 months,2018,None and primary education,75.4,73.4,77.2
NUT_BF_CBF,Continued breastfeeding 12-23 months,2016,None and primary education,73.3,70.9,75.7
NUT_BF_CBF,Continued breastfeeding 12-23 months,2013,None and primary education,73.9,72.0,75.7
NUT_BF_CBF,Continued breastfeeding 12-23 months,2011,None and primary education,70.8,68.3,73.2
NUT_BF_CBF,Continued breastfeeding 12-23 months,2008,None and primary education,75.2,73.5,76.9
NUT_BF_CBF,Continued breastfeeding 12-23 months,2007,None and primary education,67.3,64.1,70.3
NUT_BF_CBF,Continued breastfeeding 12-23 months,2003,None and primary education,73.6,68.9,77.7
NUT_BF_CBF,Continued breastfeeding 12-23 months,2003,Secondary or higher,49.9,42.2,57.6
NUT_BF_CBF,Continued breastfeeding 12-23 months,2007,Secondary or higher,39.4,35.1,43.9
NUT_BF_CBF,Continued breastfeeding 12-23 months,2008,Secondary or higher,42.0,38.9,45.2
NUT_BF_CBF,Continued breastfeeding 12-23 months,2011,Secondary or higher,38.5,34.8,42.5
NUT_BF_CBF,Continued breastfeeding 12-23 months,2013,Secondary or higher,42.9,40.2,45.8
NUT_BF_CBF,Continued breastfeeding 12-23 months,2016,Secondary or higher,48.6,45.6,51.6
NUT_BF_CBF,Continued breastfeeding 12-23 months,2018,Secondary or higher,40.2,37.6,42.8
NUT_BF_CBF,Continued breastfeeding 12-23 months,2021,Secondary or higher,40.0,36.7,43.5
NUT_BF_CBF,Continued breastfeeding 12-23 months,2024,Secondary or higher,43.6,41.0,46.2
NUT_BF_CBF,Continued breastfeeding 12-23 months,2024,Male,58.2,55.8,60.6
NUT_BF_CBF,Continued breastfeeding 12-23 months,2021,Male,55.8,52.6,58.9
NUT_BF_CBF,Continued breastfeeding 12-23 months,2018,Male,59.2,56.9,61.5
NUT_BF_CBF,Continued breastfeeding 12-23 months,2016,Male,66.3,63.6,68.9
NUT_BF_CBF,Continued breastfeeding 12-23 months,2013,Male,62.8,60.5,65.1
NUT_BF_CBF,Continued breastfeeding 12-23 months,2011,Male,56.2,52.9,59.4
NUT_BF_CBF,Continued breastfeeding 12-23 months,2008,Male,62.8,60.5,65.1
NUT_BF_CBF,Continued breastfeeding 12-23 months,2007,Male,59.0,55.5,62.4
NUT_BF_CBF,Continued breastfeeding 12-23 months,2003,Male,67.0,61.2,72.4
NUT_BF_CBF,Continued breastfeeding 12-23 months,2003,Q2,77.2,70.1,83.1
NUT_BF_CBF,Continued breastfeeding 12-23 months,2007,Q2,72.4,68.1,76.4
NUT_BF_CBF,Continued breastfeeding 12-23 months,2008,Q2,74.4,71.4,77.2
NUT_BF_CBF,Continued breastfeeding 12-23 months,2011,Q2,73.5,70.1,76.6
NUT_BF_CBF,Continued breastfeeding 12-23 months,2013,Q2,74.9,71.8,77.9
NUT_BF_CBF,Continued breastfeeding 12-23 months,2016,Q2,76.6,73.8,79.2
NUT_BF_CBF,Continued breastfeeding 12-23 months,2018,Q2,73.9,70.8,76.7
NUT_BF_CBF,Continued breastfeeding 12-23 months,2021,Q2,62.8,59.1,66.4
NUT_BF_CBF,Continued breastfeeding 12-23 months,2024,Q2,68.0,64.2,71.5
NUT_BF_CBF,Continued breastfeeding 12-23 months,2024,Wealth - Top 40%,41.7,39.0,44.5
NUT_BF_CBF,Continued breastfeeding 12-23 months,2021,Wealth - Top 40%,39.1,34.8,43.4
NUT_BF_CBF,Continued breastfeeding 12-23 months,2018,Wealth - Top 40%,41.1,38.2,44.1
NUT_BF_CBF,Continued breastfeeding 12-23 months,2016,Wealth - Top 40%,50.3,47.4,53.2
NUT_BF_CBF,Continued breastfeeding 12-23 months,2013,Wealth - Top 40%,46.7,43.9,49.6
NUT_BF_CBF,Continued breastfeeding 12-23 months,2011,Wealth - Top 40%,41.3,37.1,45.7
NUT_BF_CBF,Continued breastfeeding 12-23 months,2008,Wealth - Top 40%,45.6,42.5,48.8
NUT_BF_CBF,Continued breastfeeding 12-23 months,2007,Wealth - Top 40%,45.7,41.5,50.0
NUT_BF_CBF,Continued breastfeeding 12-23 months,2003,Wealth - Top 40%,50.7,43.9,57.6
NUT_BF_CBF,Continued breastfeeding 12-23 months,2003,Urban,55.1,47.9,62.0
NUT_BF_CBF,Continued breastfeeding 12-23 months,2007,Urban,46.5,41.1,52.0
NUT_BF_CBF,Continued breastfeeding 12-23 months,2008,Urban,51.7,48.2,55.2
NUT_BF_CBF,Continued breastfeeding 12-23 months,2011,Urban,45.5,39.5,51.5
NUT_BF_CBF,Continued breastfeeding 12-23 months,2013,Urban,50.6,47.4,53.7
NUT_BF_CBF,Continued breastfeeding 12-23 months,2016,Urban,56.3,52.7,59.9
NUT_BF_CBF,Continued breastfeeding 12-23 months,2018,Urban,46.0,43.1,48.8
NUT_BF_CBF,Continued breastfeeding 12-23 months,2021,Urban,41.2,36.7,45.9
NUT_BF_CBF,Continued breastfeeding 12-23 months,2024,Urban,45.8,43.2,48.5
NUT_BF_CBF,Continued breastfeeding 12-23 months,2024,Q5 (Richest),36.6,32.8,40.5
NUT_BF_CBF,Continued breastfeeding 12-23 months,2021,Q5 (Richest),36.1,30.1,42.6
NUT_BF_CBF,Continued breastfeeding 12-23 months,2018,Q5 (Richest),31.9,28.0,36.0
NUT_BF_CBF,Continued breastfeeding 12-23 months,2016,Q5 (Richest),48.4,44.2,52.6
NUT_BF_CBF,Continued breastfeeding 12-23 months,2013,Q5 (Richest),38.1,34.4,41.9
NUT_BF_CBF,Continued breastfeeding 12-23 months,2011,Q5 (Richest),35.6,30.6,41.0
NUT_BF_CBF,Continued breastfeeding 12-23 months,2008,Q5 (Richest),35.7,31.6,40.1
NUT_BF_CBF,Continued breastfeeding 12-23 months,2007,Q5 (Richest),39.4,34.0,45.0
NUT_BF_CBF,Continued breastfeeding 12-23 months,2003,Q5 (Richest),34.7,26.8,43.5
NUT_BF_CBF,Continued breastfeeding 12-23 months,2003,Wealth - Bottom 40%,79.2,74.0,83.6
NUT_BF_CBF,Continued breastfeeding 12-23 months,2007,Wealth - Bottom 40%,71.2,67.1,75.0
NUT_BF_CBF,Continued breastfeeding 12-23 months,2008,Wealth - Bottom 40%,78.7,76.7,80.6
NUT_BF_CBF,Continued breastfeeding 12-23 months,2011,Wealth - Bottom 40%,75.1,72.6,77.5
NUT_BF_CBF,Continued breastfeeding 12-23 months,2013,Wealth - Bottom 40%,78.1,76.0,80.1
NUT_BF_CBF,Continued breastfeeding 12-23 months,2016,Wealth - Bottom 40%,78.5,76.4,80.4
NUT_BF_CBF,Continued breastfeeding 12-23 months,2018,Wealth - Bottom 40%,77.9,76.0,79.8
NUT_BF_CBF,Continued breastfeeding 12-23 months,2021,Wealth - Bottom 40%,68.9,66.2,71.5
NUT_BF_CBF,Continued breastfeeding 12-23 months,2024,Wealth - Bottom 40%,70.9,68.3,73.3
NUT_BF_EBF,Exclusive breastfeeding under six months,2024,,28.8,26.5,31.2
NUT_BF_EBF,Exclusive breastfeeding under six months,2003,,15.6,11.7,20.5
NUT_BF_EBF,Exclusive breastfeeding under six months,2016,,23.3,20.9,26.0
NUT_BF_EBF,Exclusive breastfeeding under six months,2021,,34.4,31.6,37.2
NUT_BF_EBF,Exclusive breastfeeding under six months,1990,,1.7,,
NUT_BF_EBF,Exclusive breastfeeding under six months,2008,,12.5,11.1,14.2
NUT_BF_EBF,Exclusive breastfeeding under six months,2011,,14.7,12.7,16.8
NUT_BF_EBF,Exclusive breastfeeding under six months,2007,,11.5,9.6,13.7
NUT_BF_EBF,Exclusive breastfeeding under six months,2018,,28.7,26.8,30.6
NUT_BF_EBF,Exclusive breastfeeding under six months,1999,,15.4,,
NUT_BF_EBF,Exclusive breastfeeding under six months,2013,,16.9,15.1,18.9
NUT_BF_EBF,Exclusive breastfeeding under six months,2018,Both sexes,28.7,26.8,30.6
NUT_BF_EBF,Exclusive breastfeeding under six months,2013,Both sexes,16.9,15.1,18.9
NUT_BF_EBF,Exclusive breastfeeding under six months,1999,Both sexes,15.4,,
NUT_BF_EBF,Exclusive breastfeeding under six months,2007,Both sexes,11.5,9.6,13.7
NUT_BF_EBF,Exclusive breastfeeding under six months,1990,Both sexes,1.7,,
NUT_BF_EBF,Exclusive breastfeeding under six months,2008,Both sexes,12.5,11.1,14.2
NUT_BF_EBF,Exclusive breastfeeding under six months,2021,Both sexes,34.4,31.6,37.2
NUT_BF_EBF,Exclusive breastfeeding under six months,2011,Both sexes,14.7,12.7,16.8
NUT_BF_EBF,Exclusive breastfeeding under six months,2016,Both sexes,23.3,20.9,26.0
NUT_BF_EBF,Exclusive breastfeeding under six months,2024,Both sexes,28.8,26.5,31.2
NUT_BF_EBF,Exclusive breastfeeding under six months,2003,Both sexes,15.6,11.7,20.5
NUT_BF_EBF,Exclusive breastfeeding under six months,2016,Wealth - Bottom 80%,21.3,18.7,24.3
NUT_BF_EBF,Exclusive breastfeeding under six months,2003,Wealth - Bottom 80%,12.7,9.1,17.5
NUT_BF_EBF,Exclusive breastfeeding under six months,2021,Wealth - Bottom 80%,32.8,30.3,35.5
NUT_BF_EBF,Exclusive breastfeeding under six months,2011,Wealth - Bottom 80%,13.2,11.2,15.5
NUT_BF_EBF,Exclusive breastfeeding under six months,2024,Wealth - Bottom 80%,27.4,24.9,30.0
NUT_BF_EBF,Exclusive breastfeeding under six months,2008,Wealth - Bottom 80%,10.8,9.3,12.5
NUT_BF_EBF,Exclusive breastfeeding under six months,2018,Wealth - Bottom 80%,26.1,24.1,28.1
NUT_BF_EBF,Exclusive breastfeeding under six months,2007,Wealth - Bottom 80%,10.4,8.5,12.7
NUT_BF_EBF,Exclusive breastfeeding under six months,2013,Wealth - Bottom 80%,12.9,11.3,14.7
NUT_BF_EBF,Exclusive breastfeeding under six months,2018,2 to 3 months,29.1,25.9,32.6
NUT_BF_EBF,Exclusive breastfeeding under six months,2007,2 to 3 months,9.6,7.0,13.2
NUT_BF_EBF,Exclusive breastfeeding under six months,2013,2 to 3 months,18.1,15.4,21.0
NUT_BF_EBF,Exclusive breastfeeding under six months,1990,2 to 3 months,2.3,,
NUT_BF_EBF,Exclusive breastfeeding under six months,2024,2 to 3 months,30.1,26.3,34.1
NUT_BF_EBF,Exclusive breastfeeding under six months,2003,2 to 3 months,17.2,11.7,24.5
NUT_BF_EBF,Exclusive breastfeeding under six months,2008,2 to 3 months,13.6,11.4,16.2
NUT_BF_EBF,Exclusive breastfeeding under six months,2021,2 to 3 months,38.5,33.6,43.6
NUT_BF_EBF,Exclusive breastfeeding under six months,2016,2 to 3 months,26.0,22.5,29.8
NUT_BF_EBF,Exclusive breastfeeding under six months,2011,2 to 3 months,14.5,11.7,17.9
NUT_BF_EBF,Exclusive breastfeeding under six months,2021,Rural,30.7,28.2,33.4
NUT_BF_EBF,Exclusive breastfeeding under six months,2008,Rural,10.1,8.5,11.9
NUT_BF_EBF,Exclusive breastfeeding under six months,2011,Rural,12.5,10.5,14.7
NUT_BF_EBF,Exclusive breastfeeding under six months,2024,Rural,25.5,22.6,28.6
NUT_BF_EBF,Exclusive breastfeeding under six months,2003,Rural,13.5,9.0,19.9
NUT_BF_EBF,Exclusive breastfeeding under six months,2016,Rural,20.5,18.3,22.9
NUT_BF_EBF,Exclusive breastfeeding under six months,2007,Rural,10.6,8.6,12.9
NUT_BF_EBF,Exclusive breastfeeding under six months,2013,Rural,11.5,9.8,13.5
NUT_BF_EBF,Exclusive breastfeeding under six months,2018,Rural,24.3,22.1,26.7
NUT_BF_EBF,Exclusive breastfeeding under six months,1999,Total (All ages),15.4,,
NUT_BF_EBF,Exclusive breastfeeding under six months,2013,Total (All ages),16.9,15.1,18.9
NUT_BF_EBF,Exclusive breastfeeding under six months,2018,Total (All ages),28.7,26.8,30.6
NUT_BF_EBF,Exclusive breastfeeding under six months,2007,Total (All ages),11.5,9.6,13.7
NUT_BF_EBF,Exclusive breastfeeding under six months,2011,Total (All ages),14.7,12.7,16.8
NUT_BF_EBF,Exclusive breastfeeding under six months,2021,Total (All ages),34.4,31.6,37.2
NUT_BF_EBF,Exclusive breastfeeding under six months,2008,Total (All ages),12.5,11.1,14.2
NUT_BF_EBF,Exclusive breastfeeding under six months,2003,Total (All ages),15.6,11.7,20.5
NUT_BF_EBF,Exclusive breastfeeding under six months,1990,Total (All ages),1.7,,
NUT_BF_EBF,Exclusive breastfeeding under six months,2024,Total (All ages),28.8,26.5,31.2
NUT_BF_EBF,Exclusive breastfeeding under six months,2016,Total (All ages),23.3,20.9,26.0
NUT_BF_EBF,Exclusive breastfeeding under six months,2011,Secondary education,20.7,17.4,24.5
NUT_BF_EBF,Exclusive breastfeeding under six months,2021,Secondary education,38.1,32.9,43.6
NUT_BF_EBF,Exclusive breastfeeding under six months,2024,Secondary education,34.1,30.5,38.0
NUT_BF_EBF,Exclusive breastfeeding under six months,2003,Secondary education,28.4,18.4,41.0
NUT_BF_EBF,Exclusive breastfeeding under six months,2008,Secondary education,17.8,15.0,21.0
NUT_BF_EBF,Exclusive breastfeeding under six months,2016,Secondary education,29.9,26.0,34.2
NUT_BF_EBF,Exclusive breastfeeding under six months,2007,Secondary education,17.9,13.6,23.2
NUT_BF_EBF,Exclusive breastfeeding under six months,2013,Secondary education,28.9,25.0,33.1
NUT_BF_EBF,Exclusive breastfeeding under six months,2018,Secondary education,38.7,35.1,42.4
NUT_BF_EBF,Exclusive breastfeeding under six months,2007,Wealth - Top 60%,12.4,10.0,15.3
NUT_BF_EBF,Exclusive breastfeeding under six months,2018,Wealth - Top 60%,34.3,31.6,37.1
NUT_BF_EBF,Exclusive breastfeeding under six months,2013,Wealth - Top 60%,25.0,22.2,28.0
NUT_BF_EBF,Exclusive breastfeeding under six months,2003,Wealth - Top 60%,21.8,15.7,29.5
NUT_BF_EBF,Exclusive breastfeeding under six months,2021,Wealth - Top 60%,39.3,34.8,44.1
NUT_BF_EBF,Exclusive breastfeeding under six months,2024,Wealth - Top 60%,33.6,30.4,37.0
NUT_BF_EBF,Exclusive breastfeeding under six months,2016,Wealth - Top 60%,27.7,24.0,31.6
NUT_BF_EBF,Exclusive breastfeeding under six months,2011,Wealth - Top 60%,18.2,15.2,21.6
NUT_BF_EBF,Exclusive breastfeeding under six months,2008,Wealth - Top 60%,17.2,15.0,19.7
NUT_BF_EBF,Exclusive breastfeeding under six months,2021,Wealth - Top 80%,35.4,32.0,38.9
NUT_BF_EBF,Exclusive breastfeeding under six months,2016,Wealth - Top 80%,25.3,22.5,28.3
NUT_BF_EBF,Exclusive breastfeeding under six months,2024,Wealth - Top 80%,30.6,27.9,33.5
NUT_BF_EBF,Exclusive breastfeeding under six months,2003,Wealth - Top 80%,17.1,12.4,23.2
NUT_BF_EBF,Exclusive breastfeeding under six months,2011,Wealth - Top 80%,16.1,13.8,18.7
NUT_BF_EBF,Exclusive breastfeeding under six months,2008,Wealth - Top 80%,14.3,12.6,16.2
NUT_BF_EBF,Exclusive breastfeeding under six months,2007,Wealth - Top 80%,12.1,10.0,14.5
NUT_BF_EBF,Exclusive breastfeeding under six months,2013,Wealth - Top 80%,20.6,18.4,23.0
NUT_BF_EBF,Exclusive breastfeeding under six months,2018,Wealth - Top 80%,30.1,28.0,32.3
NUT_BF_EBF,Exclusive breastfeeding under six months,2013,Q3,15.4,12.2,19.2
NUT_BF_EBF,Exclusive breastfeeding under six months,2018,Q3,27.7,23.6,32.2
NUT_BF_EBF,Exclusive breastfeeding under six months,2007,Q3,10.2,7.2,14.1
NUT_BF_EBF,Exclusive breastfeeding under six months,2021,Q3,32.9,27.8,38.4
NUT_BF_EBF,Exclusive breastfeeding under six months,2024,Q3,28.9,24.0,34.4
NUT_BF_EBF,Exclusive breastfeeding under six months,2016,Q3,23.3,17.2,30.9
NUT_BF_EBF,Exclusive breastfeeding under six months,2008,Q3,11.8,9.1,15.2
NUT_BF_EBF,Exclusive breastfeeding under six months,2011,Q3,12.4,9.4,16.2
NUT_BF_EBF,Exclusive breastfeeding under six months,2003,Q3,16.7,9.7,27.4
NUT_BF_EBF,Exclusive breastfeeding under six months,2008,Female,13.3,11.4,15.5
NUT_BF_EBF,Exclusive breastfeeding under six months,2003,Female,16.2,12.0,21.5
NUT_BF_EBF,Exclusive breastfeeding under six months,2016,Female,23.6,19.8,27.7
NUT_BF_EBF,Exclusive breastfeeding under six months,2021,Female,32.8,29.1,36.8
NUT_BF_EBF,Exclusive breastfeeding under six months,2024,Female,24.3,21.6,27.2
NUT_BF_EBF,Exclusive breastfeeding under six months,2011,Female,13.9,11.6,16.5
NUT_BF_EBF,Exclusive breastfeeding under six months,2018,Female,28.2,25.6,31.0
NUT_BF_EBF,Exclusive breastfeeding under six months,2007,Female,12.2,9.6,15.5
NUT_BF_EBF,Exclusive breastfeeding under six months,2013,Female,18.6,16.0,21.5
NUT_BF_EBF,Exclusive breastfeeding under six months,2007,Primary,12.2,9.0,16.3
NUT_BF_EBF,Exclusive breastfeeding under six months,2018,Primary,24.3,20.3,28.8
NUT_BF_EBF,Exclusive breastfeeding under six months,2013,Primary,19.6,15.7,24.1
NUT_BF_EBF,Exclusive breastfeeding under six months,2008,Primary,13.0,10.4,16.1
NUT_BF_EBF,Exclusive breastfeeding under six months,2003,Primary,15.1,8.6,25.2
NUT_BF_EBF,Exclusive breastfeeding under six months,2011,Primary,18.5,13.7,24.5
NUT_BF_EBF,Exclusive breastfeeding under six months,2021,Primary,32.0,26.0,38.7
NUT_BF_EBF,Exclusive breastfeeding under six months,2024,Primary,26.1,20.1,33.2
NUT_BF_EBF,Exclusive breastfeeding under six months,2016,Primary,20.6,16.5,25.4
NUT_BF_EBF,Exclusive breastfeeding under six months,2011,Total,14.7,12.7,16.8
NUT_BF_EBF,Exclusive breastfeeding under six months,2024,Total,28.8,26.5,31.2
NUT_BF_EBF,Exclusive breastfeeding under six months,2016,Total,23.3,20.9,26.0
NUT_BF_EBF,Exclusive breastfeeding under six months,2003,Total,15.6,11.7,20.5
NUT_BF_EBF,Exclusive breastfeeding under six months,1990,Total,1.7,,
NUT_BF_EBF,Exclusive breastfeeding under six months,2021,Total,34.4,31.6,37.2
NUT_BF_EBF,Exclusive breastfeeding under six months,2008,Total,12.5,11.1,14.2
NUT_BF_EBF,Exclusive breastfeeding under six months,2013,Total,16.9,15.1,18.9
NUT_BF_EBF,Exclusive breastfeeding under six months,2007,Total,11.5,9.6,13.7
NUT_BF_EBF,Exclusive breastfeeding under six months,1999,Total,15.4,,
NUT_BF_EBF,Exclusive breastfeeding under six months,2018,Total,28.7,26.8,30.6
NUT_BF_EBF,Exclusive breastfeeding under six months,2016,Higher education,39.8,30.5,49.9
NUT_BF_EBF,Exclusive breastfeeding under six months,2021,Higher education,51.1,40.7,61.4
NUT_BF_EBF,Exclusive breastfeeding under six months,2024,Higher education,43.5,37.0,50.2
NUT_BF_EBF,Exclusive breastfeeding under six months,2008,Higher education,32.0,23.9,41.3
NUT_BF_EBF,Exclusive breastfeeding under six months,2013,Higher education,35.1,27.7,43.3
NUT_BF_EBF,Exclusive breastfeeding under six months,2018,Higher education,43.3,36.8,50.1
NUT_BF_EBF,Exclusive breastfeeding under six months,2013,Q1 (Poorest),5.1,3.5,7.5
NUT_BF_EBF,Exclusive breastfeeding under six months,2018,Q1 (Poorest),23.2,20.0,26.8
NUT_BF_EBF,Exclusive breastfeeding under six months,2007,Q1 (Poorest),9.0,6.0,13.4
NUT_BF_EBF,Exclusive breastfeeding under six months,2024,Q1 (Poorest),23.3,19.6,27.5
NUT_BF_EBF,Exclusive breastfeeding under six months,2021,Q1 (Poorest),31.1,26.8,35.7
NUT_BF_EBF,Exclusive breastfeeding under six months,2016,Q1 (Poorest),16.2,12.6,20.6
NUT_BF_EBF,Exclusive breastfeeding under six months,2003,Q1 (Poorest),10.5,5.7,18.6
NUT_BF_EBF,Exclusive breastfeeding under six months,2011,Q1 (Poorest),10.3,7.4,14.2
NUT_BF_EBF,Exclusive breastfeeding under six months,2008,Q1 (Poorest),6.8,4.5,10.0
NUT_BF_EBF,Exclusive breastfeeding under six months,2003,Wealth - Bottom 60%,10.2,7.1,14.3
NUT_BF_EBF,Exclusive breastfeeding under six months,2016,Wealth - Bottom 60%,19.7,16.9,22.8
NUT_BF_EBF,Exclusive breastfeeding under six months,2024,Wealth - Bottom 60%,25.3,22.5,28.2
NUT_BF_EBF,Exclusive breastfeeding under six months,2008,Wealth - Bottom 60%,8.4,6.9,10.1
NUT_BF_EBF,Exclusive breastfeeding under six months,2021,Wealth - Bottom 60%,30.0,27.5,32.6
NUT_BF_EBF,Exclusive breastfeeding under six months,2011,Wealth - Bottom 60%,11.1,9.3,13.1
NUT_BF_EBF,Exclusive breastfeeding under six months,2013,Wealth - Bottom 60%,10.1,8.4,11.9
NUT_BF_EBF,Exclusive breastfeeding under six months,2018,Wealth - Bottom 60%,23.6,21.5,25.9
NUT_BF_EBF,Exclusive breastfeeding under six months,2007,Wealth - Bottom 60%,10.2,8.1,12.7
NUT_BF_EBF,Exclusive breastfeeding under six months,2021,Q4,44.2,37.3,51.2
NUT_BF_EBF,Exclusive breastfeeding under six months,2024,Q4,36.0,30.6,41.8
NUT_BF_EBF,Exclusive breastfeeding under six months,2008,Q4,19.4,15.8,23.6
NUT_BF_EBF,Exclusive breastfeeding under six months,2003,Q4,20.2,11.5,32.9
NUT_BF_EBF,Exclusive breastfeeding under six months,2011,Q4,20.6,14.9,27.8
NUT_BF_EBF,Exclusive breastfeeding under six months,2018,Q4,34.5,30.3,39.0
NUT_BF_EBF,Exclusive breastfeeding under six months,2016,Q4,26.8,22.3,31.8
NUT_BF_EBF,Exclusive breastfeeding under six months,2007,Q4,11.2,7.5,16.5
NUT_BF_EBF,Exclusive breastfeeding under six months,2013,Q4,23.6,19.3,28.6
NUT_BF_EBF,Exclusive breastfeeding under six months,2013,4 to 5 months,9.9,7.9,12.3
NUT_BF_EBF,Exclusive breastfeeding under six months,2007,4 to 5 months,7.0,4.9,10.1
NUT_BF_EBF,Exclusive breastfeeding under six months,2018,4 to 5 months,17.9,15.6,20.5
NUT_BF_EBF,Exclusive breastfeeding under six months,2003,4 to 5 months,6.0,3.4,10.5
NUT_BF_EBF,Exclusive breastfeeding under six months,2016,4 to 5 months,14.1,11.8,16.7
NUT_BF_EBF,Exclusive breastfeeding under six months,2008,4 to 5 months,6.6,5.1,8.5
NUT_BF_EBF,Exclusive breastfeeding under six months,1990,4 to 5 months,0.9,,
NUT_BF_EBF,Exclusive breastfeeding under six months,2011,4 to 5 months,6.5,4.8,8.7
NUT_BF_EBF,Exclusive breastfeeding under six months,2024,4 to 5 months,18.9,15.9,22.3
NUT_BF_EBF,Exclusive breastfeeding under six months,2021,4 to 5 months,22.9,19.5,26.6
NUT_BF_EBF,Exclusive breastfeeding under six months,2003,None and primary education,10.4,7.3,14.7
NUT_BF_EBF,Exclusive breastfeeding under six months,2016,None and primary education,19.7,16.8,23.0
NUT_BF_EBF,Exclusive breastfeeding under six months,2011,None and primary education,11.2,9.1,13.7
NUT_BF_EBF,Exclusive breastfeeding under six months,2024,None and primary education,23.4,20.5,26.7
NUT_BF_EBF,Exclusive breastfeeding under six months,2021,None and primary education,28.4,25.6,31.3
NUT_BF_EBF,Exclusive breastfeeding under six months,2008,None and primary education,8.8,7.3,10.6
NUT_BF_EBF,Exclusive breastfeeding under six months,2007,None and primary education,9.0,7.2,11.1
NUT_BF_EBF,Exclusive breastfeeding under six months,2018,None and primary education,21.5,19.1,24.0
NUT_BF_EBF,Exclusive breastfeeding under six months,2013,None and primary education,10.3,8.8,12.2
NUT_BF_EBF,Exclusive breastfeeding under six months,2018,Secondary or higher,39.7,36.6,42.9
NUT_BF_EBF,Exclusive breastfeeding under six months,2013,Secondary or higher,30.0,26.4,33.9
NUT_BF_EBF,Exclusive breastfeeding under six months,2007,Secondary or higher,17.9,13.6,23.2
NUT_BF_EBF,Exclusive breastfeeding under six months,2024,Secondary or higher,36.4,33.1,39.8
NUT_BF_EBF,Exclusive breastfeeding under six months,2016,Secondary or higher,31.9,28.1,36.0
NUT_BF_EBF,Exclusive breastfeeding under six months,2003,Secondary or higher,30.1,20.1,42.5
NUT_BF_EBF,Exclusive breastfeeding under six months,2011,Secondary or higher,20.7,17.4,24.5
NUT_BF_EBF,Exclusive breastfeeding under six months,2021,Secondary or higher,41.1,36.1,46.2
NUT_BF_EBF,Exclusive breastfeeding under six months,2008,Secondary or higher,19.8,17.1,22.9
NUT_BF_EBF,Exclusive breastfeeding under six months,2011,Male,15.4,12.7,18.5
NUT_BF_EBF,Exclusive breastfeeding under six months,2016,Male,23.1,20.4,26.1
NUT_BF_EBF,Exclusive breastfeeding under six months,2021,Male,35.9,32.1,40.0
NUT_BF_EBF,Exclusive breastfeeding under six months,2003,Male,15.1,9.8,22.5
NUT_BF_EBF,Exclusive breastfeeding under six months,2024,Male,33.3,30.1,36.6
NUT_BF_EBF,Exclusive breastfeeding under six months,2008,Male,11.8,9.9,14.0
NUT_BF_EBF,Exclusive breastfeeding under six months,2018,Male,29.1,26.6,31.8
NUT_BF_EBF,Exclusive breastfeeding under six months,2013,Male,15.2,13.0,17.7
NUT_BF_EBF,Exclusive breastfeeding under six months,2007,Male,10.7,8.5,13.4
NUT_BF_EBF,Exclusive breastfeeding under six months,2018,Q2,20.6,17.7,23.9
NUT_BF_EBF,Exclusive breastfeeding under six months,2013,Q2,10.8,8.2,14.0
NUT_BF_EBF,Exclusive breastfeeding under six months,2007,Q2,11.3,8.1,15.5
NUT_BF_EBF,Exclusive breastfeeding under six months,2021,Q2,26.5,22.7,30.6
NUT_BF_EBF,Exclusive breastfeeding under six months,2024,Q2,24.2,19.8,29.3
NUT_BF_EBF,Exclusive breastfeeding under six months,2003,Q2,4.4,2.0,9.4
NUT_BF_EBF,Exclusive breastfeeding under six months,2011,Q2,10.9,8.5,13.9
NUT_BF_EBF,Exclusive breastfeeding under six months,2008,Q2,7.2,5.3,9.7
NUT_BF_EBF,Exclusive breastfeeding under six months,2016,Q2,19.8,16.1,24.1
NUT_BF_EBF,Exclusive breastfeeding under six months,2003,Wealth - Top 40%,24.0,16.3,33.8
NUT_BF_EBF,Exclusive breastfeeding under six months,2024,Wealth - Top 40%,36.7,32.7,40.8
NUT_BF_EBF,Exclusive breastfeeding under six months,2011,Wealth - Top 40%,21.1,17.1,25.7
NUT_BF_EBF,Exclusive breastfeeding under six months,2016,Wealth - Top 40%,30.2,26.4,34.2
NUT_BF_EBF,Exclusive breastfeeding under six months,2021,Wealth - Top 40%,42.8,36.4,49.6
NUT_BF_EBF,Exclusive breastfeeding under six months,2008,Wealth - Top 40%,20.1,17.3,23.2
NUT_BF_EBF,Exclusive breastfeeding under six months,2013,Wealth - Top 40%,30.3,26.4,34.4
NUT_BF_EBF,Exclusive breastfeeding under six months,2018,Wealth - Top 40%,38.1,34.8,41.5
NUT_BF_EBF,Exclusive breastfeeding under six months,2007,Wealth - Top 40%,13.8,10.4,17.9
NUT_BF_EBF,Exclusive breastfeeding under six months,2007,Urban,14.0,9.9,19.4
NUT_BF_EBF,Exclusive breastfeeding under six months,2013,Urban,27.1,23.3,31.4
NUT_BF_EBF,Exclusive breastfeeding under six months,2018,Urban,35.8,32.6,39.2
NUT_BF_EBF,Exclusive breastfeeding under six months,2008,Urban,18.2,15.2,21.5
NUT_BF_EBF,Exclusive breastfeeding under six months,2003,Urban,21.2,14.5,29.9
NUT_BF_EBF,Exclusive breastfeeding under six months,2011,Urban,20.6,16.1,26.0
NUT_BF_EBF,Exclusive breastfeeding under six months,2016,Urban,30.8,24.8,37.4
NUT_BF_EBF,Exclusive breastfeeding under six months,2024,Urban,34.6,30.9,38.5
NUT_BF_EBF,Exclusive breastfeeding under six months,2021,Urban,40.6,34.4,47.1
NUT_BF_EBF,Exclusive breastfeeding under six months,2021,Q5 (Richest),41.6,30.8,53.3
NUT_BF_EBF,Exclusive breastfeeding under six months,2008,Q5 (Richest),20.8,16.7,25.5
NUT_BF_EBF,Exclusive breastfeeding under six months,2024,Q5 (Richest),37.5,32.2,43.2
NUT_BF_EBF,Exclusive breastfeeding under six months,2011,Q5 (Richest),21.6,16.4,28.0
NUT_BF_EBF,Exclusive breastfeeding under six months,2016,Q5 (Richest),34.6,28.8,40.9
NUT_BF_EBF,Exclusive breastfeeding under six months,2003,Q5 (Richest),28.2,18.0,41.2
NUT_BF_EBF,Exclusive breastfeeding under six months,2013,Q5 (Richest),37.2,31.6,43.2
NUT_BF_EBF,Exclusive breastfeeding under six months,2007,Q5 (Richest),16.4,11.4,23.2
NUT_BF_EBF,Exclusive breastfeeding under six months,2018,Q5 (Richest),42.3,36.9,47.7
NUT_BF_EBF,Exclusive breastfeeding under six months,2013,0 to 1 month,25.6,21.9,29.7
NUT_BF_EBF,Exclusive breastfeeding under six months,2018,0 to 1 month,38.9,35.5,42.3
NUT_BF_EBF,Exclusive breastfeeding under six months,2007,0 to 1 month,19.3,15.3,24.1
NUT_BF_EBF,Exclusive breastfeeding under six months,2024,0 to 1 month,38.3,34.3,42.4
NUT_BF_EBF,Exclusive breastfeeding under six months,2003,0 to 1 month,26.7,17.3,38.8
NUT_BF_EBF,Exclusive breastfeeding under six months,2008,0 to 1 month,19.7,16.6,23.2
NUT_BF_EBF,Exclusive breastfeeding under six months,2021,0 to 1 month,43.1,38.2,48.1
NUT_BF_EBF,Exclusive breastfeeding under six months,2016,0 to 1 month,31.8,26.8,37.2
NUT_BF_EBF,Exclusive breastfeeding under six months,2011,0 to 1 month,23.1,19.1,27.6
NUT_BF_EBF,Exclusive breastfeeding under six months,2021,Wealth - Bottom 40%,28.8,26.0,31.9
NUT_BF_EBF,Exclusive breastfeeding under six months,2011,Wealth - Bottom 40%,10.6,8.5,13.0
NUT_BF_EBF,Exclusive breastfeeding under six months,2003,Wealth - Bottom 40%,7.6,4.7,11.9
NUT_BF_EBF,Exclusive breastfeeding under six months,2016,Wealth - Bottom 40%,18.1,15.3,21.2
NUT_BF_EBF,Exclusive breastfeeding under six months,2024,Wealth - Bottom 40%,23.8,20.6,27.2
NUT_BF_EBF,Exclusive breastfeeding under six months,2008,Wealth - Bottom 40%,7.0,5.4,9.0
NUT_BF_EBF,Exclusive breastfeeding under six months,2007,Wealth - Bottom 40%,10.2,7.7,13.4
NUT_BF_EBF,Exclusive breastfeeding under six months,2013,Wealth - Bottom 40%,8.0,6.3,10.0
NUT_BF_EBF,Exclusive breastfeeding under six months,2018,Wealth - Bottom 40%,21.8,19.5,24.3
NUT_BF_EIBF,"Early Initiation of Breastfeeding, Children born in the last 24 months",2003,,30.6,26.9,34.6
NUT_BF_EIBF,"Early Initiation of Breastfeeding, Children born in the last 24 months",2007,,29.9,28.0,31.9
NUT_BF_EIBF,"Early Initiation of Breastfeeding, Children born in the last 24 months",2008,,37.0,35.4,38.7
NUT_BF_EIBF,"Early Initiation of Breastfeeding, Children born in the last 24 months",2011,,22.9,21.4,24.5
NUT_BF_EIBF,"Early Initiation of Breastfeeding, Children born in the last 24 months",2013,,33.2,31.8,34.6
NUT_BF_EIBF,"Early Initiation of Breastfeeding, Children born in the last 24 months",2016,,32.8,31.5,34.2
NUT_BF_EIBF,"Early Initiation of Breastfeeding, Children born in the last 24 months",2018,,42.1,40.8,43.5
NUT_BF_EIBF,"Early Initiation of Breastfeeding, Children born in the last 24 months",2021,,23.1,21.5,24.7
NUT_BF_EIBF,"Early Initiation of Breastfeeding, Children born in the last 24 months",2024,,35.5,33.9,37.2
NUT_BF_EIBF,"Early Initiation of Breastfeeding, Children born in the last 24 months",2024,Both sexes,35.5,33.9,37.2
NUT_BF_EIBF,"Early Initiation of Breastfeeding, Children born in the last 24 months",2021,Both sexes,23.1,21.5,24.7
NUT_BF_EIBF,"Early Initiation of Breastfeeding, Children born in the last 24 months",2018,Both sexes,42.1,40.8,43.5
NUT_BF_EIBF,"Early Initiation of Breastfeeding, Children born in the last 24 months",2016,Both sexes,32.8,31.5,34.2
NUT_BF_EIBF,"Early Initiation of Breastfeeding, Children born in the last 24 months",2013,Both sexes,33.2,31.8,34.6
NUT_BF_EIBF,"Early Initiation of Breastfeeding, Children born in the last 24 months",2011,Both sexes,22.9,21.4,24.5
NUT_BF_EIBF,"Early Initiation of Breastfeeding, Children born in the last 24 months",2008,Both sexes,37.0,35.4,38.7
NUT_BF_EIBF,"Early Initiation of Breastfeeding, Children born in the last 24 months",2007,Both sexes,29.9,28.0,31.9
NUT_BF_EIBF,"Early Initiation of Breastfeeding, Children born in the last 24 months",2003,Both sexes,30.6,26.9,34.6
NUT_BF_EIBF,"Early Initiation of Breastfeeding, Children born in the last 24 months",2003,Wealth - Bottom 80%,30.6,26.7,34.9
NUT_BF_EIBF,"Early Initiation of Breastfeeding, Children born in the last 24 months",2007,Wealth - Bottom 80%,29.8,27.8,31.9
NUT_BF_EIBF,"Early Initiation of Breastfeeding, Children born in the last 24 months",2008,Wealth - Bottom 80%,36.2,34.4,38.1
NUT_BF_EIBF,"Early Initiation of Breastfeeding, Children born in the last 24 months",2011,Wealth - Bottom 80%,22.4,20.9,24.0
NUT_BF_EIBF,"Early Initiation of Breastfeeding, Children born in the last 24 months",2013,Wealth - Bottom 80%,31.7,30.2,33.3
NUT_BF_EIBF,"Early Initiation of Breastfeeding, Children born in the last 24 months",2016,Wealth - Bottom 80%,32.6,31.2,34.2
NUT_BF_EIBF,"Early Initiation of Breastfeeding, Children born in the last 24 months",2018,Wealth - Bottom 80%,39.9,38.4,41.4
NUT_BF_EIBF,"Early Initiation of Breastfeeding, Children born in the last 24 months",2021,Wealth - Bottom 80%,22.6,21.0,24.4
NUT_BF_EIBF,"Early Initiation of Breastfeeding, Children born in the last 24 months",2024,Wealth - Bottom 80%,33.9,32.1,35.7
NUT_BF_EIBF,"Early Initiation of Breastfeeding, Children born in the last 24 months",2024,Rural,31.6,29.5,33.7
NUT_BF_EIBF,"Early Initiation of Breastfeeding, Children born in the last 24 months",2021,Rural,22.3,20.4,24.3
NUT_BF_EIBF,"Early Initiation of Breastfeeding, Children born in the last 24 months",2018,Rural,37.6,36.0,39.2
NUT_BF_EIBF,"Early Initiation of Breastfeeding, Children born in the last 24 months",2016,Rural,32.4,30.8,34.0
NUT_BF_EIBF,"Early Initiation of Breastfeeding, Children born in the last 24 months",2013,Rural,29.4,27.7,31.2
NUT_BF_EIBF,"Early Initiation of Breastfeeding, Children born in the last 24 months",2011,Rural,22.7,21.1,24.4
NUT_BF_EIBF,"Early Initiation of Breastfeeding, Children born in the last 24 months",2008,Rural,35.9,33.9,38.0
NUT_BF_EIBF,"Early Initiation of Breastfeeding, Children born in the last 24 months",2007,Rural,30.6,28.5,32.8
NUT_BF_EIBF,"Early Initiation of Breastfeeding, Children born in the last 24 months",2003,Rural,31.2,26.3,36.5
NUT_BF_EIBF,"Early Initiation of Breastfeeding, Children born in the last 24 months",2003,Secondary education,31.6,25.2,38.8
NUT_BF_EIBF,"Early Initiation of Breastfeeding, Children born in the last 24 months",2008,Secondary education,42.2,39.6,44.7
NUT_BF_EIBF,"Early Initiation of Breastfeeding, Children born in the last 24 months",2013,Secondary education,37.5,35.3,39.7
NUT_BF_EIBF,"Early Initiation of Breastfeeding, Children born in the last 24 months",2016,Secondary education,32.9,30.8,35.0
NUT_BF_EIBF,"Early Initiation of Breastfeeding, Children born in the last 24 months",2018,Secondary education,49.6,47.6,51.7
NUT_BF_EIBF,"Early Initiation of Breastfeeding, Children born in the last 24 months",2021,Secondary education,28.1,25.7,30.6
NUT_BF_EIBF,"Early Initiation of Breastfeeding, Children born in the last 24 months",2024,Secondary education,39.0,36.7,41.4
NUT_BF_EIBF,"Early Initiation of Breastfeeding, Children born in the last 24 months",2024,Wealth - Top 60%,39.8,37.8,41.9
NUT_BF_EIBF,"Early Initiation of Breastfeeding, Children born in the last 24 months",2021,Wealth - Top 60%,25.8,23.7,28.0
NUT_BF_EIBF,"Early Initiation of Breastfeeding, Children born in the last 24 months",2018,Wealth - Top 60%,48.9,47.1,50.7
NUT_BF_EIBF,"Early Initiation of Breastfeeding, Children born in the last 24 months",2016,Wealth - Top 60%,35.3,33.7,37.0
NUT_BF_EIBF,"Early Initiation of Breastfeeding, Children born in the last 24 months",2013,Wealth - Top 60%,39.2,37.4,41.0
NUT_BF_EIBF,"Early Initiation of Breastfeeding, Children born in the last 24 months",2011,Wealth - Top 60%,25.2,23.2,27.3
NUT_BF_EIBF,"Early Initiation of Breastfeeding, Children born in the last 24 months",2008,Wealth - Top 60%,41.0,39.1,42.9
NUT_BF_EIBF,"Early Initiation of Breastfeeding, Children born in the last 24 months",2007,Wealth - Top 60%,29.5,27.2,32.0
NUT_BF_EIBF,"Early Initiation of Breastfeeding, Children born in the last 24 months",2003,Wealth - Top 60%,33.3,28.5,38.5
NUT_BF_EIBF,"Early Initiation of Breastfeeding, Children born in the last 24 months",2003,Wealth - Top 80%,32.3,28.2,36.7
NUT_BF_EIBF,"Early Initiation of Breastfeeding, Children born in the last 24 months",2007,Wealth - Top 80%,29.4,27.4,31.5
NUT_BF_EIBF,"Early Initiation of Breastfeeding, Children born in the last 24 months",2008,Wealth - Top 80%,39.6,37.9,41.4
NUT_BF_EIBF,"Early Initiation of Breastfeeding, Children born in the last 24 months",2011,Wealth - Top 80%,24.2,22.6,25.9
NUT_BF_EIBF,"Early Initiation of Breastfeeding, Children born in the last 24 months",2013,Wealth - Top 80%,36.4,35.0,37.9
NUT_BF_EIBF,"Early Initiation of Breastfeeding, Children born in the last 24 months",2016,Wealth - Top 80%,34.2,32.8,35.7
NUT_BF_EIBF,"Early Initiation of Breastfeeding, Children born in the last 24 months",2018,Wealth - Top 80%,45.3,43.8,46.9
NUT_BF_EIBF,"Early Initiation of Breastfeeding, Children born in the last 24 months",2021,Wealth - Top 80%,24.0,22.3,25.9
NUT_BF_EIBF,"Early Initiation of Breastfeeding, Children born in the last 24 months",2024,Wealth - Top 80%,37.2,35.4,39.1
NUT_BF_EIBF,"Early Initiation of Breastfeeding, Children born in the last 24 months",2024,Q3,35.4,32.2,38.6
NUT_BF_EIBF,"Early Initiation of Breastfeeding, Children born in the last 24 months",2021,Q3,23.6,20.9,26.5
NUT_BF_EIBF,"Early Initiation of Breastfeeding, Children born in the last 24 months",2018,Q3,43.7,41.3,46.1
NUT_BF_EIBF,"Early Initiation of Breastfeeding, Children born in the last 24 months",2016,Q3,36.0,33.3,38.9
NUT_BF_EIBF,"Early Initiation of Breastfeeding, Children born in the last 24 months",2013,Q3,36.2,33.4,39.0
NUT_BF_EIBF,"Early Initiation of Breastfeeding, Children born in the last 24 months",2011,Q3,23.0,20.5,25.8
NUT_BF_EIBF,"Early Initiation of Breastfeeding, Children born in the last 24 months",2008,Q3,41.0,38.0,44.0
NUT_BF_EIBF,"Early Initiation of Breastfeeding, Children born in the last 24 months",2007,Q3,27.0,24.0,30.3
NUT_BF_EIBF,"Early Initiation of Breastfeeding, Children born in the last 24 months",2003,Q3,35.6,29.6,42.2
NUT_BF_EIBF,"Early Initiation of Breastfeeding, Children born in the last 24 months",2003,Female,32.3,28.2,36.7
NUT_BF_EIBF,"Early Initiation of Breastfeeding, Children born in the last 24 months",2008,Female,37.4,35.5,39.3
NUT_BF_EIBF,"Early Initiation of Breastfeeding, Children born in the last 24 months",2013,Female,33.3,31.7,35.0
NUT_BF_EIBF,"Early Initiation of Breastfeeding, Children born in the last 24 months",2018,Female,42.0,40.0,44.0
NUT_BF_EIBF,"Early Initiation of Breastfeeding, Children born in the last 24 months",2021,Female,22.8,20.8,24.8
NUT_BF_EIBF,"Early Initiation of Breastfeeding, Children born in the last 24 months",2024,Female,36.1,34.2,38.0
NUT_BF_EIBF,"Early Initiation of Breastfeeding, Children born in the last 24 months",2024,Primary,33.6,30.2,37.2
NUT_BF_EIBF,"Early Initiation of Breastfeeding, Children born in the last 24 months",2021,Primary,19.7,17.0,22.7
NUT_BF_EIBF,"Early Initiation of Breastfeeding, Children born in the last 24 months",2018,Primary,44.4,41.1,47.8
NUT_BF_EIBF,"Early Initiation of Breastfeeding, Children born in the last 24 months",2016,Primary,36.3,33.1,39.7
NUT_BF_EIBF,"Early Initiation of Breastfeeding, Children born in the last 24 months",2013,Primary,35.0,32.6,37.6
NUT_BF_EIBF,"Early Initiation of Breastfeeding, Children born in the last 24 months",2011,Primary,23.0,20.8,25.4
NUT_BF_EIBF,"Early Initiation of Breastfeeding, Children born in the last 24 months",2008,Primary,42.7,39.9,45.6
NUT_BF_EIBF,"Early Initiation of Breastfeeding, Children born in the last 24 months",2007,Primary,32.5,29.4,35.7
NUT_BF_EIBF,"Early Initiation of Breastfeeding, Children born in the last 24 months",2003,Primary,35.0,29.8,40.6
NUT_BF_EIBF,"Early Initiation of Breastfeeding, Children born in the last 24 months",2003,Total,30.6,26.9,34.6
NUT_BF_EIBF,"Early Initiation of Breastfeeding, Children born in the last 24 months",2007,Total,29.9,28.0,31.9
NUT_BF_EIBF,"Early Initiation of Breastfeeding, Children born in the last 24 months",2008,Total,37.0,35.4,38.7
NUT_BF_EIBF,"Early Initiation of Breastfeeding, Children born in the last 24 months",2011,Total,22.9,21.4,24.5
NUT_BF_EIBF,"Early Initiation of Breastfeeding, Children born in the last 24 months",2013,Total,33.2,31.8,34.6
NUT_BF_EIBF,"Early Initiation of Breastfeeding, Children born in the last 24 months",2016,Total,32.8,31.5,34.2
NUT_BF_EIBF,"Early Initiation of Breastfeeding, Children born in the last 24 months",2018,Total,42.1,40.8,43.5
NUT_BF_EIBF,"Early Initiation of Breastfeeding, Children born in the last 24 months",2021,Total,23.1,21.5,24.7
NUT_BF_EIBF,"Early Initiation of Breastfeeding, Children born in the last 24 months",2024,Total,35.5,33.9,37.2
NUT_BF_EIBF,"Early Initiation of Breastfeeding, Children born in the last 24 months",2003,Higher education,46.4,30.7,62.9
NUT_BF_EIBF,"Early Initiation of Breastfeeding, Children born in the last 24 months",2008,Higher education,45.5,40.4,50.8
NUT_BF_EIBF,"Early Initiation of Breastfeeding, Children born in the last 24 months",2013,Higher education,42.7,38.3,47.2
NUT_BF_EIBF,"Early Initiation of Breastfeeding, Children born in the last 24 months",2016,Higher education,34.3,30.3,38.5
NUT_BF_EIBF,"Early Initiation of Breastfeeding, Children born in the last 24 months",2018,Higher education,51.5,47.6,55.5
NUT_BF_EIBF,"Early Initiation of Breastfeeding, Children born in the last 24 months",2021,Higher education,26.9,22.4,31.9
NUT_BF_EIBF,"Early Initiation of Breastfeeding, Children born in the last 24 months",2024,Higher education,44.7,41.5,48.0
NUT_BF_EIBF,"Early Initiation of Breastfeeding, Children born in the last 24 months",2024,Q1 (Poorest),30.3,27.8,32.9
NUT_BF_EIBF,"Early Initiation of Breastfeeding, Children born in the last 24 months",2021,Q1 (Poorest),20.1,17.4,23.1
NUT_BF_EIBF,"Early Initiation of Breastfeeding, Children born in the last 24 months",2018,Q1 (Poorest),30.5,27.9,33.2
NUT_BF_EIBF,"Early Initiation of Breastfeeding, Children born in the last 24 months",2016,Q1 (Poorest),28.1,25.6,30.8
NUT_BF_EIBF,"Early Initiation of Breastfeeding, Children born in the last 24 months",2013,Q1 (Poorest),22.4,19.6,25.4
NUT_BF_EIBF,"Early Initiation of Breastfeeding, Children born in the last 24 months",2011,Q1 (Poorest),18.3,15.7,21.3
NUT_BF_EIBF,"Early Initiation of Breastfeeding, Children born in the last 24 months",2008,Q1 (Poorest),28.6,25.7,31.7
NUT_BF_EIBF,"Early Initiation of Breastfeeding, Children born in the last 24 months",2007,Q1 (Poorest),32.3,28.2,36.8
NUT_BF_EIBF,"Early Initiation of Breastfeeding, Children born in the last 24 months",2003,Q1 (Poorest),24.5,19.2,30.7
NUT_BF_EIBF,"Early Initiation of Breastfeeding, Children born in the last 24 months",2003,Wealth - Bottom 60%,29.8,25.7,34.3
NUT_BF_EIBF,"Early Initiation of Breastfeeding, Children born in the last 24 months",2007,Wealth - Bottom 60%,29.3,27.1,31.7
NUT_BF_EIBF,"Early Initiation of Breastfeeding, Children born in the last 24 months",2008,Wealth - Bottom 60%,34.9,32.8,37.0
NUT_BF_EIBF,"Early Initiation of Breastfeeding, Children born in the last 24 months",2011,Wealth - Bottom 60%,20.8,19.1,22.5
NUT_BF_EIBF,"Early Initiation of Breastfeeding, Children born in the last 24 months",2013,Wealth - Bottom 60%,29.0,27.3,30.8
NUT_BF_EIBF,"Early Initiation of Breastfeeding, Children born in the last 24 months",2016,Wealth - Bottom 60%,31.7,30.0,33.4
NUT_BF_EIBF,"Early Initiation of Breastfeeding, Children born in the last 24 months",2018,Wealth - Bottom 60%,36.8,35.2,38.5
NUT_BF_EIBF,"Early Initiation of Breastfeeding, Children born in the last 24 months",2021,Wealth - Bottom 60%,21.0,19.2,23.0
NUT_BF_EIBF,"Early Initiation of Breastfeeding, Children born in the last 24 months",2024,Wealth - Bottom 60%,32.1,30.1,34.1
NUT_BF_EIBF,"Early Initiation of Breastfeeding, Children born in the last 24 months",2003,Q4,33.2,26.0,41.4
NUT_BF_EIBF,"Early Initiation of Breastfeeding, Children born in the last 24 months",2007,Q4,31.2,27.8,34.9
NUT_BF_EIBF,"Early Initiation of Breastfeeding, Children born in the last 24 months",2008,Q4,40.9,38.2,43.7
NUT_BF_EIBF,"Early Initiation of Breastfeeding, Children born in the last 24 months",2011,Q4,27.3,24.3,30.6
NUT_BF_EIBF,"Early Initiation of Breastfeeding, Children born in the last 24 months",2013,Q4,41.5,38.9,44.1
NUT_BF_EIBF,"Early Initiation of Breastfeeding, Children born in the last 24 months",2016,Q4,36.1,33.4,38.9
NUT_BF_EIBF,"Early Initiation of Breastfeeding, Children born in the last 24 months",2018,Q4,50.4,47.2,53.6
NUT_BF_EIBF,"Early Initiation of Breastfeeding, Children born in the last 24 months",2021,Q4,28.8,25.3,32.5
NUT_BF_EIBF,"Early Initiation of Breastfeeding, Children born in the last 24 months",2024,Q4,40.6,37.7,43.5
NUT_BF_EIBF,"Early Initiation of Breastfeeding, Children born in the last 24 months",2024,None and primary education,31.9,29.8,34.1
NUT_BF_EIBF,"Early Initiation of Breastfeeding, Children born in the last 24 months",2021,None and primary education,18.9,17.0,21.0
NUT_BF_EIBF,"Early Initiation of Breastfeeding, Children born in the last 24 months",2018,None and primary education,36.7,34.9,38.6
NUT_BF_EIBF,"Early Initiation of Breastfeeding, Children born in the last 24 months",2016,None and primary education,32.8,30.8,35.0
NUT_BF_EIBF,"Early Initiation of Breastfeeding, Children born in the last 24 months",2013,None and primary education,30.4,28.7,32.2
NUT_BF_EIBF,"Early Initiation of Breastfeeding, Children born in the last 24 months",2011,None and primary education,20.9,19.2,22.7
NUT_BF_EIBF,"Early Initiation of Breastfeeding, Children born in the last 24 months",2008,None and primary education,34.3,32.4,36.3
NUT_BF_EIBF,"Early Initiation of Breastfeeding, Children born in the last 24 months",2007,None and primary education,29.5,27.4,31.7
NUT_BF_EIBF,"Early Initiation of Breastfeeding, Children born in the last 24 months",2003,None and primary education,29.7,25.6,34.0
NUT_BF_EIBF,"Early Initiation of Breastfeeding, Children born in the last 24 months",2003,Secondary or higher,33.5,27.8,39.8
NUT_BF_EIBF,"Early Initiation of Breastfeeding, Children born in the last 24 months",2007,Secondary or higher,30.8,27.7,34.2
NUT_BF_EIBF,"Early Initiation of Breastfeeding, Children born in the last 24 months",2008,Secondary or higher,42.7,40.4,45.1
NUT_BF_EIBF,"Early Initiation of Breastfeeding, Children born in the last 24 months",2011,Secondary or higher,25.8,23.4,28.4
NUT_BF_EIBF,"Early Initiation of Breastfeeding, Children born in the last 24 months",2013,Secondary or higher,38.5,36.5,40.5
NUT_BF_EIBF,"Early Initiation of Breastfeeding, Children born in the last 24 months",2016,Secondary or higher,33.2,31.3,35.1
NUT_BF_EIBF,"Early Initiation of Breastfeeding, Children born in the last 24 months",2018,Secondary or higher,50.0,48.2,51.8
NUT_BF_EIBF,"Early Initiation of Breastfeeding, Children born in the last 24 months",2021,Secondary or higher,27.8,25.6,30.1
NUT_BF_EIBF,"Early Initiation of Breastfeeding, Children born in the last 24 months",2024,Secondary or higher,40.4,38.4,42.4
NUT_BF_EIBF,"Early Initiation of Breastfeeding, Children born in the last 24 months",2024,Male,35.0,33.1,36.9
NUT_BF_EIBF,"Early Initiation of Breastfeeding, Children born in the last 24 months",2021,Male,23.4,21.6,25.3
NUT_BF_EIBF,"Early Initiation of Breastfeeding, Children born in the last 24 months",2018,Male,42.3,40.7,43.9
NUT_BF_EIBF,"Early Initiation of Breastfeeding, Children born in the last 24 months",2013,Male,33.0,31.4,34.7
NUT_BF_EIBF,"Early Initiation of Breastfeeding, Children born in the last 24 months",2008,Male,36.7,34.8,38.6
NUT_BF_EIBF,"Early Initiation of Breastfeeding, Children born in the last 24 months",2003,Male,29.0,24.6,33.9
NUT_BF_EIBF,"Early Initiation of Breastfeeding, Children born in the last 24 months",2003,Q2,29.8,24.1,36.3
NUT_BF_EIBF,"Early Initiation of Breastfeeding, Children born in the last 24 months",2007,Q2,29.0,25.8,32.5
NUT_BF_EIBF,"Early Initiation of Breastfeeding, Children born in the last 24 months",2008,Q2,36.3,33.3,39.3
NUT_BF_EIBF,"Early Initiation of Breastfeeding, Children born in the last 24 months",2011,Q2,21.3,19.0,23.8
NUT_BF_EIBF,"Early Initiation of Breastfeeding, Children born in the last 24 months",2013,Q2,29.9,27.4,32.4
NUT_BF_EIBF,"Early Initiation of Breastfeeding, Children born in the last 24 months",2016,Q2,31.3,28.7,34.1
NUT_BF_EIBF,"Early Initiation of Breastfeeding, Children born in the last 24 months",2018,Q2,36.6,34.1,39.2
NUT_BF_EIBF,"Early Initiation of Breastfeeding, Children born in the last 24 months",2021,Q2,20.0,17.5,22.7
NUT_BF_EIBF,"Early Initiation of Breastfeeding, Children born in the last 24 months",2024,Q2,31.2,28.2,34.4
NUT_BF_EIBF,"Early Initiation of Breastfeeding, Children born in the last 24 months",2024,Wealth - Top 40%,42.4,40.1,44.8
NUT_BF_EIBF,"Early Initiation of Breastfeeding, Children born in the last 24 months",2021,Wealth - Top 40%,27.0,24.2,30.0
NUT_BF_EIBF,"Early Initiation of Breastfeeding, Children born in the last 24 months",2018,Wealth - Top 40%,52.0,49.6,54.3
NUT_BF_EIBF,"Early Initiation of Breastfeeding, Children born in the last 24 months",2016,Wealth - Top 40%,34.9,32.9,37.0
NUT_BF_EIBF,"Early Initiation of Breastfeeding, Children born in the last 24 months",2013,Wealth - Top 40%,40.8,38.7,43.0
NUT_BF_EIBF,"Early Initiation of Breastfeeding, Children born in the last 24 months",2011,Wealth - Top 40%,26.2,23.6,29.1
NUT_BF_EIBF,"Early Initiation of Breastfeeding, Children born in the last 24 months",2008,Wealth - Top 40%,41.0,38.8,43.3
NUT_BF_EIBF,"Early Initiation of Breastfeeding, Children born in the last 24 months",2007,Wealth - Top 40%,30.7,27.7,33.9
NUT_BF_EIBF,"Early Initiation of Breastfeeding, Children born in the last 24 months",2003,Wealth - Top 40%,32.0,26.3,38.3
NUT_BF_EIBF,"Early Initiation of Breastfeeding, Children born in the last 24 months",2003,Urban,29.2,24.7,34.2
NUT_BF_EIBF,"Early Initiation of Breastfeeding, Children born in the last 24 months",2007,Urban,28.3,24.6,32.4
NUT_BF_EIBF,"Early Initiation of Breastfeeding, Children born in the last 24 months",2008,Urban,39.7,36.9,42.5
NUT_BF_EIBF,"Early Initiation of Breastfeeding, Children born in the last 24 months",2011,Urban,23.4,20.3,26.7
NUT_BF_EIBF,"Early Initiation of Breastfeeding, Children born in the last 24 months",2013,Urban,40.1,37.9,42.4
NUT_BF_EIBF,"Early Initiation of Breastfeeding, Children born in the last 24 months",2016,Urban,33.9,31.5,36.4
NUT_BF_EIBF,"Early Initiation of Breastfeeding, Children born in the last 24 months",2018,Urban,49.4,47.0,51.8
NUT_BF_EIBF,"Early Initiation of Breastfeeding, Children born in the last 24 months",2021,Urban,24.5,21.8,27.3
NUT_BF_EIBF,"Early Initiation of Breastfeeding, Children born in the last 24 months",2024,Urban,41.9,39.5,44.4
NUT_BF_EIBF,"Early Initiation of Breastfeeding, Children born in the last 24 months",2024,Q5 (Richest),44.6,41.5,47.8
NUT_BF_EIBF,"Early Initiation of Breastfeeding, Children born in the last 24 months",2021,Q5 (Richest),25.3,21.7,29.3
NUT_BF_EIBF,"Early Initiation of Breastfeeding, Children born in the last 24 months",2018,Q5 (Richest),53.7,50.8,56.7
NUT_BF_EIBF,"Early Initiation of Breastfeeding, Children born in the last 24 months",2016,Q5 (Richest),33.8,31.2,36.5
NUT_BF_EIBF,"Early Initiation of Breastfeeding, Children born in the last 24 months",2013,Q5 (Richest),40.2,37.0,43.5
NUT_BF_EIBF,"Early Initiation of Breastfeeding, Children born in the last 24 months",2011,Q5 (Richest),25.1,21.1,29.5
NUT_BF_EIBF,"Early Initiation of Breastfeeding, Children born in the last 24 months",2008,Q5 (Richest),41.1,37.9,44.4
NUT_BF_EIBF,"Early Initiation of Breastfeeding, Children born in the last 24 months",2007,Q5 (Richest),30.2,25.8,35.0
NUT_BF_EIBF,"Early Initiation of Breastfeeding, Children born in the last 24 months",2003,Q5 (Richest),30.6,22.6,40.0
NUT_BF_EIBF,"Early Initiation of Breastfeeding, Children born in the last 24 months",2003,Wealth - Bottom 40%,27.2,22.7,32.3
NUT_BF_EIBF,"Early Initiation of Breastfeeding, Children born in the last 24 months",2007,Wealth - Bottom 40%,30.5,27.8,33.5
NUT_BF_EIBF,"Early Initiation of Breastfeeding, Children born in the last 24 months",2008,Wealth - Bottom 40%,32.4,30.0,34.8
NUT_BF_EIBF,"Early Initiation of Breastfeeding, Children born in the last 24 months",2011,Wealth - Bottom 40%,19.8,17.8,21.9
NUT_BF_EIBF,"Early Initiation of Breastfeeding, Children born in the last 24 months",2013,Wealth - Bottom 40%,26.1,24.1,28.2
NUT_BF_EIBF,"Early Initiation of Breastfeeding, Children born in the last 24 months",2016,Wealth - Bottom 40%,29.7,27.7,31.8
NUT_BF_EIBF,"Early Initiation of Breastfeeding, Children born in the last 24 months",2018,Wealth - Bottom 40%,33.7,31.8,35.6
NUT_BF_EIBF,"Early Initiation of Breastfeeding, Children born in the last 24 months",2021,Wealth - Bottom 40%,20.0,17.9,22.3
NUT_BF_EIBF,"Early Initiation of Breastfeeding, Children born in the last 24 months",2024,Wealth - Bottom 40%,30.7,28.5,33.0
VACCINECOVERAGE_DTP1,Diphtheria tetanus toxoid and pertussis first-dose (DTP1) immunization coverage among 1-year-olds (%) (WUENIC),2000,,44.0,,
VACCINECOVERAGE_DTP1,Diphtheria tetanus toxoid and pertussis first-dose (DTP1) immunization coverage among 1-year-olds (%) (WUENIC),2001,,43.0,,
VACCINECOVERAGE_DTP1,Diphtheria tetanus toxoid and pertussis first-dose (DTP1) immunization coverage among 1-year-olds (%) (WUENIC),2002,,43.0,,
VACCINECOVERAGE_DTP1,Diphtheria tetanus toxoid and pertussis first-dose (DTP1) immunization coverage among 1-year-olds (%) (WUENIC),2003,,45.0,,
VACCINECOVERAGE_DTP1,Diphtheria tetanus toxoid and pertussis first-dose (DTP1) immunization coverage among 1-year-olds (%) (WUENIC),2004,,46.0,,
VACCINECOVERAGE_DTP1,Diphtheria tetanus toxoid and pertussis first-dose (DTP1) immunization coverage among 1-year-olds (%) (WUENIC),2005,,48.0,,
VACCINECOVERAGE_DTP1,Diphtheria tetanus toxoid and pertussis first-dose (DTP1) immunization coverage among 1-year-olds (%) (WUENIC),2006,,49.0,,
VACCINECOVERAGE_DTP1,Diphtheria tetanus toxoid and pertussis first-dose (DTP1) immunization coverage among 1-year-olds (%) (WUENIC),2007,,52.0,,
VACCINECOVERAGE_DTP1,Diphtheria tetanus toxoid and pertussis first-dose (DTP1) immunization coverage among 1-year-olds (%) (WUENIC),2008,,63.0,,
VACCINECOVERAGE_DTP1,Diphtheria tetanus toxoid and pertussis first-dose (DTP1) immunization coverage among 1-year-olds (%) (WUENIC),2009,,73.0,,
VACCINECOVERAGE_DTP1,Diphtheria tetanus toxoid and pertussis first-dose (DTP1) immunization coverage among 1-year-olds (%) (WUENIC),2010,,60.0,,
VACCINECOVERAGE_DTP1,Diphtheria tetanus toxoid and pertussis first-dose (DTP1) immunization coverage among 1-year-olds (%) (WUENIC),2011,,56.0,,
VACCINECOVERAGE_DTP1,Diphtheria tetanus toxoid and pertussis first-dose (DTP1) immunization coverage among 1-year-olds (%) (WUENIC),2012,,51.0,,
VACCINECOVERAGE_DTP1,Diphtheria tetanus toxoid and pertussis first-dose (DTP1) immunization coverage among 1-year-olds (%) (WUENIC),2013,,49.0,,
VACCINECOVERAGE_DTP1,Diphtheria tetanus toxoid and pertussis first-dose (DTP1) immunization coverage among 1-year-olds (%) (WUENIC),2014,,48.0,,
VACCINECOVERAGE_DTP1,Diphtheria tetanus toxoid and pertussis first-dose (DTP1) immunization coverage among 1-year-olds (%) (WUENIC),2015,,49.0,,
VACCINECOVERAGE_DTP1,Diphtheria tetanus toxoid and pertussis first-dose (DTP1) immunization coverage among 1-year-olds (%) (WUENIC),2016,,62.0,,
VACCINECOVERAGE_DTP1,Diphtheria tetanus toxoid and pertussis first-dose (DTP1) immunization coverage among 1-year-olds (%) (WUENIC),2017,,65.0,,
VACCINECOVERAGE_DTP1,Diphtheria tetanus toxoid and pertussis first-dose (DTP1) immunization coverage among 1-year-olds (%) (WUENIC),2018,,69.0,,
VACCINECOVERAGE_DTP1,Diphtheria tetanus toxoid and pertussis first-dose (DTP1) immunization coverage among 1-year-olds (%) (WUENIC),2019,,72.0,,
VACCINECOVERAGE_DTP1,Diphtheria tetanus toxoid and pertussis first-dose (DTP1) immunization coverage among 1-year-olds (%) (WUENIC),2020,,70.0,,
VACCINECOVERAGE_DTP1,Diphtheria tetanus toxoid and pertussis first-dose (DTP1) immunization coverage among 1-year-olds (%) (WUENIC),2021,,57.0,,
VACCINECOVERAGE_DTP1,Diphtheria tetanus toxoid and pertussis first-dose (DTP1) immunization coverage among 1-year-olds (%) (WUENIC),2022,,63.0,,
VACCINECOVERAGE_DTP1,Diphtheria tetanus toxoid and pertussis first-dose (DTP1) immunization coverage among 1-year-olds (%) (WUENIC),2023,,71.0,,
VACCINECOVERAGE_DTP1,Diphtheria tetanus toxoid and pertussis first-dose (DTP1) immunization coverage among 1-year-olds (%) (WUENIC),2024,,71.0,,
VACCINECOVERAGE_DTP1,Diphtheria tetanus toxoid and pertussis first-dose (DTP1) immunization coverage among 1-year-olds (%) (WUENIC),2025,,70.0,,
WHS4_117,Hepatitis B (HepB3) immunization coverage among 1-year-olds (%) (WUENIC),2025,,62.0,,
WHS4_543,BCG immunization coverage among 1-year-olds (%) (WUENIC),2025,,68.0,,
VACCINECOVERAGE_IPV1,Inactivated first-dose polio vaccine (IPV1) immunization coverage among 1-year-olds (%) (WUENIC),2015,,42.0,,
VACCINECOVERAGE_IPV1,Inactivated first-dose polio vaccine (IPV1) immunization coverage among 1-year-olds (%) (WUENIC),2016,,52.0,,
VACCINECOVERAGE_IPV1,Inactivated first-dose polio vaccine (IPV1) immunization coverage among 1-year-olds (%) (WUENIC),2017,,53.0,,
VACCINECOVERAGE_IPV1,Inactivated first-dose polio vaccine (IPV1) immunization coverage among 1-year-olds (%) (WUENIC),2018,,59.0,,
VACCINECOVERAGE_IPV1,Inactivated first-dose polio vaccine (IPV1) immunization coverage among 1-year-olds (%) (WUENIC),2019,,66.0,,
VACCINECOVERAGE_IPV1,Inactivated first-dose polio vaccine (IPV1) immunization coverage among 1-year-olds (%) (WUENIC),2020,,62.0,,
VACCINECOVERAGE_IPV1,Inactivated first-dose polio vaccine (IPV1) immunization coverage among 1-year-olds (%) (WUENIC),2021,,51.0,,
VACCINECOVERAGE_IPV1,Inactivated first-dose polio vaccine (IPV1) immunization coverage among 1-year-olds (%) (WUENIC),2022,,55.0,,
VACCINECOVERAGE_IPV1,Inactivated first-dose polio vaccine (IPV1) immunization coverage among 1-year-olds (%) (WUENIC),2023,,70.0,,
VACCINECOVERAGE_IPV1,Inactivated first-dose polio vaccine (IPV1) immunization coverage among 1-year-olds (%) (WUENIC),2024,,67.0,,
VACCINECOVERAGE_IPV1,Inactivated first-dose polio vaccine (IPV1) immunization coverage among 1-year-olds (%) (WUENIC),2025,,69.0,,
WHS4_129,Hib (Hib3) immunization coverage among 1-year-olds (%) (WUENIC),2025,,62.0,,
WHS8_110,Measles-containing-vaccine first-dose (MCV1) immunization coverage among 1-year-olds (%) (WUENIC),2025,,56.0,,
MCV2,Measles-containing-vaccine second-dose (MCV2) immunization coverage by the locally recommended age (%) (WUENIC),2025,,35.0,,
ROTAC,Rotavirus vaccines completed dose (RotaC) immunization coverage among 1-year-olds (%),2025,,47.0,,
VACCINECOVERAGE_MENA_C,Meningococcal A conjugate (MENGA) vaccine immunization coverage (%) (WUENIC),2025,,53.0,,
VACCINECOVERAGE_YFV,Yellow fever vaccine (YFV) immunization coverage among 1-year olds (%),2025,,54.0,,
WHS3_56,Neonatal tetanus - number of reported cases,2025,,14.0,,
WHS3_62,Measles - number of reported cases,2025,,21270.0,,
SDGHPVRECEIVED,HPV immunization coverage estimates among primary target cohort (9-14 years old girls) (%),2023,,27.0,,
SDGHPVRECEIVED,HPV immunization coverage estimates among primary target cohort (9-14 years old girls) (%),2024,,60.0,,
SDGHPVRECEIVED,HPV immunization coverage estimates among primary target cohort (9-14 years old girls) (%),2025,,60.0,,
WHS4_544,Polio vaccine: inactivated second or third-dose polio vaccine (IPVc) immunization coverage by the locally recommended age (%) (WUENIC),2021,,17.0,,
WHS4_544,Polio vaccine: inactivated second or third-dose polio vaccine (IPVc) immunization coverage by the locally recommended age (%) (WUENIC),2022,,33.0,,
WHS4_544,Polio vaccine: inactivated second or third-dose polio vaccine (IPVc) immunization coverage by the locally recommended age (%) (WUENIC),2023,,48.0,,
WHS4_544,Polio vaccine: inactivated second or third-dose polio vaccine (IPVc) immunization coverage by the locally recommended age (%) (WUENIC),2024,,54.0,,
WHS4_544,Polio vaccine: inactivated second or third-dose polio vaccine (IPVc) immunization coverage by the locally recommended age (%) (WUENIC),2025,,57.0,,
CM_01,Number of under-five deaths,1993,Both sexes,196873.0,181123.0,213751.0
HIV_0000000011,Reported number of children receiving antiretroviral therapy,2000,,1918.0,,
HIV_0000000011,Reported number of children receiving antiretroviral therapy,2001,,3836.0,,
HIV_0000000011,Reported number of children receiving antiretroviral therapy,2002,,5754.0,,
HIV_0000000011,Reported number of children receiving antiretroviral therapy,2003,,7672.0,,
HIV_0000000011,Reported number of children receiving antiretroviral therapy,2004,,9590.0,,
HIV_0000000011,Reported number of children receiving antiretroviral therapy,2005,,11508.0,,
HIV_0000000011,Reported number of children receiving antiretroviral therapy,2006,,13426.0,,
HIV_0000000011,Reported number of children receiving antiretroviral therapy,2007,,15345.0,,
HIV_0000000011,Reported number of children receiving antiretroviral therapy,2008,,12565.0,,
HIV_0000000011,Reported number of children receiving antiretroviral therapy,2009,,18092.0,,
HIV_0000000011,Reported number of children receiving antiretroviral therapy,2010,,18228.0,,
HIV_0000000011,Reported number of children receiving antiretroviral therapy,2011,,20925.0,,
HIV_0000000011,Reported number of children receiving antiretroviral therapy,2012,,23622.0,,
HIV_0000000011,Reported number of children receiving antiretroviral therapy,2013,,26318.0,,
HIV_0000000011,Reported number of children receiving antiretroviral therapy,2014,,29015.0,,
HIV_0000000011,Reported number of children receiving antiretroviral therapy,2015,,30849.0,,
HIV_0000000011,Reported number of children receiving antiretroviral therapy,2016,,32682.0,,
HIV_0000000011,Reported number of children receiving antiretroviral therapy,2017,,34516.0,,
HIV_0000000011,Reported number of children receiving antiretroviral therapy,2018,,36349.0,,
HIV_0000000011,Reported number of children receiving antiretroviral therapy,2019,,37455.0,,
HIV_0000000011,Reported number of children receiving antiretroviral therapy,2020,,38561.0,,
HIV_0000000011,Reported number of children receiving antiretroviral therapy,2021,,39668.0,,
HIV_0000000011,Reported number of children receiving antiretroviral therapy,2022,,40774.0,,
HIV_0000000011,Reported number of children receiving antiretroviral therapy,2023,,41880.0,,
HIV_0000000011,Reported number of children receiving antiretroviral therapy,2024,,40000.0,,
HIV_0000000011,Reported number of children receiving antiretroviral therapy,2025,,40000.0,,
HIV_0000000024,Estimated antiretroviral therapy coverage among children,2000,,2.0,2.0,2.0
HIV_0000000024,Estimated antiretroviral therapy coverage among children,2001,,4.0,3.0,4.0
HIV_0000000024,Estimated antiretroviral therapy coverage among children,2002,,5.0,4.0,6.0
HIV_0000000024,Estimated antiretroviral therapy coverage among children,2003,,6.0,5.0,8.0
HIV_0000000024,Estimated antiretroviral therapy coverage among children,2004,,8.0,6.0,9.0
HIV_0000000024,Estimated antiretroviral therapy coverage among children,2005,,9.0,7.0,11.0
HIV_0000000024,Estimated antiretroviral therapy coverage among children,2006,,10.0,8.0,12.0
HIV_0000000024,Estimated antiretroviral therapy coverage among children,2007,,12.0,9.0,14.0
HIV_0000000024,Estimated antiretroviral therapy coverage among children,2008,,10.0,8.0,12.0
HIV_0000000024,Estimated antiretroviral therapy coverage among children,2009,,14.0,11.0,17.0
HIV_0000000024,Estimated antiretroviral therapy coverage among children,2010,,14.0,11.0,17.0
HIV_0000000024,Estimated antiretroviral therapy coverage among children,2011,,16.0,13.0,20.0
HIV_0000000024,Estimated antiretroviral therapy coverage among children,2012,,19.0,15.0,23.0
HIV_0000000024,Estimated antiretroviral therapy coverage among children,2013,,22.0,18.0,27.0
HIV_0000000024,Estimated antiretroviral therapy coverage among children,2014,,25.0,21.0,31.0
HIV_0000000024,Estimated antiretroviral therapy coverage among children,2015,,28.0,23.0,34.0
HIV_0000000024,Estimated antiretroviral therapy coverage among children,2016,,31.0,25.0,37.0
HIV_0000000024,Estimated antiretroviral therapy coverage among children,2017,,34.0,27.0,41.0
HIV_0000000024,Estimated antiretroviral therapy coverage among children,2018,,36.0,29.0,44.0
HIV_0000000024,Estimated antiretroviral therapy coverage among children,2019,,39.0,31.0,48.0
HIV_0000000024,Estimated antiretroviral therapy coverage among children,2020,,41.0,34.0,51.0
HIV_0000000024,Estimated antiretroviral therapy coverage among children,2021,,44.0,35.0,54.0
HIV_0000000024,Estimated antiretroviral therapy coverage among children,2022,,46.0,38.0,57.0
HIV_0000000024,Estimated antiretroviral therapy coverage among children,2023,,48.0,40.0,60.0
HIV_0000000024,Estimated antiretroviral therapy coverage among children,2024,,47.0,38.0,58.0
HIV_0000000024,Estimated antiretroviral therapy coverage among children,2025,,49.0,40.0,60.0
HIV_0000000023,Estimated number of children needing antiretroviral therapy based on WHO methods,2000,,99000.0,88000.0,110000.0
HIV_0000000023,Estimated number of children needing antiretroviral therapy based on WHO methods,2001,,110000.0,94000.0,120000.0
HIV_0000000023,Estimated number of children needing antiretroviral therapy based on WHO methods,2002,,110000.0,100000.0,130000.0
HIV_0000000023,Estimated number of children needing antiretroviral therapy based on WHO methods,2003,,120000.0,100000.0,130000.0
HIV_0000000023,Estimated number of children needing antiretroviral therapy based on WHO methods,2004,,120000.0,110000.0,140000.0
HIV_0000000023,Estimated number of children needing antiretroviral therapy based on WHO methods,2005,,130000.0,110000.0,140000.0
HIV_0000000023,Estimated number of children needing antiretroviral therapy based on WHO methods,2006,,130000.0,120000.0,140000.0
HIV_0000000023,Estimated number of children needing antiretroviral therapy based on WHO methods,2007,,130000.0,120000.0,140000.0
HIV_0000000023,Estimated number of children needing antiretroviral therapy based on WHO methods,2008,,130000.0,120000.0,140000.0
HIV_0000000023,Estimated number of children needing antiretroviral therapy based on WHO methods,2009,,130000.0,120000.0,140000.0
HIV_0000000023,Estimated number of children needing antiretroviral therapy based on WHO methods,2010,,130000.0,120000.0,140000.0
HIV_0000000023,Estimated number of children needing antiretroviral therapy based on WHO methods,2011,,130000.0,110000.0,140000.0
HIV_0000000023,Estimated number of children needing antiretroviral therapy based on WHO methods,2012,,130000.0,110000.0,140000.0
HIV_0000000023,Estimated number of children needing antiretroviral therapy based on WHO methods,2013,,120000.0,110000.0,130000.0
HIV_0000000023,Estimated number of children needing antiretroviral therapy based on WHO methods,2014,,120000.0,100000.0,130000.0
HIV_0000000023,Estimated number of children needing antiretroviral therapy based on WHO methods,2015,,110000.0,99000.0,120000.0
HIV_0000000023,Estimated number of children needing antiretroviral therapy based on WHO methods,2016,,110000.0,94000.0,120000.0
HIV_0000000023,Estimated number of children needing antiretroviral therapy based on WHO methods,2017,,100000.0,90000.0,120000.0
HIV_0000000023,Estimated number of children needing antiretroviral therapy based on WHO methods,2018,,100000.0,87000.0,110000.0
HIV_0000000023,Estimated number of children needing antiretroviral therapy based on WHO methods,2019,,96000.0,84000.0,110000.0
HIV_0000000023,Estimated number of children needing antiretroviral therapy based on WHO methods,2020,,93000.0,81000.0,110000.0
HIV_0000000023,Estimated number of children needing antiretroviral therapy based on WHO methods,2021,,91000.0,79000.0,100000.0
HIV_0000000023,Estimated number of children needing antiretroviral therapy based on WHO methods,2022,,88000.0,76000.0,100000.0
HIV_0000000023,Estimated number of children needing antiretroviral therapy based on WHO methods,2023,,87000.0,75000.0,98000.0
HIV_0000000023,Estimated number of children needing antiretroviral therapy based on WHO methods,2024,,85000.0,74000.0,97000.0
HIV_0000000023,Estimated number of children needing antiretroviral therapy based on WHO methods,2025,,82000.0,71000.0,94000.0
HIV_0000000021,Estimated number of pregnant women living with HIV needing antiretrovirals for preventing mother-to-child transmission,2010,,64000.0,53000.0,72000.0
HIV_0000000021,Estimated number of pregnant women living with HIV needing antiretrovirals for preventing mother-to-child transmission,2011,,65000.0,54000.0,75000.0
HIV_0000000021,Estimated number of pregnant women living with HIV needing antiretrovirals for preventing mother-to-child transmission,2012,,65000.0,55000.0,73000.0
HIV_0000000021,Estimated number of pregnant women living with HIV needing antiretrovirals for preventing mother-to-child transmission,2013,,65000.0,54000.0,73000.0
HIV_0000000021,Estimated number of pregnant women living with HIV needing antiretrovirals for preventing mother-to-child transmission,2014,,65000.0,54000.0,73000.0
HIV_0000000021,Estimated number of pregnant women living with HIV needing antiretrovirals for preventing mother-to-child transmission,2015,,64000.0,55000.0,71000.0
HIV_0000000021,Estimated number of pregnant women living with HIV needing antiretrovirals for preventing mother-to-child transmission,2016,,62000.0,52000.0,69000.0
HIV_0000000021,Estimated number of pregnant women living with HIV needing antiretrovirals for preventing mother-to-child transmission,2017,,60000.0,51000.0,68000.0
HIV_0000000021,Estimated number of pregnant women living with HIV needing antiretrovirals for preventing mother-to-child transmission,2018,,58000.0,48000.0,64000.0
HIV_0000000021,Estimated number of pregnant women living with HIV needing antiretrovirals for preventing mother-to-child transmission,2019,,55000.0,47000.0,62000.0
HIV_0000000021,Estimated number of pregnant women living with HIV needing antiretrovirals for preventing mother-to-child transmission,2020,,53000.0,44000.0,59000.0
HIV_0000000021,Estimated number of pregnant women living with HIV needing antiretrovirals for preventing mother-to-child transmission,2021,,52000.0,44000.0,58000.0
HIV_0000000021,Estimated number of pregnant women living with HIV needing antiretrovirals for preventing mother-to-child transmission,2022,,51000.0,43000.0,56000.0
HIV_0000000021,Estimated number of pregnant women living with HIV needing antiretrovirals for preventing mother-to-child transmission,2023,,49000.0,42000.0,55000.0
HIV_0000000021,Estimated number of pregnant women living with HIV needing antiretrovirals for preventing mother-to-child transmission,2024,,47000.0,40000.0,53000.0
HIV_0000000021,Estimated number of pregnant women living with HIV needing antiretrovirals for preventing mother-to-child transmission,2025,,45000.0,38000.0,51000.0
MORTADO,Adolescent mortality rate (per 1 000 age specific cohort),2024,Both sexes,15.60991972,10.32693737,23.25479149
MORTADO,Adolescent mortality rate (per 1 000 age specific cohort),2024,Female,14.21544997,9.147661841,21.6312011
MORTADO,Adolescent mortality rate (per 1 000 age specific cohort),2024,Male,16.95245672,11.19216321,25.06026429
MORTADO,Adolescent mortality rate (per 1 000 age specific cohort),1990,Both sexes,12.78769029,6.304649241,19.69923143
MORTADO,Adolescent mortality rate (per 1 000 age specific cohort),1991,Both sexes,12.58176721,6.432020363,19.31690054
MORTADO,Adolescent mortality rate (per 1 000 age specific cohort),1992,Both sexes,12.38547822,6.570296587,18.90789613
MORTADO,Adolescent mortality rate (per 1 000 age specific cohort),1993,Both sexes,12.17376018,6.615775874,18.55119686
MORTADO,Adolescent mortality rate (per 1 000 age specific cohort),1994,Both sexes,11.98935751,6.652926167,18.10752851
MORTADO,Adolescent mortality rate (per 1 000 age specific cohort),1995,Both sexes,11.77553696,6.685671796,17.67288291
MORTADO,Adolescent mortality rate (per 1 000 age specific cohort),1996,Both sexes,11.57690451,6.710678004,17.14789325
MORTADO,Adolescent mortality rate (per 1 000 age specific cohort),1997,Both sexes,11.38223356,6.753411945,16.58228788
MORTADO,Adolescent mortality rate (per 1 000 age specific cohort),1998,Both sexes,11.16787942,6.776382898,16.08688048
MORTADO,Adolescent mortality rate (per 1 000 age specific cohort),1999,Both sexes,10.95775111,6.782152145,15.44911372
MORTADO,Adolescent mortality rate (per 1 000 age specific cohort),2000,Both sexes,10.74347731,6.858792129,14.92164107
MORTADO,Adolescent mortality rate (per 1 000 age specific cohort),2001,Both sexes,10.54599392,6.84718248,14.47109866
MORTADO,Adolescent mortality rate (per 1 000 age specific cohort),2002,Both sexes,10.36257202,6.824920507,13.98955224
MORTADO,Adolescent mortality rate (per 1 000 age specific cohort),2003,Both sexes,10.19460604,6.794455125,13.62234953
MORTADO,Adolescent mortality rate (per 1 000 age specific cohort),2004,Both sexes,10.03070702,6.763095139,13.33967949
MORTADO,Adolescent mortality rate (per 1 000 age specific cohort),2005,Both sexes,9.878198668,6.727617179,13.07770522
MORTADO,Adolescent mortality rate (per 1 000 age specific cohort),2006,Both sexes,9.734746584,6.665341454,12.87091102
MORTADO,Adolescent mortality rate (per 1 000 age specific cohort),2007,Both sexes,9.602758721,6.615108446,12.62272354
MORTADO,Adolescent mortality rate (per 1 000 age specific cohort),2008,Both sexes,9.475552793,6.562890455,12.4493718
MORTADO,Adolescent mortality rate (per 1 000 age specific cohort),2009,Both sexes,9.357130913,6.446299774,12.27122658
MORTADO,Adolescent mortality rate (per 1 000 age specific cohort),2010,Both sexes,9.2414327,6.39547403,12.16284609
MORTADO,Adolescent mortality rate (per 1 000 age specific cohort),2011,Both sexes,9.140783555,6.26550052,12.09807786
MORTADO,Adolescent mortality rate (per 1 000 age specific cohort),2012,Both sexes,9.051493715,6.145277577,12.05360744
MORTADO,Adolescent mortality rate (per 1 000 age specific cohort),2013,Both sexes,8.973461758,6.050206946,12.01500939
MORTADO,Adolescent mortality rate (per 1 000 age specific cohort),2014,Both sexes,8.905901511,5.957976688,11.97810882
MORTADO,Adolescent mortality rate (per 1 000 age specific cohort),2015,Both sexes,8.859541612,5.875939809,12.01835259
MORTADO,Adolescent mortality rate (per 1 000 age specific cohort),2016,Both sexes,8.826507803,5.793224218,12.08109008
MORTADO,Adolescent mortality rate (per 1 000 age specific cohort),2017,Both sexes,8.797298853,5.712491302,12.19751072
MORTADO,Adolescent mortality rate (per 1 000 age specific cohort),2018,Both sexes,8.785755662,5.588977367,12.36587108
MORTADO,Adolescent mortality rate (per 1 000 age specific cohort),2019,Both sexes,8.796406689,5.396335278,12.63076296
MORTADO,Adolescent mortality rate (per 1 000 age specific cohort),2020,Both sexes,8.802628105,5.105414239,13.04463201
MORTADO,Adolescent mortality rate (per 1 000 age specific cohort),2021,Both sexes,8.813596342,4.808529562,13.57432023
MORTADO,Adolescent mortality rate (per 1 000 age specific cohort),2022,Both sexes,8.824185123,4.459314596,14.2964292
MORTADO,Adolescent mortality rate (per 1 000 age specific cohort),2023,Both sexes,8.799578255,4.13356301,15.10909831
MORTADO,Adolescent mortality rate (per 1 000 age specific cohort),1990,Female,12.81641036,6.255479837,19.83760795
MORTADO,Adolescent mortality rate (per 1 000 age specific cohort),1991,Female,12.57786482,6.407657548,19.46500583
MORTADO,Adolescent mortality rate (per 1 000 age specific cohort),1992,Female,12.36145068,6.530947693,19.01185179
MORTADO,Adolescent mortality rate (per 1 000 age specific cohort),1993,Female,12.12081085,6.549866964,18.58717305
MORTADO,Adolescent mortality rate (per 1 000 age specific cohort),1994,Female,11.91243863,6.56978393,18.0943082
MORTADO,Adolescent mortality rate (per 1 000 age specific cohort),1995,Female,11.67458325,6.595617728,17.65294066
MORTADO,Adolescent mortality rate (per 1 000 age specific cohort),1996,Female,11.44910994,6.59747598,17.12094609
MORTADO,Adolescent mortality rate (per 1 000 age specific cohort),1997,Female,11.23510831,6.61534889,16.47544645
MORTADO,Adolescent mortality rate (per 1 000 age specific cohort),1998,Female,11.01243126,6.648190136,15.93937377
MORTADO,Adolescent mortality rate (per 1 000 age specific cohort),1999,Female,10.78127157,6.66781131,15.32971065
MORTADO,Adolescent mortality rate (per 1 000 age specific cohort),2000,Female,10.55696984,6.694081853,14.74887725
MORTADO,Adolescent mortality rate (per 1 000 age specific cohort),2001,Female,10.34754577,6.678864371,14.26177703
MORTADO,Adolescent mortality rate (per 1 000 age specific cohort),2002,Female,10.15804876,6.663022999,13.84922185
MORTADO,Adolescent mortality rate (per 1 000 age specific cohort),2003,Female,9.974284506,6.647390473,13.45713454
MORTADO,Adolescent mortality rate (per 1 000 age specific cohort),2004,Female,9.802567035,6.605166915,13.10422024
MORTADO,Adolescent mortality rate (per 1 000 age specific cohort),2005,Female,9.645846477,6.556960274,12.86785794
MORTADO,Adolescent mortality rate (per 1 000 age specific cohort),2006,Female,9.476313671,6.449152073,12.62943625
MORTADO,Adolescent mortality rate (per 1 000 age specific cohort),2007,Female,9.318806754,6.378012357,12.37356501
MORTADO,Adolescent mortality rate (per 1 000 age specific cohort),2008,Female,9.174336933,6.325904634,12.1125246
MORTADO,Adolescent mortality rate (per 1 000 age specific cohort),2009,Female,9.04043849,6.203260346,11.93481291
MORTADO,Adolescent mortality rate (per 1 000 age specific cohort),2010,Female,8.901178385,6.097080019,11.80870895
MORTADO,Adolescent mortality rate (per 1 000 age specific cohort),2011,Female,8.780986786,5.980596529,11.72434577
MORTADO,Adolescent mortality rate (per 1 000 age specific cohort),2012,Female,8.68676487,5.863466827,11.65399858
MORTADO,Adolescent mortality rate (per 1 000 age specific cohort),2013,Female,8.590301377,5.74420728,11.58954113
MORTADO,Adolescent mortality rate (per 1 000 age specific cohort),2014,Female,8.506587904,5.659740934,11.55459024
MORTADO,Adolescent mortality rate (per 1 000 age specific cohort),2015,Female,8.443813125,5.577641766,11.54066849
MORTADO,Adolescent mortality rate (per 1 000 age specific cohort),2016,Female,8.399056495,5.480544501,11.58023819
MORTADO,Adolescent mortality rate (per 1 000 age specific cohort),2017,Female,8.374935297,5.420501381,11.71215251
MORTADO,Adolescent mortality rate (per 1 000 age specific cohort),2018,Female,8.373917756,5.292816635,11.9012711
MORTADO,Adolescent mortality rate (per 1 000 age specific cohort),2019,Female,8.387737648,5.125323706,12.1873365
MORTADO,Adolescent mortality rate (per 1 000 age specific cohort),2020,Female,8.395597804,4.839106864,12.53433053
MORTADO,Adolescent mortality rate (per 1 000 age specific cohort),2021,Female,8.395573478,4.533792048,13.06913231
MORTADO,Adolescent mortality rate (per 1 000 age specific cohort),2022,Female,8.3983564,4.201361971,13.79248947
MORTADO,Adolescent mortality rate (per 1 000 age specific cohort),2023,Female,8.378863994,3.904447873,14.53297848
MORTADO,Adolescent mortality rate (per 1 000 age specific cohort),1990,Male,12.75941122,6.29205433,19.71820544
MORTADO,Adolescent mortality rate (per 1 000 age specific cohort),1991,Male,12.58560543,6.437877352,19.31821634
MORTADO,Adolescent mortality rate (per 1 000 age specific cohort),1992,Male,12.40908608,6.539758951,18.95511896
MORTADO,Adolescent mortality rate (per 1 000 age specific cohort),1993,Male,12.22573659,6.615711171,18.65737115
MORTADO,Adolescent mortality rate (per 1 000 age specific cohort),1994,Male,12.06480664,6.656913554,18.13567274
MORTADO,Adolescent mortality rate (per 1 000 age specific cohort),1995,Male,11.87450113,6.716375435,17.83852103
MORTADO,Adolescent mortality rate (per 1 000 age specific cohort),1996,Male,11.70213023,6.738647982,17.35463365
MORTADO,Adolescent mortality rate (per 1 000 age specific cohort),1997,Male,11.52633366,6.774098685,16.81988709
MORTADO,Adolescent mortality rate (per 1 000 age specific cohort),1998,Male,11.32001077,6.849429751,16.3578604
MORTADO,Adolescent mortality rate (per 1 000 age specific cohort),1999,Male,11.13025715,6.881489614,15.83037872
MORTADO,Adolescent mortality rate (per 1 000 age specific cohort),2000,Male,10.92551355,6.943086236,15.31616786
MORTADO,Adolescent mortality rate (per 1 000 age specific cohort),2001,Male,10.73934992,6.944217115,14.8266998
MORTADO,Adolescent mortality rate (per 1 000 age specific cohort),2002,Male,10.56145723,6.913669999,14.38921233
MORTADO,Adolescent mortality rate (per 1 000 age specific cohort),2003,Male,10.40839058,6.917448275,14.0048981
MORTADO,Adolescent mortality rate (per 1 000 age specific cohort),2004,Male,10.25163323,6.903933737,13.73698434
MORTADO,Adolescent mortality rate (per 1 000 age specific cohort),2005,Male,10.10287021,6.819268647,13.44767142
MORTADO,Adolescent mortality rate (per 1 000 age specific cohort),2006,Male,9.984407223,6.761435402,13.25104625
MORTADO,Adolescent mortality rate (per 1 000 age specific cohort),2007,Male,9.87694105,6.77448007,13.05390399
MORTADO,Adolescent mortality rate (per 1 000 age specific cohort),2008,Male,9.766392424,6.722237406,12.88187653
MORTADO,Adolescent mortality rate (per 1 000 age specific cohort),2009,Male,9.662966953,6.613269186,12.71908498
MORTADO,Adolescent mortality rate (per 1 000 age specific cohort),2010,Male,9.570087995,6.5583089,12.60655551
MORTADO,Adolescent mortality rate (per 1 000 age specific cohort),2011,Male,9.488356791,6.465084854,12.56857061
MORTADO,Adolescent mortality rate (per 1 000 age specific cohort),2012,Male,9.403878224,6.364557721,12.50239927
MORTADO,Adolescent mortality rate (per 1 000 age specific cohort),2013,Male,9.343685022,6.288307651,12.53717659
MORTADO,Adolescent mortality rate (per 1 000 age specific cohort),2014,Male,9.291726653,6.164881961,12.5498456
MORTADO,Adolescent mortality rate (per 1 000 age specific cohort),2015,Male,9.261182152,6.121340461,12.58738258
MORTADO,Adolescent mortality rate (per 1 000 age specific cohort),2016,Male,9.239371202,6.045554434,12.65283226
MORTADO,Adolescent mortality rate (per 1 000 age specific cohort),2017,Male,9.205143339,5.948905092,12.76715979
MORTADO,Adolescent mortality rate (per 1 000 age specific cohort),2018,Male,9.183354778,5.801877329,12.97873439
MORTADO,Adolescent mortality rate (per 1 000 age specific cohort),2019,Male,9.190843937,5.627260857,13.27022083
MORTADO,Adolescent mortality rate (per 1 000 age specific cohort),2020,Male,9.19542572,5.306408493,13.70459988
MORTADO,Adolescent mortality rate (per 1 000 age specific cohort),2021,Male,9.217050799,4.991495344,14.24151041
MORTADO,Adolescent mortality rate (per 1 000 age specific cohort),2022,Male,9.235277745,4.65669282,14.99239563
MORTADO,Adolescent mortality rate (per 1 000 age specific cohort),2023,Male,9.205921842,4.320012543,15.84285361
CM_02,Number of infant deaths,2024,Both sexes,519644.0,444782.0,610929.0
CM_02,Number of infant deaths,2024,Female,231292.0,196730.0,273184.0
CM_02,Number of infant deaths,2024,Male,288352.0,245887.0,339849.0
MDG_0000000001,Infant mortality rate (probability of dying between birth and age 1 per 1000 live births),2024,Both sexes,69.771281386,59.634972073,82.162547782
MDG_0000000001,Infant mortality rate (probability of dying between birth and age 1 per 1000 live births),2024,Female,63.167441357,53.700744465,74.805904521
MDG_0000000001,Infant mortality rate (probability of dying between birth and age 1 per 1000 live births),2024,Male,76.017243827,64.77689849,89.878133129
CHILDDEATH5TO14,Number of deaths among children 5 to 14 years of age,2024,Both sexes,138731.0,112225.0,180088.0
CHILDDEATH5TO14,Number of deaths among children 5 to 14 years of age,2024,Female,64076.0,51356.0,83754.0
CHILDDEATH5TO14,Number of deaths among children 5 to 14 years of age,2024,Male,74655.0,60223.0,97347.0
CHILDMORT5TO14,Mortality rate for 5-14 year-olds (probability of dying per 1000 children aged 5-14 years),2024,Both sexes,22.118431797,17.797147681,28.875949943
CHILDMORT5TO14,Mortality rate for 5-14 year-olds (probability of dying per 1000 children aged 5-14 years),2024,Female,20.769138465,16.514737446,27.314415622
CHILDMORT5TO14,Mortality rate for 5-14 year-olds (probability of dying per 1000 children aged 5-14 years),2024,Male,23.42619786,18.774840523,30.710763433
CM_03,Number of neonatal deaths,2024,Both sexes,295006.0,241126.0,363238.0
WHOSIS_000003,Neonatal mortality rate (per 1000 live births),2024,Both sexes,39.045722933,31.912176625,48.080844625
CM_04,Number of deaths among children ages 5 to 9 years,2024,Both sexes,86235.0,72186.0,100692.0
CM_04,Number of deaths among children ages 5 to 9 years,2024,Female,39521.0,32515.0,47018.0
CM_04,Number of deaths among children ages 5 to 9 years,2024,Male,46714.0,38513.0,55534.0
WHOSIS_000016,Mortality rate among children ages 5 to 9 years (per 1000 children aged 5),2024,Both sexes,13.467376326,11.285852556,15.707414238
WHOSIS_000016,Mortality rate among children ages 5 to 9 years (per 1000 children aged 5),2024,Female,12.52718013,10.317862038,14.885865387
WHOSIS_000016,Mortality rate among children ages 5 to 9 years (per 1000 children aged 5),2024,Male,14.380593088,11.871038877,17.072632293
CM_01,Number of under-five deaths,2024,Both sexes,855676.0,730864.0,1008979.0
CM_01,Number of under-five deaths,2024,Female,397831.0,338438.0,470426.0
CM_01,Number of under-five deaths,2024,Male,457845.0,390158.0,540517.0
MDG_0000000007,Under-five mortality rate (probability of dying by age 5 per 1000 live births),2024,Both sexes,115.64943364,98.847987428,136.188585455
MDG_0000000007,Under-five mortality rate (probability of dying by age 5 per 1000 live births),2024,Female,109.490509054,93.291643283,129.339181428
MDG_0000000007,Under-five mortality rate (probability of dying by age 5 per 1000 live births),2024,Male,121.404010258,103.557798273,143.322225852
NUTRITION_ANT_HAZ_NE2,"Stunting prevalence among children under 5 years of age (% height-for-age <-2 SD), survey-based estimates",2003,Wealth - Bottom 80%,47.9,45.9,50.0
NUTRITION_ANT_HAZ_NE2,"Stunting prevalence among children under 5 years of age (% height-for-age <-2 SD), survey-based estimates",2011,Wealth - Bottom 80%,41.0,39.5,42.5
NUTRITION_ANT_HAZ_NE2,"Stunting prevalence among children under 5 years of age (% height-for-age <-2 SD), survey-based estimates",2018,Wealth - Bottom 80%,41.8,40.5,43.1
NUTRITION_ANT_HAZ_NE2,"Stunting prevalence among children under 5 years of age (% height-for-age <-2 SD), survey-based estimates",2016,Wealth - Bottom 80%,49.1,47.7,50.5
NUTRITION_ANT_HAZ_NE2,"Stunting prevalence among children under 5 years of age (% height-for-age <-2 SD), survey-based estimates",2021,Rural,40.0,36.6,43.5
NUTRITION_ANT_HAZ_NE2,"Stunting prevalence among children under 5 years of age (% height-for-age <-2 SD), survey-based estimates",1990,Rural,51.3,48.8,53.8
NUTRITION_ANT_HAZ_NE2,"Stunting prevalence among children under 5 years of age (% height-for-age <-2 SD), survey-based estimates",2003,Rural,47.5,44.7,50.2
NUTRITION_ANT_HAZ_NE2,"Stunting prevalence among children under 5 years of age (% height-for-age <-2 SD), survey-based estimates",2011,Rural,41.3,39.6,43.1
NUTRITION_ANT_HAZ_NE2,"Stunting prevalence among children under 5 years of age (% height-for-age <-2 SD), survey-based estimates",2018,Rural,44.8,43.2,46.3
NUTRITION_ANT_HAZ_NE2,"Stunting prevalence among children under 5 years of age (% height-for-age <-2 SD), survey-based estimates",2016,Rural,49.3,47.8,50.9
NUTRITION_ANT_HAZ_NE2,"Stunting prevalence among children under 5 years of age (% height-for-age <-2 SD), survey-based estimates",2020,Total (All ages),31.5,30.1,33.0
NUTRITION_ANT_HAZ_NE2,"Stunting prevalence among children under 5 years of age (% height-for-age <-2 SD), survey-based estimates",2014,Total (All ages),33.6,32.1,35.0
NUTRITION_ANT_HAZ_NE2,"Stunting prevalence among children under 5 years of age (% height-for-age <-2 SD), survey-based estimates",1993,Total (All ages),43.8,,
NUTRITION_ANT_HAZ_NE2,"Stunting prevalence among children under 5 years of age (% height-for-age <-2 SD), survey-based estimates",2021,Total (All ages),33.8,30.9,36.8
NUTRITION_ANT_HAZ_NE2,"Stunting prevalence among children under 5 years of age (% height-for-age <-2 SD), survey-based estimates",1990,Total (All ages),48.7,46.6,50.8
NUTRITION_ANT_HAZ_NE2,"Stunting prevalence among children under 5 years of age (% height-for-age <-2 SD), survey-based estimates",2003,Total (All ages),42.5,40.2,44.9
NUTRITION_ANT_HAZ_NE2,"Stunting prevalence among children under 5 years of age (% height-for-age <-2 SD), survey-based estimates",2015,Total (All ages),33.0,31.5,34.6
NUTRITION_ANT_HAZ_NE2,"Stunting prevalence among children under 5 years of age (% height-for-age <-2 SD), survey-based estimates",2016,Total (All ages),43.6,42.2,45.0
NUTRITION_ANT_HAZ_NE2,"Stunting prevalence among children under 5 years of age (% height-for-age <-2 SD), survey-based estimates",2011,Total (All ages),35.8,34.1,37.6
NUTRITION_ANT_HAZ_NE2,"Stunting prevalence among children under 5 years of age (% height-for-age <-2 SD), survey-based estimates",2018,Total (All ages),36.8,35.6,38.1
NUTRITION_ANT_HAZ_NE2,"Stunting prevalence among children under 5 years of age (% height-for-age <-2 SD), survey-based estimates",2015,Total,33.0,31.5,34.6
NUTRITION_ANT_HAZ_NE2,"Stunting prevalence among children under 5 years of age (% height-for-age <-2 SD), survey-based estimates",2011,Total,35.8,34.1,37.6
NUTRITION_ANT_HAZ_NE2,"Stunting prevalence among children under 5 years of age (% height-for-age <-2 SD), survey-based estimates",2016,Total,43.6,42.2,45.0
NUTRITION_ANT_HAZ_NE2,"Stunting prevalence among children under 5 years of age (% height-for-age <-2 SD), survey-based estimates",1990,Total,48.7,46.6,50.8
NUTRITION_ANT_HAZ_NE2,"Stunting prevalence among children under 5 years of age (% height-for-age <-2 SD), survey-based estimates",2018,Total,36.8,35.6,38.1
NUTRITION_ANT_HAZ_NE2,"Stunting prevalence among children under 5 years of age (% height-for-age <-2 SD), survey-based estimates",2003,Total,42.5,40.2,44.9
NUTRITION_ANT_HAZ_NE2,"Stunting prevalence among children under 5 years of age (% height-for-age <-2 SD), survey-based estimates",2021,Total,33.8,30.9,36.8
NUTRITION_ANT_HAZ_NE2,"Stunting prevalence among children under 5 years of age (% height-for-age <-2 SD), survey-based estimates",1993,Total,43.8,,
NUTRITION_ANT_HAZ_NE2,"Stunting prevalence among children under 5 years of age (% height-for-age <-2 SD), survey-based estimates",2020,Total,31.5,30.1,33.0
NUTRITION_ANT_HAZ_NE2,"Stunting prevalence among children under 5 years of age (% height-for-age <-2 SD), survey-based estimates",2014,Total,33.6,32.1,35.0
NUTRITION_ANT_HAZ_NE2,"Stunting prevalence among children under 5 years of age (% height-for-age <-2 SD), survey-based estimates",2020,0 to 11 months,22.7,21.0,24.5
NUTRITION_ANT_HAZ_NE2,"Stunting prevalence among children under 5 years of age (% height-for-age <-2 SD), survey-based estimates",2014,0 to 11 months,19.4,18.0,20.9
NUTRITION_ANT_HAZ_NE2,"Stunting prevalence among children under 5 years of age (% height-for-age <-2 SD), survey-based estimates",1990,0 to 11 months,25.6,22.0,29.6
NUTRITION_ANT_HAZ_NE2,"Stunting prevalence among children under 5 years of age (% height-for-age <-2 SD), survey-based estimates",2018,0 to 11 months,21.0,19.1,23.1
NUTRITION_ANT_HAZ_NE2,"Stunting prevalence among children under 5 years of age (% height-for-age <-2 SD), survey-based estimates",2016,0 to 11 months,25.0,23.4,26.6
NUTRITION_ANT_HAZ_NE2,"Stunting prevalence among children under 5 years of age (% height-for-age <-2 SD), survey-based estimates",2011,0 to 11 months,16.9,15.2,18.6
NUTRITION_ANT_HAZ_NE2,"Stunting prevalence among children under 5 years of age (% height-for-age <-2 SD), survey-based estimates",2003,0 to 11 months,26.4,22.9,30.2
NUTRITION_ANT_HAZ_NE2,"Stunting prevalence among children under 5 years of age (% height-for-age <-2 SD), survey-based estimates",2015,0 to 11 months,18.8,17.3,20.4
NUTRITION_ANT_HAZ_NE2,"Stunting prevalence among children under 5 years of age (% height-for-age <-2 SD), survey-based estimates",2011,36 to 41 months,38.9,35.6,42.3
NUTRITION_ANT_HAZ_NE2,"Stunting prevalence among children under 5 years of age (% height-for-age <-2 SD), survey-based estimates",2016,36 to 41 months,48.3,45.6,50.9
NUTRITION_ANT_HAZ_NE2,"Stunting prevalence among children under 5 years of age (% height-for-age <-2 SD), survey-based estimates",2015,36 to 41 months,38.5,35.8,41.3
NUTRITION_ANT_HAZ_NE2,"Stunting prevalence among children under 5 years of age (% height-for-age <-2 SD), survey-based estimates",2018,36 to 41 months,42.7,39.7,45.8
NUTRITION_ANT_HAZ_NE2,"Stunting prevalence among children under 5 years of age (% height-for-age <-2 SD), survey-based estimates",2003,36 to 41 months,50.5,45.4,55.5
NUTRITION_ANT_HAZ_NE2,"Stunting prevalence among children under 5 years of age (% height-for-age <-2 SD), survey-based estimates",1990,36 to 41 months,60.2,54.3,65.9
NUTRITION_ANT_HAZ_NE2,"Stunting prevalence among children under 5 years of age (% height-for-age <-2 SD), survey-based estimates",2020,36 to 41 months,34.3,31.5,37.3
NUTRITION_ANT_HAZ_NE2,"Stunting prevalence among children under 5 years of age (% height-for-age <-2 SD), survey-based estimates",2014,36 to 41 months,38.0,35.4,40.7
NUTRITION_ANT_HAZ_NE2,"Stunting prevalence among children under 5 years of age (% height-for-age <-2 SD), survey-based estimates",2018,Secondary education,23.4,21.8,25.1
NUTRITION_ANT_HAZ_NE2,"Stunting prevalence among children under 5 years of age (% height-for-age <-2 SD), survey-based estimates",2011,Secondary education,18.2,16.5,20.0
NUTRITION_ANT_HAZ_NE2,"Stunting prevalence among children under 5 years of age (% height-for-age <-2 SD), survey-based estimates",2016,Secondary education,27.6,25.8,29.4
NUTRITION_ANT_HAZ_NE2,"Stunting prevalence among children under 5 years of age (% height-for-age <-2 SD), survey-based estimates",1990,Secondary education,37.3,31.5,43.4
NUTRITION_ANT_HAZ_NE2,"Stunting prevalence among children under 5 years of age (% height-for-age <-2 SD), survey-based estimates",2003,Secondary education,25.8,22.2,29.9
NUTRITION_ANT_HAZ_NE2,"Stunting prevalence among children under 5 years of age (% height-for-age <-2 SD), survey-based estimates",2018,Wealth - Top 60%,27.3,25.9,28.9
NUTRITION_ANT_HAZ_NE2,"Stunting prevalence among children under 5 years of age (% height-for-age <-2 SD), survey-based estimates",2016,Wealth - Top 60%,31.8,30.1,33.5
NUTRITION_ANT_HAZ_NE2,"Stunting prevalence among children under 5 years of age (% height-for-age <-2 SD), survey-based estimates",2003,Wealth - Top 60%,35.3,32.0,38.8
NUTRITION_ANT_HAZ_NE2,"Stunting prevalence among children under 5 years of age (% height-for-age <-2 SD), survey-based estimates",2011,Wealth - Top 60%,24.0,22.1,26.0
NUTRITION_ANT_HAZ_NE2,"Stunting prevalence among children under 5 years of age (% height-for-age <-2 SD), survey-based estimates",2018,Wealth - Top 80%,32.6,31.3,34.0
NUTRITION_ANT_HAZ_NE2,"Stunting prevalence among children under 5 years of age (% height-for-age <-2 SD), survey-based estimates",2016,Wealth - Top 80%,38.0,36.6,39.5
NUTRITION_ANT_HAZ_NE2,"Stunting prevalence among children under 5 years of age (% height-for-age <-2 SD), survey-based estimates",2011,Wealth - Top 80%,30.5,28.7,32.4
NUTRITION_ANT_HAZ_NE2,"Stunting prevalence among children under 5 years of age (% height-for-age <-2 SD), survey-based estimates",2003,Wealth - Top 80%,39.7,37.0,42.5
NUTRITION_ANT_HAZ_NE2,"Stunting prevalence among children under 5 years of age (% height-for-age <-2 SD), survey-based estimates",2021,Q3,33.0,27.9,38.5
NUTRITION_ANT_HAZ_NE2,"Stunting prevalence among children under 5 years of age (% height-for-age <-2 SD), survey-based estimates",2003,Q3,48.6,44.1,53.1
NUTRITION_ANT_HAZ_NE2,"Stunting prevalence among children under 5 years of age (% height-for-age <-2 SD), survey-based estimates",2011,Q3,34.9,32.6,37.3
NUTRITION_ANT_HAZ_NE2,"Stunting prevalence among children under 5 years of age (% height-for-age <-2 SD), survey-based estimates",2016,Q3,43.5,40.9,46.2
NUTRITION_ANT_HAZ_NE2,"Stunting prevalence among children under 5 years of age (% height-for-age <-2 SD), survey-based estimates",2018,Q3,37.8,35.5,40.1
NUTRITION_ANT_HAZ_NE2,"Stunting prevalence among children under 5 years of age (% height-for-age <-2 SD), survey-based estimates",2016,12 to 23 months,47.0,45.1,48.9
NUTRITION_ANT_HAZ_NE2,"Stunting prevalence among children under 5 years of age (% height-for-age <-2 SD), survey-based estimates",2018,12 to 23 months,38.6,36.3,41.0
NUTRITION_ANT_HAZ_NE2,"Stunting prevalence among children under 5 years of age (% height-for-age <-2 SD), survey-based estimates",2011,12 to 23 months,37.0,34.2,39.8
NUTRITION_ANT_HAZ_NE2,"Stunting prevalence among children under 5 years of age (% height-for-age <-2 SD), survey-based estimates",2015,12 to 23 months,36.1,34.0,38.3
NUTRITION_ANT_HAZ_NE2,"Stunting prevalence among children under 5 years of age (% height-for-age <-2 SD), survey-based estimates",2003,12 to 23 months,48.3,43.5,53.1
NUTRITION_ANT_HAZ_NE2,"Stunting prevalence among children under 5 years of age (% height-for-age <-2 SD), survey-based estimates",1990,12 to 23 months,48.9,45.0,52.7
NUTRITION_ANT_HAZ_NE2,"Stunting prevalence among children under 5 years of age (% height-for-age <-2 SD), survey-based estimates",2014,12 to 23 months,36.2,34.2,38.3
NUTRITION_ANT_HAZ_NE2,"Stunting prevalence among children under 5 years of age (% height-for-age <-2 SD), survey-based estimates",2020,12 to 23 months,36.2,33.8,38.7
NUTRITION_ANT_HAZ_NE2,"Stunting prevalence among children under 5 years of age (% height-for-age <-2 SD), survey-based estimates",2021,12 to 23 months,32.0,28.0,36.4
NUTRITION_ANT_HAZ_NE2,"Stunting prevalence among children under 5 years of age (% height-for-age <-2 SD), survey-based estimates",2014,42 to 47 months,38.6,35.8,41.5
NUTRITION_ANT_HAZ_NE2,"Stunting prevalence among children under 5 years of age (% height-for-age <-2 SD), survey-based estimates",2020,42 to 47 months,31.1,28.1,34.3
NUTRITION_ANT_HAZ_NE2,"Stunting prevalence among children under 5 years of age (% height-for-age <-2 SD), survey-based estimates",2011,42 to 47 months,48.7,45.4,52.0
NUTRITION_ANT_HAZ_NE2,"Stunting prevalence among children under 5 years of age (% height-for-age <-2 SD), survey-based estimates",2018,42 to 47 months,42.6,38.6,46.6
NUTRITION_ANT_HAZ_NE2,"Stunting prevalence among children under 5 years of age (% height-for-age <-2 SD), survey-based estimates",2016,42 to 47 months,50.6,47.6,53.5
NUTRITION_ANT_HAZ_NE2,"Stunting prevalence among children under 5 years of age (% height-for-age <-2 SD), survey-based estimates",1990,42 to 47 months,65.2,57.2,72.4
NUTRITION_ANT_HAZ_NE2,"Stunting prevalence among children under 5 years of age (% height-for-age <-2 SD), survey-based estimates",2003,42 to 47 months,48.1,42.7,53.6
NUTRITION_ANT_HAZ_NE2,"Stunting prevalence among children under 5 years of age (% height-for-age <-2 SD), survey-based estimates",2015,42 to 47 months,33.4,30.5,36.4
NUTRITION_ANT_HAZ_NE2,"Stunting prevalence among children under 5 years of age (% height-for-age <-2 SD), survey-based estimates",2021,,33.8,30.9,36.8
NUTRITION_ANT_HAZ_NE2,"Stunting prevalence among children under 5 years of age (% height-for-age <-2 SD), survey-based estimates",2020,,31.5,30.1,33.0
NUTRITION_ANT_HAZ_NE2,"Stunting prevalence among children under 5 years of age (% height-for-age <-2 SD), survey-based estimates",2014,,33.6,32.1,35.0
NUTRITION_ANT_HAZ_NE2,"Stunting prevalence among children under 5 years of age (% height-for-age <-2 SD), survey-based estimates",1993,,43.8,,
NUTRITION_ANT_HAZ_NE2,"Stunting prevalence among children under 5 years of age (% height-for-age <-2 SD), survey-based estimates",2003,,42.5,40.2,44.9
NUTRITION_ANT_HAZ_NE2,"Stunting prevalence among children under 5 years of age (% height-for-age <-2 SD), survey-based estimates",1990,,48.7,46.6,50.8
NUTRITION_ANT_HAZ_NE2,"Stunting prevalence among children under 5 years of age (% height-for-age <-2 SD), survey-based estimates",2011,,35.8,34.1,37.6
NUTRITION_ANT_HAZ_NE2,"Stunting prevalence among children under 5 years of age (% height-for-age <-2 SD), survey-based estimates",2018,,36.8,35.6,38.1
NUTRITION_ANT_HAZ_NE2,"Stunting prevalence among children under 5 years of age (% height-for-age <-2 SD), survey-based estimates",2015,,33.0,31.5,34.6
NUTRITION_ANT_HAZ_NE2,"Stunting prevalence among children under 5 years of age (% height-for-age <-2 SD), survey-based estimates",2016,,43.6,42.2,45.0
NUTRITION_ANT_HAZ_NE2,"Stunting prevalence among children under 5 years of age (% height-for-age <-2 SD), survey-based estimates",2014,12 to 17 months,29.8,27.6,32.1
NUTRITION_ANT_HAZ_NE2,"Stunting prevalence among children under 5 years of age (% height-for-age <-2 SD), survey-based estimates",2020,12 to 17 months,31.7,28.8,34.8
NUTRITION_ANT_HAZ_NE2,"Stunting prevalence among children under 5 years of age (% height-for-age <-2 SD), survey-based estimates",1990,12 to 17 months,42.9,38.4,47.5
NUTRITION_ANT_HAZ_NE2,"Stunting prevalence among children under 5 years of age (% height-for-age <-2 SD), survey-based estimates",2003,12 to 17 months,45.6,39.8,51.5
NUTRITION_ANT_HAZ_NE2,"Stunting prevalence among children under 5 years of age (% height-for-age <-2 SD), survey-based estimates",2015,12 to 17 months,32.1,29.7,34.7
NUTRITION_ANT_HAZ_NE2,"Stunting prevalence among children under 5 years of age (% height-for-age <-2 SD), survey-based estimates",2018,12 to 17 months,35.9,32.6,39.3
NUTRITION_ANT_HAZ_NE2,"Stunting prevalence among children under 5 years of age (% height-for-age <-2 SD), survey-based estimates",2016,12 to 17 months,41.9,39.6,44.3
NUTRITION_ANT_HAZ_NE2,"Stunting prevalence among children under 5 years of age (% height-for-age <-2 SD), survey-based estimates",2011,12 to 17 months,28.8,25.6,32.1
NUTRITION_ANT_HAZ_NE2,"Stunting prevalence among children under 5 years of age (% height-for-age <-2 SD), survey-based estimates",2015,Both sexes,33.0,31.5,34.6
NUTRITION_ANT_HAZ_NE2,"Stunting prevalence among children under 5 years of age (% height-for-age <-2 SD), survey-based estimates",2011,Both sexes,35.8,34.1,37.6
NUTRITION_ANT_HAZ_NE2,"Stunting prevalence among children under 5 years of age (% height-for-age <-2 SD), survey-based estimates",2016,Both sexes,43.6,42.2,45.0
NUTRITION_ANT_HAZ_NE2,"Stunting prevalence among children under 5 years of age (% height-for-age <-2 SD), survey-based estimates",2018,Both sexes,36.8,35.6,38.1
NUTRITION_ANT_HAZ_NE2,"Stunting prevalence among children under 5 years of age (% height-for-age <-2 SD), survey-based estimates",1990,Both sexes,48.7,46.6,50.8
NUTRITION_ANT_HAZ_NE2,"Stunting prevalence among children under 5 years of age (% height-for-age <-2 SD), survey-based estimates",2003,Both sexes,42.5,40.2,44.9
NUTRITION_ANT_HAZ_NE2,"Stunting prevalence among children under 5 years of age (% height-for-age <-2 SD), survey-based estimates",2014,Both sexes,33.6,32.1,35.0
NUTRITION_ANT_HAZ_NE2,"Stunting prevalence among children under 5 years of age (% height-for-age <-2 SD), survey-based estimates",2021,Both sexes,33.8,30.9,36.8
NUTRITION_ANT_HAZ_NE2,"Stunting prevalence among children under 5 years of age (% height-for-age <-2 SD), survey-based estimates",1993,Both sexes,43.8,,
NUTRITION_ANT_HAZ_NE2,"Stunting prevalence among children under 5 years of age (% height-for-age <-2 SD), survey-based estimates",2020,Both sexes,31.5,30.1,33.0
NUTRITION_ANT_HAZ_NE2,"Stunting prevalence among children under 5 years of age (% height-for-age <-2 SD), survey-based estimates",2016,Female,41.4,39.9,43.0
NUTRITION_ANT_HAZ_NE2,"Stunting prevalence among children under 5 years of age (% height-for-age <-2 SD), survey-based estimates",2018,Female,34.1,32.6,35.7
NUTRITION_ANT_HAZ_NE2,"Stunting prevalence among children under 5 years of age (% height-for-age <-2 SD), survey-based estimates",2011,Female,34.9,33.1,36.7
NUTRITION_ANT_HAZ_NE2,"Stunting prevalence among children under 5 years of age (% height-for-age <-2 SD), survey-based estimates",1990,Primary,47.1,43.6,50.6
NUTRITION_ANT_HAZ_NE2,"Stunting prevalence among children under 5 years of age (% height-for-age <-2 SD), survey-based estimates",2003,Primary,40.8,36.9,44.7
NUTRITION_ANT_HAZ_NE2,"Stunting prevalence among children under 5 years of age (% height-for-age <-2 SD), survey-based estimates",2011,Primary,31.7,29.6,33.9
NUTRITION_ANT_HAZ_NE2,"Stunting prevalence among children under 5 years of age (% height-for-age <-2 SD), survey-based estimates",2018,Primary,37.9,35.3,40.6
NUTRITION_ANT_HAZ_NE2,"Stunting prevalence among children under 5 years of age (% height-for-age <-2 SD), survey-based estimates",2016,Primary,38.8,36.3,41.3
NUTRITION_ANT_HAZ_NE2,"Stunting prevalence among children under 5 years of age (% height-for-age <-2 SD), survey-based estimates",2003,0 to 5 months,21.5,17.5,26.1
NUTRITION_ANT_HAZ_NE2,"Stunting prevalence among children under 5 years of age (% height-for-age <-2 SD), survey-based estimates",2014,0 to 5 months,16.7,14.9,18.5
NUTRITION_ANT_HAZ_NE2,"Stunting prevalence among children under 5 years of age (% height-for-age <-2 SD), survey-based estimates",2020,0 to 5 months,20.9,18.7,23.3
NUTRITION_ANT_HAZ_NE2,"Stunting prevalence among children under 5 years of age (% height-for-age <-2 SD), survey-based estimates",1990,0 to 5 months,23.7,17.3,31.6
NUTRITION_ANT_HAZ_NE2,"Stunting prevalence among children under 5 years of age (% height-for-age <-2 SD), survey-based estimates",2011,0 to 5 months,14.7,12.8,16.7
NUTRITION_ANT_HAZ_NE2,"Stunting prevalence among children under 5 years of age (% height-for-age <-2 SD), survey-based estimates",2018,0 to 5 months,18.7,16.2,21.4
NUTRITION_ANT_HAZ_NE2,"Stunting prevalence among children under 5 years of age (% height-for-age <-2 SD), survey-based estimates",2015,0 to 5 months,15.4,13.8,17.2
NUTRITION_ANT_HAZ_NE2,"Stunting prevalence among children under 5 years of age (% height-for-age <-2 SD), survey-based estimates",2016,0 to 5 months,21.9,20.0,23.9
NUTRITION_ANT_HAZ_NE2,"Stunting prevalence among children under 5 years of age (% height-for-age <-2 SD), survey-based estimates",2016,Higher education,15.5,13.2,18.2
NUTRITION_ANT_HAZ_NE2,"Stunting prevalence among children under 5 years of age (% height-for-age <-2 SD), survey-based estimates",2018,Higher education,13.7,11.1,16.8
NUTRITION_ANT_HAZ_NE2,"Stunting prevalence among children under 5 years of age (% height-for-age <-2 SD), survey-based estimates",2003,Higher education,9.2,5.2,15.8
NUTRITION_ANT_HAZ_NE2,"Stunting prevalence among children under 5 years of age (% height-for-age <-2 SD), survey-based estimates",1990,Higher education,9.5,3.9,21.4
NUTRITION_ANT_HAZ_NE2,"Stunting prevalence among children under 5 years of age (% height-for-age <-2 SD), survey-based estimates",2003,Wealth - Middle 60%,46.0,43.6,48.6
NUTRITION_ANT_HAZ_NE2,"Stunting prevalence among children under 5 years of age (% height-for-age <-2 SD), survey-based estimates",2016,Wealth - Middle 60%,44.0,42.5,45.5
NUTRITION_ANT_HAZ_NE2,"Stunting prevalence among children under 5 years of age (% height-for-age <-2 SD), survey-based estimates",2011,Wealth - Middle 60%,36.0,34.3,37.7
NUTRITION_ANT_HAZ_NE2,"Stunting prevalence among children under 5 years of age (% height-for-age <-2 SD), survey-based estimates",2018,Wealth - Middle 60%,37.7,36.3,39.2
NUTRITION_ANT_HAZ_NE2,"Stunting prevalence among children under 5 years of age (% height-for-age <-2 SD), survey-based estimates",2021,Q1 (Poorest),47.9,43.2,52.6
NUTRITION_ANT_HAZ_NE2,"Stunting prevalence among children under 5 years of age (% height-for-age <-2 SD), survey-based estimates",2003,Q1 (Poorest),53.5,48.7,58.2
NUTRITION_ANT_HAZ_NE2,"Stunting prevalence among children under 5 years of age (% height-for-age <-2 SD), survey-based estimates",2011,Q1 (Poorest),54.0,52.1,55.9
NUTRITION_ANT_HAZ_NE2,"Stunting prevalence among children under 5 years of age (% height-for-age <-2 SD), survey-based estimates",2016,Q1 (Poorest),62.8,60.8,64.8
NUTRITION_ANT_HAZ_NE2,"Stunting prevalence among children under 5 years of age (% height-for-age <-2 SD), survey-based estimates",2018,Q1 (Poorest),55.4,52.8,57.9
NUTRITION_ANT_HAZ_NE2,"Stunting prevalence among children under 5 years of age (% height-for-age <-2 SD), survey-based estimates",2015,24 to 29 months,42.6,39.7,45.5
NUTRITION_ANT_HAZ_NE2,"Stunting prevalence among children under 5 years of age (% height-for-age <-2 SD), survey-based estimates",2016,24 to 29 months,53.5,50.9,56.1
NUTRITION_ANT_HAZ_NE2,"Stunting prevalence among children under 5 years of age (% height-for-age <-2 SD), survey-based estimates",2011,24 to 29 months,41.5,38.3,44.7
NUTRITION_ANT_HAZ_NE2,"Stunting prevalence among children under 5 years of age (% height-for-age <-2 SD), survey-based estimates",2018,24 to 29 months,48.2,45.0,51.3
NUTRITION_ANT_HAZ_NE2,"Stunting prevalence among children under 5 years of age (% height-for-age <-2 SD), survey-based estimates",2003,24 to 29 months,54.4,49.3,59.5
NUTRITION_ANT_HAZ_NE2,"Stunting prevalence among children under 5 years of age (% height-for-age <-2 SD), survey-based estimates",2014,24 to 29 months,43.8,41.2,46.4
NUTRITION_ANT_HAZ_NE2,"Stunting prevalence among children under 5 years of age (% height-for-age <-2 SD), survey-based estimates",1990,24 to 29 months,61.8,56.5,66.8
NUTRITION_ANT_HAZ_NE2,"Stunting prevalence among children under 5 years of age (% height-for-age <-2 SD), survey-based estimates",2020,24 to 29 months,36.8,33.9,39.9
NUTRITION_ANT_HAZ_NE2,"Stunting prevalence among children under 5 years of age (% height-for-age <-2 SD), survey-based estimates",2003,Wealth - Bottom 60%,51.5,49.4,53.6
NUTRITION_ANT_HAZ_NE2,"Stunting prevalence among children under 5 years of age (% height-for-age <-2 SD), survey-based estimates",2016,Wealth - Bottom 60%,54.0,52.5,55.5
NUTRITION_ANT_HAZ_NE2,"Stunting prevalence among children under 5 years of age (% height-for-age <-2 SD), survey-based estimates",2018,Wealth - Bottom 60%,47.1,45.6,48.6
NUTRITION_ANT_HAZ_NE2,"Stunting prevalence among children under 5 years of age (% height-for-age <-2 SD), survey-based estimates",2011,Wealth - Bottom 60%,46.4,44.9,47.9
NUTRITION_ANT_HAZ_NE2,"Stunting prevalence among children under 5 years of age (% height-for-age <-2 SD), survey-based estimates",2020,30 to 35 months,35.6,32.7,38.7
NUTRITION_ANT_HAZ_NE2,"Stunting prevalence among children under 5 years of age (% height-for-age <-2 SD), survey-based estimates",2003,30 to 35 months,46.1,39.8,52.5
NUTRITION_ANT_HAZ_NE2,"Stunting prevalence among children under 5 years of age (% height-for-age <-2 SD), survey-based estimates",2014,30 to 35 months,42.7,39.8,45.7
NUTRITION_ANT_HAZ_NE2,"Stunting prevalence among children under 5 years of age (% height-for-age <-2 SD), survey-based estimates",1990,30 to 35 months,62.7,56.0,69.0
NUTRITION_ANT_HAZ_NE2,"Stunting prevalence among children under 5 years of age (% height-for-age <-2 SD), survey-based estimates",2018,30 to 35 months,45.9,41.9,49.8
NUTRITION_ANT_HAZ_NE2,"Stunting prevalence among children under 5 years of age (% height-for-age <-2 SD), survey-based estimates",2015,30 to 35 months,44.1,41.1,47.2
NUTRITION_ANT_HAZ_NE2,"Stunting prevalence among children under 5 years of age (% height-for-age <-2 SD), survey-based estimates",2016,30 to 35 months,56.5,53.7,59.4
NUTRITION_ANT_HAZ_NE2,"Stunting prevalence among children under 5 years of age (% height-for-age <-2 SD), survey-based estimates",2011,30 to 35 months,46.4,42.5,50.3
NUTRITION_ANT_HAZ_NE2,"Stunting prevalence among children under 5 years of age (% height-for-age <-2 SD), survey-based estimates",2003,24 to 59 months,48.0,45.2,50.8
NUTRITION_ANT_HAZ_NE2,"Stunting prevalence among children under 5 years of age (% height-for-age <-2 SD), survey-based estimates",2020,24 to 59 months,33.0,31.3,34.8
NUTRITION_ANT_HAZ_NE2,"Stunting prevalence among children under 5 years of age (% height-for-age <-2 SD), survey-based estimates",2014,24 to 59 months,38.2,36.4,40.0
NUTRITION_ANT_HAZ_NE2,"Stunting prevalence among children under 5 years of age (% height-for-age <-2 SD), survey-based estimates",1990,24 to 59 months,60.1,57.5,62.6
NUTRITION_ANT_HAZ_NE2,"Stunting prevalence among children under 5 years of age (% height-for-age <-2 SD), survey-based estimates",2015,24 to 59 months,37.7,35.8,39.6
NUTRITION_ANT_HAZ_NE2,"Stunting prevalence among children under 5 years of age (% height-for-age <-2 SD), survey-based estimates",2016,24 to 59 months,48.6,46.9,50.2
NUTRITION_ANT_HAZ_NE2,"Stunting prevalence among children under 5 years of age (% height-for-age <-2 SD), survey-based estimates",2011,24 to 59 months,42.5,40.4,44.5
NUTRITION_ANT_HAZ_NE2,"Stunting prevalence among children under 5 years of age (% height-for-age <-2 SD), survey-based estimates",2018,24 to 59 months,41.5,39.9,43.1
NUTRITION_ANT_HAZ_NE2,"Stunting prevalence among children under 5 years of age (% height-for-age <-2 SD), survey-based estimates",1990,18 to 23 months,58.4,52.0,64.5
NUTRITION_ANT_HAZ_NE2,"Stunting prevalence among children under 5 years of age (% height-for-age <-2 SD), survey-based estimates",2020,18 to 23 months,40.9,37.8,44.1
NUTRITION_ANT_HAZ_NE2,"Stunting prevalence among children under 5 years of age (% height-for-age <-2 SD), survey-based estimates",2014,18 to 23 months,43.8,41.0,46.7
NUTRITION_ANT_HAZ_NE2,"Stunting prevalence among children under 5 years of age (% height-for-age <-2 SD), survey-based estimates",2003,18 to 23 months,52.2,45.9,58.4
NUTRITION_ANT_HAZ_NE2,"Stunting prevalence among children under 5 years of age (% height-for-age <-2 SD), survey-based estimates",2011,18 to 23 months,46.7,43.2,50.3
NUTRITION_ANT_HAZ_NE2,"Stunting prevalence among children under 5 years of age (% height-for-age <-2 SD), survey-based estimates",2018,18 to 23 months,42.1,38.5,45.8
NUTRITION_ANT_HAZ_NE2,"Stunting prevalence among children under 5 years of age (% height-for-age <-2 SD), survey-based estimates",2016,18 to 23 months,54.1,51.4,56.9
NUTRITION_ANT_HAZ_NE2,"Stunting prevalence among children under 5 years of age (% height-for-age <-2 SD), survey-based estimates",2015,18 to 23 months,40.9,38.0,43.9
NUTRITION_ANT_HAZ_NE2,"Stunting prevalence among children under 5 years of age (% height-for-age <-2 SD), survey-based estimates",2016,24 to 35 months,54.8,52.8,56.9
NUTRITION_ANT_HAZ_NE2,"Stunting prevalence among children under 5 years of age (% height-for-age <-2 SD), survey-based estimates",2015,24 to 35 months,43.3,40.9,45.7
NUTRITION_ANT_HAZ_NE2,"Stunting prevalence among children under 5 years of age (% height-for-age <-2 SD), survey-based estimates",2018,24 to 35 months,47.2,44.6,49.7
NUTRITION_ANT_HAZ_NE2,"Stunting prevalence among children under 5 years of age (% height-for-age <-2 SD), survey-based estimates",2011,24 to 35 months,43.8,41.0,46.7
NUTRITION_ANT_HAZ_NE2,"Stunting prevalence among children under 5 years of age (% height-for-age <-2 SD), survey-based estimates",2003,24 to 35 months,50.9,46.3,55.5
NUTRITION_ANT_HAZ_NE2,"Stunting prevalence among children under 5 years of age (% height-for-age <-2 SD), survey-based estimates",2020,24 to 35 months,36.3,33.9,38.6
NUTRITION_ANT_HAZ_NE2,"Stunting prevalence among children under 5 years of age (% height-for-age <-2 SD), survey-based estimates",2014,24 to 35 months,43.3,41.1,45.5
NUTRITION_ANT_HAZ_NE2,"Stunting prevalence among children under 5 years of age (% height-for-age <-2 SD), survey-based estimates",1990,24 to 35 months,62.2,58.3,65.9
NUTRITION_ANT_HAZ_NE2,"Stunting prevalence among children under 5 years of age (% height-for-age <-2 SD), survey-based estimates",2021,24 to 35 months,39.8,35.5,44.2
NUTRITION_ANT_HAZ_NE2,"Stunting prevalence among children under 5 years of age (% height-for-age <-2 SD), survey-based estimates",2021,Q4,23.1,19.7,26.9
NUTRITION_ANT_HAZ_NE2,"Stunting prevalence among children under 5 years of age (% height-for-age <-2 SD), survey-based estimates",2003,Q4,36.7,32.0,41.7
NUTRITION_ANT_HAZ_NE2,"Stunting prevalence among children under 5 years of age (% height-for-age <-2 SD), survey-based estimates",2011,Q4,23.6,21.0,26.5
NUTRITION_ANT_HAZ_NE2,"Stunting prevalence among children under 5 years of age (% height-for-age <-2 SD), survey-based estimates",2016,Q4,32.2,29.6,35.0
NUTRITION_ANT_HAZ_NE2,"Stunting prevalence among children under 5 years of age (% height-for-age <-2 SD), survey-based estimates",2018,Q4,26.9,24.5,29.4
NUTRITION_ANT_HAZ_NE2,"Stunting prevalence among children under 5 years of age (% height-for-age <-2 SD), survey-based estimates",2018,48 to 59 months,34.9,32.7,37.2
NUTRITION_ANT_HAZ_NE2,"Stunting prevalence among children under 5 years of age (% height-for-age <-2 SD), survey-based estimates",2011,48 to 59 months,39.4,36.9,42.0
NUTRITION_ANT_HAZ_NE2,"Stunting prevalence among children under 5 years of age (% height-for-age <-2 SD), survey-based estimates",2015,48 to 59 months,31.8,29.5,34.2
NUTRITION_ANT_HAZ_NE2,"Stunting prevalence among children under 5 years of age (% height-for-age <-2 SD), survey-based estimates",2016,48 to 59 months,41.7,39.7,43.8
NUTRITION_ANT_HAZ_NE2,"Stunting prevalence among children under 5 years of age (% height-for-age <-2 SD), survey-based estimates",2021,48 to 59 months,33.1,28.4,38.2
NUTRITION_ANT_HAZ_NE2,"Stunting prevalence among children under 5 years of age (% height-for-age <-2 SD), survey-based estimates",2014,48 to 59 months,31.8,29.6,34.1
NUTRITION_ANT_HAZ_NE2,"Stunting prevalence among children under 5 years of age (% height-for-age <-2 SD), survey-based estimates",2020,48 to 59 months,29.2,26.9,31.6
NUTRITION_ANT_HAZ_NE2,"Stunting prevalence among children under 5 years of age (% height-for-age <-2 SD), survey-based estimates",2003,48 to 59 months,42.6,38.4,47.0
NUTRITION_ANT_HAZ_NE2,"Stunting prevalence among children under 5 years of age (% height-for-age <-2 SD), survey-based estimates",1990,48 to 59 months,55.5,51.8,59.3
NUTRITION_ANT_HAZ_NE2,"Stunting prevalence among children under 5 years of age (% height-for-age <-2 SD), survey-based estimates",2003,6 to 59 months,45.7,43.2,48.1
NUTRITION_ANT_HAZ_NE2,"Stunting prevalence among children under 5 years of age (% height-for-age <-2 SD), survey-based estimates",2014,6 to 59 months,35.7,34.1,37.3
NUTRITION_ANT_HAZ_NE2,"Stunting prevalence among children under 5 years of age (% height-for-age <-2 SD), survey-based estimates",2020,6 to 59 months,32.7,31.2,34.3
NUTRITION_ANT_HAZ_NE2,"Stunting prevalence among children under 5 years of age (% height-for-age <-2 SD), survey-based estimates",1990,6 to 59 months,52.8,50.6,54.9
NUTRITION_ANT_HAZ_NE2,"Stunting prevalence among children under 5 years of age (% height-for-age <-2 SD), survey-based estimates",2016,6 to 59 months,46.1,44.6,47.6
NUTRITION_ANT_HAZ_NE2,"Stunting prevalence among children under 5 years of age (% height-for-age <-2 SD), survey-based estimates",2018,6 to 59 months,38.8,37.4,40.1
NUTRITION_ANT_HAZ_NE2,"Stunting prevalence among children under 5 years of age (% height-for-age <-2 SD), survey-based estimates",2011,6 to 59 months,38.3,36.4,40.2
NUTRITION_ANT_HAZ_NE2,"Stunting prevalence among children under 5 years of age (% height-for-age <-2 SD), survey-based estimates",2015,6 to 59 months,35.4,33.8,37.1
NUTRITION_ANT_HAZ_NE2,"Stunting prevalence among children under 5 years of age (% height-for-age <-2 SD), survey-based estimates",2016,None and primary education,49.4,47.7,51.1
NUTRITION_ANT_HAZ_NE2,"Stunting prevalence among children under 5 years of age (% height-for-age <-2 SD), survey-based estimates",2018,None and primary education,49.3,47.7,50.9
NUTRITION_ANT_HAZ_NE2,"Stunting prevalence among children under 5 years of age (% height-for-age <-2 SD), survey-based estimates",2011,None and primary education,46.2,44.7,47.8
NUTRITION_ANT_HAZ_NE2,"Stunting prevalence among children under 5 years of age (% height-for-age <-2 SD), survey-based estimates",2003,None and primary education,49.9,47.5,52.4
NUTRITION_ANT_HAZ_NE2,"Stunting prevalence among children under 5 years of age (% height-for-age <-2 SD), survey-based estimates",1990,None and primary education,50.8,48.8,52.8
NUTRITION_ANT_HAZ_NE2,"Stunting prevalence among children under 5 years of age (% height-for-age <-2 SD), survey-based estimates",1990,Secondary or higher,35.2,29.7,41.1
NUTRITION_ANT_HAZ_NE2,"Stunting prevalence among children under 5 years of age (% height-for-age <-2 SD), survey-based estimates",2003,Secondary or higher,23.3,20.1,26.8
NUTRITION_ANT_HAZ_NE2,"Stunting prevalence among children under 5 years of age (% height-for-age <-2 SD), survey-based estimates",2018,Secondary or higher,21.3,19.8,22.8
NUTRITION_ANT_HAZ_NE2,"Stunting prevalence among children under 5 years of age (% height-for-age <-2 SD), survey-based estimates",2016,Secondary or higher,24.8,23.2,26.5
NUTRITION_ANT_HAZ_NE2,"Stunting prevalence among children under 5 years of age (% height-for-age <-2 SD), survey-based estimates",2011,Secondary or higher,18.2,16.5,20.0
NUTRITION_ANT_HAZ_NE2,"Stunting prevalence among children under 5 years of age (% height-for-age <-2 SD), survey-based estimates",2011,36 to 59 months,41.8,39.5,44.1
NUTRITION_ANT_HAZ_NE2,"Stunting prevalence among children under 5 years of age (% height-for-age <-2 SD), survey-based estimates",2018,36 to 59 months,38.8,37.0,40.6
NUTRITION_ANT_HAZ_NE2,"Stunting prevalence among children under 5 years of age (% height-for-age <-2 SD), survey-based estimates",2015,36 to 59 months,34.4,32.4,36.4
NUTRITION_ANT_HAZ_NE2,"Stunting prevalence among children under 5 years of age (% height-for-age <-2 SD), survey-based estimates",2016,36 to 59 months,45.6,43.8,47.4
NUTRITION_ANT_HAZ_NE2,"Stunting prevalence among children under 5 years of age (% height-for-age <-2 SD), survey-based estimates",1990,36 to 59 months,59.1,56.2,61.8
NUTRITION_ANT_HAZ_NE2,"Stunting prevalence among children under 5 years of age (% height-for-age <-2 SD), survey-based estimates",2003,36 to 59 months,46.4,43.4,49.5
NUTRITION_ANT_HAZ_NE2,"Stunting prevalence among children under 5 years of age (% height-for-age <-2 SD), survey-based estimates",2020,36 to 59 months,31.1,29.3,33.0
NUTRITION_ANT_HAZ_NE2,"Stunting prevalence among children under 5 years of age (% height-for-age <-2 SD), survey-based estimates",2014,36 to 59 months,35.2,33.3,37.2
NUTRITION_ANT_HAZ_NE2,"Stunting prevalence among children under 5 years of age (% height-for-age <-2 SD), survey-based estimates",2015,Female,30.4,28.8,32.1
NUTRITION_ANT_HAZ_NE2,"Stunting prevalence among children under 5 years of age (% height-for-age <-2 SD), survey-based estimates",2003,Female,39.4,36.7,42.3
NUTRITION_ANT_HAZ_NE2,"Stunting prevalence among children under 5 years of age (% height-for-age <-2 SD), survey-based estimates",1990,Female,47.7,44.7,50.7
NUTRITION_ANT_HAZ_NE2,"Stunting prevalence among children under 5 years of age (% height-for-age <-2 SD), survey-based estimates",2020,Female,26.9,25.3,28.5
NUTRITION_ANT_HAZ_NE2,"Stunting prevalence among children under 5 years of age (% height-for-age <-2 SD), survey-based estimates",2021,Female,32.5,29.4,35.8
NUTRITION_ANT_HAZ_NE2,"Stunting prevalence among children under 5 years of age (% height-for-age <-2 SD), survey-based estimates",2014,Female,31.7,30.2,33.3
NUTRITION_ANT_HAZ_NE2,"Stunting prevalence among children under 5 years of age (% height-for-age <-2 SD), survey-based estimates",2011,Male,36.8,34.8,38.8
NUTRITION_ANT_HAZ_NE2,"Stunting prevalence among children under 5 years of age (% height-for-age <-2 SD), survey-based estimates",2018,Male,39.4,37.8,41.0
NUTRITION_ANT_HAZ_NE2,"Stunting prevalence among children under 5 years of age (% height-for-age <-2 SD), survey-based estimates",2016,Male,45.7,44.1,47.3
NUTRITION_ANT_HAZ_NE2,"Stunting prevalence among children under 5 years of age (% height-for-age <-2 SD), survey-based estimates",2015,Male,35.6,33.9,37.3
NUTRITION_ANT_HAZ_NE2,"Stunting prevalence among children under 5 years of age (% height-for-age <-2 SD), survey-based estimates",2003,Male,45.7,42.6,48.7
NUTRITION_ANT_HAZ_NE2,"Stunting prevalence among children under 5 years of age (% height-for-age <-2 SD), survey-based estimates",1990,Male,49.7,46.7,52.7
NUTRITION_ANT_HAZ_NE2,"Stunting prevalence among children under 5 years of age (% height-for-age <-2 SD), survey-based estimates",2021,Male,35.0,31.0,39.3
NUTRITION_ANT_HAZ_NE2,"Stunting prevalence among children under 5 years of age (% height-for-age <-2 SD), survey-based estimates",2020,Male,36.1,34.3,37.9
NUTRITION_ANT_HAZ_NE2,"Stunting prevalence among children under 5 years of age (% height-for-age <-2 SD), survey-based estimates",2014,Male,35.4,33.8,37.1
NUTRITION_ANT_HAZ_NE2,"Stunting prevalence among children under 5 years of age (% height-for-age <-2 SD), survey-based estimates",2020,6 to 11 months,24.5,22.1,27.0
NUTRITION_ANT_HAZ_NE2,"Stunting prevalence among children under 5 years of age (% height-for-age <-2 SD), survey-based estimates",2003,6 to 11 months,31.4,26.2,37.1
NUTRITION_ANT_HAZ_NE2,"Stunting prevalence among children under 5 years of age (% height-for-age <-2 SD), survey-based estimates",2021,6 to 11 months,16.8,12.5,22.1
NUTRITION_ANT_HAZ_NE2,"Stunting prevalence among children under 5 years of age (% height-for-age <-2 SD), survey-based estimates",2014,6 to 11 months,22.2,20.3,24.2
NUTRITION_ANT_HAZ_NE2,"Stunting prevalence among children under 5 years of age (% height-for-age <-2 SD), survey-based estimates",1990,6 to 11 months,27.7,24.0,31.9
NUTRITION_ANT_HAZ_NE2,"Stunting prevalence among children under 5 years of age (% height-for-age <-2 SD), survey-based estimates",2015,6 to 11 months,22.5,20.4,24.8
NUTRITION_ANT_HAZ_NE2,"Stunting prevalence among children under 5 years of age (% height-for-age <-2 SD), survey-based estimates",2018,6 to 11 months,23.3,20.5,26.3
NUTRITION_ANT_HAZ_NE2,"Stunting prevalence among children under 5 years of age (% height-for-age <-2 SD), survey-based estimates",2011,6 to 11 months,18.9,16.7,21.4
NUTRITION_ANT_HAZ_NE2,"Stunting prevalence among children under 5 years of age (% height-for-age <-2 SD), survey-based estimates",2016,6 to 11 months,28.4,26.1,30.8
NUTRITION_ANT_HAZ_NE2,"Stunting prevalence among children under 5 years of age (% height-for-age <-2 SD), survey-based estimates",2011,0 to 23 months,26.6,24.8,28.4
NUTRITION_ANT_HAZ_NE2,"Stunting prevalence among children under 5 years of age (% height-for-age <-2 SD), survey-based estimates",2015,0 to 23 months,27.1,25.7,28.6
NUTRITION_ANT_HAZ_NE2,"Stunting prevalence among children under 5 years of age (% height-for-age <-2 SD), survey-based estimates",2018,0 to 23 months,30.0,28.3,31.7
NUTRITION_ANT_HAZ_NE2,"Stunting prevalence among children under 5 years of age (% height-for-age <-2 SD), survey-based estimates",2016,0 to 23 months,35.9,34.5,37.4
NUTRITION_ANT_HAZ_NE2,"Stunting prevalence among children under 5 years of age (% height-for-age <-2 SD), survey-based estimates",2014,0 to 23 months,27.4,26.1,28.9
NUTRITION_ANT_HAZ_NE2,"Stunting prevalence among children under 5 years of age (% height-for-age <-2 SD), survey-based estimates",2020,0 to 23 months,29.4,27.8,31.1
NUTRITION_ANT_HAZ_NE2,"Stunting prevalence among children under 5 years of age (% height-for-age <-2 SD), survey-based estimates",2003,0 to 23 months,35.5,32.6,38.5
NUTRITION_ANT_HAZ_NE2,"Stunting prevalence among children under 5 years of age (% height-for-age <-2 SD), survey-based estimates",1990,0 to 23 months,35.7,32.8,38.8
NUTRITION_ANT_HAZ_NE2,"Stunting prevalence among children under 5 years of age (% height-for-age <-2 SD), survey-based estimates",2016,Q2,54.6,52.6,56.5
NUTRITION_ANT_HAZ_NE2,"Stunting prevalence among children under 5 years of age (% height-for-age <-2 SD), survey-based estimates",2018,Q2,49.4,46.9,52.0
NUTRITION_ANT_HAZ_NE2,"Stunting prevalence among children under 5 years of age (% height-for-age <-2 SD), survey-based estimates",2011,Q2,48.5,46.4,50.6
NUTRITION_ANT_HAZ_NE2,"Stunting prevalence among children under 5 years of age (% height-for-age <-2 SD), survey-based estimates",2003,Q2,52.4,48.0,56.7
NUTRITION_ANT_HAZ_NE2,"Stunting prevalence among children under 5 years of age (% height-for-age <-2 SD), survey-based estimates",2021,Q2,46.0,41.7,50.4
NUTRITION_ANT_HAZ_NE2,"Stunting prevalence among children under 5 years of age (% height-for-age <-2 SD), survey-based estimates",2015,48 to 53 months,31.4,28.7,34.2
NUTRITION_ANT_HAZ_NE2,"Stunting prevalence among children under 5 years of age (% height-for-age <-2 SD), survey-based estimates",2011,48 to 53 months,35.4,32.2,38.8
NUTRITION_ANT_HAZ_NE2,"Stunting prevalence among children under 5 years of age (% height-for-age <-2 SD), survey-based estimates",2016,48 to 53 months,40.0,37.4,42.6
NUTRITION_ANT_HAZ_NE2,"Stunting prevalence among children under 5 years of age (% height-for-age <-2 SD), survey-based estimates",2018,48 to 53 months,33.7,30.8,36.8
NUTRITION_ANT_HAZ_NE2,"Stunting prevalence among children under 5 years of age (% height-for-age <-2 SD), survey-based estimates",2020,48 to 53 months,29.2,26.4,32.3
NUTRITION_ANT_HAZ_NE2,"Stunting prevalence among children under 5 years of age (% height-for-age <-2 SD), survey-based estimates",2014,48 to 53 months,33.0,30.3,35.9
NUTRITION_ANT_HAZ_NE2,"Stunting prevalence among children under 5 years of age (% height-for-age <-2 SD), survey-based estimates",1990,48 to 53 months,52.6,47.6,57.6
NUTRITION_ANT_HAZ_NE2,"Stunting prevalence among children under 5 years of age (% height-for-age <-2 SD), survey-based estimates",2003,48 to 53 months,40.2,34.5,46.2
NUTRITION_ANT_HAZ_NE2,"Stunting prevalence among children under 5 years of age (% height-for-age <-2 SD), survey-based estimates",2016,Wealth - Top 40%,25.4,23.5,27.4
NUTRITION_ANT_HAZ_NE2,"Stunting prevalence among children under 5 years of age (% height-for-age <-2 SD), survey-based estimates",2011,Wealth - Top 40%,18.6,16.6,20.7
NUTRITION_ANT_HAZ_NE2,"Stunting prevalence among children under 5 years of age (% height-for-age <-2 SD), survey-based estimates",2018,Wealth - Top 40%,22.0,20.2,23.9
NUTRITION_ANT_HAZ_NE2,"Stunting prevalence among children under 5 years of age (% height-for-age <-2 SD), survey-based estimates",2003,Wealth - Top 40%,28.5,24.7,32.6
NUTRITION_ANT_HAZ_NE2,"Stunting prevalence among children under 5 years of age (% height-for-age <-2 SD), survey-based estimates",1990,Urban,39.9,37.3,42.5
NUTRITION_ANT_HAZ_NE2,"Stunting prevalence among children under 5 years of age (% height-for-age <-2 SD), survey-based estimates",2021,Urban,20.8,17.1,25.1
NUTRITION_ANT_HAZ_NE2,"Stunting prevalence among children under 5 years of age (% height-for-age <-2 SD), survey-based estimates",2018,Urban,26.8,24.9,28.7
NUTRITION_ANT_HAZ_NE2,"Stunting prevalence among children under 5 years of age (% height-for-age <-2 SD), survey-based estimates",2003,Urban,32.0,28.1,36.3
NUTRITION_ANT_HAZ_NE2,"Stunting prevalence among children under 5 years of age (% height-for-age <-2 SD), survey-based estimates",2016,Urban,30.6,28.1,33.2
NUTRITION_ANT_HAZ_NE2,"Stunting prevalence among children under 5 years of age (% height-for-age <-2 SD), survey-based estimates",2011,Urban,23.4,20.2,26.8
NUTRITION_ANT_HAZ_NE2,"Stunting prevalence among children under 5 years of age (% height-for-age <-2 SD), survey-based estimates",2011,Q5 (Richest),13.4,11.5,15.6
NUTRITION_ANT_HAZ_NE2,"Stunting prevalence among children under 5 years of age (% height-for-age <-2 SD), survey-based estimates",2018,Q5 (Richest),16.8,14.6,19.3
NUTRITION_ANT_HAZ_NE2,"Stunting prevalence among children under 5 years of age (% height-for-age <-2 SD), survey-based estimates",2003,Q5 (Richest),20.3,16.6,24.6
NUTRITION_ANT_HAZ_NE2,"Stunting prevalence among children under 5 years of age (% height-for-age <-2 SD), survey-based estimates",2016,Q5 (Richest),18.3,16.5,20.3
NUTRITION_ANT_HAZ_NE2,"Stunting prevalence among children under 5 years of age (% height-for-age <-2 SD), survey-based estimates",2021,Q5 (Richest),13.2,10.4,16.6
NUTRITION_ANT_HAZ_NE2,"Stunting prevalence among children under 5 years of age (% height-for-age <-2 SD), survey-based estimates",2014,6 to 23 months,31.3,29.6,32.9
NUTRITION_ANT_HAZ_NE2,"Stunting prevalence among children under 5 years of age (% height-for-age <-2 SD), survey-based estimates",1990,6 to 23 months,40.9,38.2,43.7
NUTRITION_ANT_HAZ_NE2,"Stunting prevalence among children under 5 years of age (% height-for-age <-2 SD), survey-based estimates",2020,6 to 23 months,32.2,30.3,34.2
NUTRITION_ANT_HAZ_NE2,"Stunting prevalence among children under 5 years of age (% height-for-age <-2 SD), survey-based estimates",2018,6 to 23 months,33.5,31.6,35.5
NUTRITION_ANT_HAZ_NE2,"Stunting prevalence among children under 5 years of age (% height-for-age <-2 SD), survey-based estimates",2003,6 to 23 months,41.4,37.9,45.0
NUTRITION_ANT_HAZ_NE2,"Stunting prevalence among children under 5 years of age (% height-for-age <-2 SD), survey-based estimates",2011,6 to 23 months,30.6,28.4,32.8
NUTRITION_ANT_HAZ_NE2,"Stunting prevalence among children under 5 years of age (% height-for-age <-2 SD), survey-based estimates",2015,6 to 23 months,31.5,29.7,33.3
NUTRITION_ANT_HAZ_NE2,"Stunting prevalence among children under 5 years of age (% height-for-age <-2 SD), survey-based estimates",2016,6 to 23 months,41.0,39.3,42.6
NUTRITION_ANT_HAZ_NE2,"Stunting prevalence among children under 5 years of age (% height-for-age <-2 SD), survey-based estimates",2018,36 to 47 months,42.7,40.2,45.2
NUTRITION_ANT_HAZ_NE2,"Stunting prevalence among children under 5 years of age (% height-for-age <-2 SD), survey-based estimates",2011,36 to 47 months,44.0,41.2,46.8
NUTRITION_ANT_HAZ_NE2,"Stunting prevalence among children under 5 years of age (% height-for-age <-2 SD), survey-based estimates",2016,36 to 47 months,49.3,47.0,51.5
NUTRITION_ANT_HAZ_NE2,"Stunting prevalence among children under 5 years of age (% height-for-age <-2 SD), survey-based estimates",1990,36 to 47 months,62.0,57.8,66.0
NUTRITION_ANT_HAZ_NE2,"Stunting prevalence among children under 5 years of age (% height-for-age <-2 SD), survey-based estimates",2003,36 to 47 months,49.5,45.6,53.4
NUTRITION_ANT_HAZ_NE2,"Stunting prevalence among children under 5 years of age (% height-for-age <-2 SD), survey-based estimates",2015,36 to 47 months,36.4,34.1,38.8
NUTRITION_ANT_HAZ_NE2,"Stunting prevalence among children under 5 years of age (% height-for-age <-2 SD), survey-based estimates",2014,36 to 47 months,38.3,36.0,40.5
NUTRITION_ANT_HAZ_NE2,"Stunting prevalence among children under 5 years of age (% height-for-age <-2 SD), survey-based estimates",2021,36 to 47 months,36.9,32.2,41.8
NUTRITION_ANT_HAZ_NE2,"Stunting prevalence among children under 5 years of age (% height-for-age <-2 SD), survey-based estimates",2020,36 to 47 months,32.8,30.5,35.1
NUTRITION_ANT_HAZ_NE2,"Stunting prevalence among children under 5 years of age (% height-for-age <-2 SD), survey-based estimates",2016,Wealth - Bottom 40%,58.8,57.3,60.3
NUTRITION_ANT_HAZ_NE2,"Stunting prevalence among children under 5 years of age (% height-for-age <-2 SD), survey-based estimates",2003,Wealth - Bottom 40%,52.9,49.9,56.0
NUTRITION_ANT_HAZ_NE2,"Stunting prevalence among children under 5 years of age (% height-for-age <-2 SD), survey-based estimates",2018,Wealth - Bottom 40%,52.3,50.4,54.2
NUTRITION_ANT_HAZ_NE2,"Stunting prevalence among children under 5 years of age (% height-for-age <-2 SD), survey-based estimates",2011,Wealth - Bottom 40%,51.4,49.8,53.0
NUTRITION_ANT_HAZ_NE2,"Stunting prevalence among children under 5 years of age (% height-for-age <-2 SD), survey-based estimates",2016,12 to 59 months,48.2,46.7,49.7
NUTRITION_ANT_HAZ_NE2,"Stunting prevalence among children under 5 years of age (% height-for-age <-2 SD), survey-based estimates",2015,12 to 59 months,37.3,35.5,39.1
NUTRITION_ANT_HAZ_NE2,"Stunting prevalence among children under 5 years of age (% height-for-age <-2 SD), survey-based estimates",2018,12 to 59 months,40.8,39.3,42.2
NUTRITION_ANT_HAZ_NE2,"Stunting prevalence among children under 5 years of age (% height-for-age <-2 SD), survey-based estimates",2011,12 to 59 months,41.0,39.1,43.1
NUTRITION_ANT_HAZ_NE2,"Stunting prevalence among children under 5 years of age (% height-for-age <-2 SD), survey-based estimates",2003,12 to 59 months,48.1,45.4,50.7
NUTRITION_ANT_HAZ_NE2,"Stunting prevalence among children under 5 years of age (% height-for-age <-2 SD), survey-based estimates",1990,12 to 59 months,57.0,54.5,59.4
NUTRITION_ANT_HAZ_NE2,"Stunting prevalence among children under 5 years of age (% height-for-age <-2 SD), survey-based estimates",2020,12 to 59 months,33.8,32.2,35.5
NUTRITION_ANT_HAZ_NE2,"Stunting prevalence among children under 5 years of age (% height-for-age <-2 SD), survey-based estimates",2014,12 to 59 months,37.7,36.0,39.3
NUTRITION_ANT_HAZ_NE2,"Stunting prevalence among children under 5 years of age (% height-for-age <-2 SD), survey-based estimates",1990,54 to 59 months,60.2,54.9,65.4
NUTRITION_ANT_HAZ_NE2,"Stunting prevalence among children under 5 years of age (% height-for-age <-2 SD), survey-based estimates",2014,54 to 59 months,30.2,27.5,33.1
NUTRITION_ANT_HAZ_NE2,"Stunting prevalence among children under 5 years of age (% height-for-age <-2 SD), survey-based estimates",2020,54 to 59 months,29.2,26.1,32.5
NUTRITION_ANT_HAZ_NE2,"Stunting prevalence among children under 5 years of age (% height-for-age <-2 SD), survey-based estimates",2003,54 to 59 months,46.1,39.7,52.7
NUTRITION_ANT_HAZ_NE2,"Stunting prevalence among children under 5 years of age (% height-for-age <-2 SD), survey-based estimates",2016,54 to 59 months,44.1,41.0,47.2
NUTRITION_ANT_HAZ_NE2,"Stunting prevalence among children under 5 years of age (% height-for-age <-2 SD), survey-based estimates",2015,54 to 59 months,32.6,29.2,36.0
NUTRITION_ANT_HAZ_NE2,"Stunting prevalence among children under 5 years of age (% height-for-age <-2 SD), survey-based estimates",2018,54 to 59 months,36.5,33.2,39.9
NUTRITION_ANT_HAZ_NE2,"Stunting prevalence among children under 5 years of age (% height-for-age <-2 SD), survey-based estimates",2011,54 to 59 months,43.1,39.8,46.4
NUTSTUNTINGPREV,"Stunting prevalence among children under 5 years of age (% height-for-age <-2 SD), model-based estimates",2000,Female,39.3,36.1,42.8
NUTSTUNTINGPREV,"Stunting prevalence among children under 5 years of age (% height-for-age <-2 SD), model-based estimates",2000,Male,44.1,40.8,47.6
NUTSTUNTINGPREV,"Stunting prevalence among children under 5 years of age (% height-for-age <-2 SD), model-based estimates",2000,Both sexes,41.8,38.3,45.3
NUTSTUNTINGPREV,"Stunting prevalence among children under 5 years of age (% height-for-age <-2 SD), model-based estimates",2001,Female,39.2,36.2,42.5
NUTSTUNTINGPREV,"Stunting prevalence among children under 5 years of age (% height-for-age <-2 SD), model-based estimates",2001,Male,44.0,40.9,47.4
NUTSTUNTINGPREV,"Stunting prevalence among children under 5 years of age (% height-for-age <-2 SD), model-based estimates",2001,Both sexes,41.7,38.5,44.9
NUTSTUNTINGPREV,"Stunting prevalence among children under 5 years of age (% height-for-age <-2 SD), model-based estimates",2002,Female,39.1,36.3,42.0
NUTSTUNTINGPREV,"Stunting prevalence among children under 5 years of age (% height-for-age <-2 SD), model-based estimates",2002,Male,43.9,41.0,47.0
NUTSTUNTINGPREV,"Stunting prevalence among children under 5 years of age (% height-for-age <-2 SD), model-based estimates",2002,Both sexes,41.5,38.8,44.3
NUTSTUNTINGPREV,"Stunting prevalence among children under 5 years of age (% height-for-age <-2 SD), model-based estimates",2003,Female,38.9,36.3,41.6
NUTSTUNTINGPREV,"Stunting prevalence among children under 5 years of age (% height-for-age <-2 SD), model-based estimates",2003,Male,43.7,41.0,46.5
NUTSTUNTINGPREV,"Stunting prevalence among children under 5 years of age (% height-for-age <-2 SD), model-based estimates",2003,Both sexes,41.3,38.6,44.1
NUTSTUNTINGPREV,"Stunting prevalence among children under 5 years of age (% height-for-age <-2 SD), model-based estimates",2004,Female,38.5,36.2,41.1
NUTSTUNTINGPREV,"Stunting prevalence among children under 5 years of age (% height-for-age <-2 SD), model-based estimates",2004,Male,43.4,40.9,46.0
NUTSTUNTINGPREV,"Stunting prevalence among children under 5 years of age (% height-for-age <-2 SD), model-based estimates",2004,Both sexes,41.0,38.5,43.5
NUTSTUNTINGPREV,"Stunting prevalence among children under 5 years of age (% height-for-age <-2 SD), model-based estimates",2005,Female,38.2,35.9,40.6
NUTSTUNTINGPREV,"Stunting prevalence among children under 5 years of age (% height-for-age <-2 SD), model-based estimates",2005,Male,43.0,40.7,45.5
NUTSTUNTINGPREV,"Stunting prevalence among children under 5 years of age (% height-for-age <-2 SD), model-based estimates",2005,Both sexes,40.6,38.3,43.0
NUTSTUNTINGPREV,"Stunting prevalence among children under 5 years of age (% height-for-age <-2 SD), model-based estimates",2006,Female,37.9,35.7,40.1
NUTSTUNTINGPREV,"Stunting prevalence among children under 5 years of age (% height-for-age <-2 SD), model-based estimates",2006,Male,42.7,40.4,45.1
NUTSTUNTINGPREV,"Stunting prevalence among children under 5 years of age (% height-for-age <-2 SD), model-based estimates",2006,Both sexes,40.3,38.1,42.6
NUTSTUNTINGPREV,"Stunting prevalence among children under 5 years of age (% height-for-age <-2 SD), model-based estimates",2007,Female,37.4,35.2,39.7
NUTSTUNTINGPREV,"Stunting prevalence among children under 5 years of age (% height-for-age <-2 SD), model-based estimates",2007,Male,42.2,40.0,44.5
NUTSTUNTINGPREV,"Stunting prevalence among children under 5 years of age (% height-for-age <-2 SD), model-based estimates",2007,Both sexes,39.8,37.6,42.0
NUTSTUNTINGPREV,"Stunting prevalence among children under 5 years of age (% height-for-age <-2 SD), model-based estimates",2008,Female,36.9,34.9,39.0
NUTSTUNTINGPREV,"Stunting prevalence among children under 5 years of age (% height-for-age <-2 SD), model-based estimates",2008,Male,41.6,39.4,44.0
NUTSTUNTINGPREV,"Stunting prevalence among children under 5 years of age (% height-for-age <-2 SD), model-based estimates",2008,Both sexes,39.3,37.1,41.5
NUTSTUNTINGPREV,"Stunting prevalence among children under 5 years of age (% height-for-age <-2 SD), model-based estimates",2009,Female,36.3,34.3,38.4
NUTSTUNTINGPREV,"Stunting prevalence among children under 5 years of age (% height-for-age <-2 SD), model-based estimates",2009,Male,41.0,39.0,43.3
NUTSTUNTINGPREV,"Stunting prevalence among children under 5 years of age (% height-for-age <-2 SD), model-based estimates",2009,Both sexes,38.7,36.6,40.8
NUTSTUNTINGPREV,"Stunting prevalence among children under 5 years of age (% height-for-age <-2 SD), model-based estimates",2010,Female,35.6,33.7,37.8
NUTSTUNTINGPREV,"Stunting prevalence among children under 5 years of age (% height-for-age <-2 SD), model-based estimates",2010,Male,40.4,38.4,42.6
NUTSTUNTINGPREV,"Stunting prevalence among children under 5 years of age (% height-for-age <-2 SD), model-based estimates",2010,Both sexes,38.0,36.1,40.0
NUTSTUNTINGPREV,"Stunting prevalence among children under 5 years of age (% height-for-age <-2 SD), model-based estimates",2011,Female,35.0,33.2,37.0
NUTSTUNTINGPREV,"Stunting prevalence among children under 5 years of age (% height-for-age <-2 SD), model-based estimates",2011,Male,39.8,37.9,41.8
NUTSTUNTINGPREV,"Stunting prevalence among children under 5 years of age (% height-for-age <-2 SD), model-based estimates",2011,Both sexes,37.4,35.5,39.4
NUTSTUNTINGPREV,"Stunting prevalence among children under 5 years of age (% height-for-age <-2 SD), model-based estimates",2012,Female,34.5,32.9,36.3
NUTSTUNTINGPREV,"Stunting prevalence among children under 5 years of age (% height-for-age <-2 SD), model-based estimates",2012,Male,39.3,37.5,41.2
NUTSTUNTINGPREV,"Stunting prevalence among children under 5 years of age (% height-for-age <-2 SD), model-based estimates",2012,Both sexes,36.9,35.2,38.7
NUTSTUNTINGPREV,"Stunting prevalence among children under 5 years of age (% height-for-age <-2 SD), model-based estimates",2013,Female,34.1,32.7,35.7
NUTSTUNTINGPREV,"Stunting prevalence among children under 5 years of age (% height-for-age <-2 SD), model-based estimates",2013,Male,38.9,37.3,40.6
NUTSTUNTINGPREV,"Stunting prevalence among children under 5 years of age (% height-for-age <-2 SD), model-based estimates",2013,Both sexes,36.5,34.9,38.2
NUTSTUNTINGPREV,"Stunting prevalence among children under 5 years of age (% height-for-age <-2 SD), model-based estimates",2014,Female,33.8,32.5,35.2
NUTSTUNTINGPREV,"Stunting prevalence among children under 5 years of age (% height-for-age <-2 SD), model-based estimates",2014,Male,38.5,37.1,40.0
NUTSTUNTINGPREV,"Stunting prevalence among children under 5 years of age (% height-for-age <-2 SD), model-based estimates",2014,Both sexes,36.2,34.8,37.5
NUTSTUNTINGPREV,"Stunting prevalence among children under 5 years of age (% height-for-age <-2 SD), model-based estimates",2015,Female,33.4,32.2,34.7
NUTSTUNTINGPREV,"Stunting prevalence among children under 5 years of age (% height-for-age <-2 SD), model-based estimates",2015,Male,38.1,36.9,39.5
NUTSTUNTINGPREV,"Stunting prevalence among children under 5 years of age (% height-for-age <-2 SD), model-based estimates",2015,Both sexes,35.8,34.6,37.0
NUTSTUNTINGPREV,"Stunting prevalence among children under 5 years of age (% height-for-age <-2 SD), model-based estimates",2016,Female,33.0,32.0,34.3
NUTSTUNTINGPREV,"Stunting prevalence among children under 5 years of age (% height-for-age <-2 SD), model-based estimates",2016,Male,37.7,36.6,39.0
NUTSTUNTINGPREV,"Stunting prevalence among children under 5 years of age (% height-for-age <-2 SD), model-based estimates",2016,Both sexes,35.4,34.3,36.6
NUTSTUNTINGPREV,"Stunting prevalence among children under 5 years of age (% height-for-age <-2 SD), model-based estimates",2017,Female,32.6,31.5,33.8
NUTSTUNTINGPREV,"Stunting prevalence among children under 5 years of age (% height-for-age <-2 SD), model-based estimates",2017,Male,37.2,36.1,38.5
NUTSTUNTINGPREV,"Stunting prevalence among children under 5 years of age (% height-for-age <-2 SD), model-based estimates",2017,Both sexes,34.9,33.8,36.1
NUTSTUNTINGPREV,"Stunting prevalence among children under 5 years of age (% height-for-age <-2 SD), model-based estimates",2018,Female,32.1,31.0,33.3
NUTSTUNTINGPREV,"Stunting prevalence among children under 5 years of age (% height-for-age <-2 SD), model-based estimates",2018,Male,36.7,35.5,38.1
NUTSTUNTINGPREV,"Stunting prevalence among children under 5 years of age (% height-for-age <-2 SD), model-based estimates",2018,Both sexes,34.4,33.2,35.6
NUTSTUNTINGPREV,"Stunting prevalence among children under 5 years of age (% height-for-age <-2 SD), model-based estimates",2019,Female,31.6,30.3,32.9
NUTSTUNTINGPREV,"Stunting prevalence among children under 5 years of age (% height-for-age <-2 SD), model-based estimates",2019,Male,36.2,34.9,37.7
NUTSTUNTINGPREV,"Stunting prevalence among children under 5 years of age (% height-for-age <-2 SD), model-based estimates",2019,Both sexes,33.9,32.6,35.3
NUTSTUNTINGPREV,"Stunting prevalence among children under 5 years of age (% height-for-age <-2 SD), model-based estimates",2020,Female,31.2,29.8,32.8
NUTSTUNTINGPREV,"Stunting prevalence among children under 5 years of age (% height-for-age <-2 SD), model-based estimates",2020,Male,35.8,34.3,37.5
NUTSTUNTINGPREV,"Stunting prevalence among children under 5 years of age (% height-for-age <-2 SD), model-based estimates",2020,Both sexes,33.5,32.0,35.1
NUTSTUNTINGPREV,"Stunting prevalence among children under 5 years of age (% height-for-age <-2 SD), model-based estimates",2021,Female,31.0,29.4,32.8
NUTSTUNTINGPREV,"Stunting prevalence among children under 5 years of age (% height-for-age <-2 SD), model-based estimates",2021,Male,35.7,33.9,37.6
NUTSTUNTINGPREV,"Stunting prevalence among children under 5 years of age (% height-for-age <-2 SD), model-based estimates",2021,Both sexes,33.4,31.6,35.2
NUTSTUNTINGPREV,"Stunting prevalence among children under 5 years of age (% height-for-age <-2 SD), model-based estimates",2022,Female,31.2,29.3,33.2
NUTSTUNTINGPREV,"Stunting prevalence among children under 5 years of age (% height-for-age <-2 SD), model-based estimates",2022,Male,35.9,33.9,38.1
NUTSTUNTINGPREV,"Stunting prevalence among children under 5 years of age (% height-for-age <-2 SD), model-based estimates",2022,Both sexes,33.5,31.5,35.6
NUTSTUNTINGPREV,"Stunting prevalence among children under 5 years of age (% height-for-age <-2 SD), model-based estimates",2023,Female,31.2,29.0,33.7
NUTSTUNTINGPREV,"Stunting prevalence among children under 5 years of age (% height-for-age <-2 SD), model-based estimates",2023,Male,36.0,33.6,38.6
NUTSTUNTINGPREV,"Stunting prevalence among children under 5 years of age (% height-for-age <-2 SD), model-based estimates",2023,Both sexes,33.6,31.2,36.1
NUTSTUNTINGPREV,"Stunting prevalence among children under 5 years of age (% height-for-age <-2 SD), model-based estimates",2024,Female,31.4,28.9,34.1
NUTSTUNTINGPREV,"Stunting prevalence among children under 5 years of age (% height-for-age <-2 SD), model-based estimates",2024,Male,36.2,33.4,39.2
NUTSTUNTINGPREV,"Stunting prevalence among children under 5 years of age (% height-for-age <-2 SD), model-based estimates",2024,Both sexes,33.8,31.1,36.6
NUTSTUNTINGNUM,"Stunting numbers among children under 5 years of age (millions), model-based estimates",2000,Female,4314.1,3954.5,4695.6
NUTSTUNTINGNUM,"Stunting numbers among children under 5 years of age (millions), model-based estimates",2000,Male,4972.4,4599.5,5363.7
NUTSTUNTINGNUM,"Stunting numbers among children under 5 years of age (millions), model-based estimates",2000,Both sexes,9286.6,8519.1,10072.4
NUTSTUNTINGNUM,"Stunting numbers among children under 5 years of age (millions), model-based estimates",2001,Female,4436.2,4092.5,4800.9
NUTSTUNTINGNUM,"Stunting numbers among children under 5 years of age (millions), model-based estimates",2001,Male,5113.7,4742.4,5503.6
NUTSTUNTINGNUM,"Stunting numbers among children under 5 years of age (millions), model-based estimates",2001,Both sexes,9549.9,8831.6,10284.0
NUTSTUNTINGNUM,"Stunting numbers among children under 5 years of age (millions), model-based estimates",2002,Female,4562.3,4238.3,4906.5
NUTSTUNTINGNUM,"Stunting numbers among children under 5 years of age (millions), model-based estimates",2002,Male,5260.6,4913.4,5626.1
NUTSTUNTINGNUM,"Stunting numbers among children under 5 years of age (millions), model-based estimates",2002,Both sexes,9822.9,9168.9,10489.9
NUTSTUNTINGNUM,"Stunting numbers among children under 5 years of age (millions), model-based estimates",2003,Female,4687.1,4377.1,5016.8
NUTSTUNTINGNUM,"Stunting numbers among children under 5 years of age (millions), model-based estimates",2003,Male,5406.6,5071.9,5759.8
NUTSTUNTINGNUM,"Stunting numbers among children under 5 years of age (millions), model-based estimates",2003,Both sexes,10093.7,9434.0,10766.4
NUTSTUNTINGNUM,"Stunting numbers among children under 5 years of age (millions), model-based estimates",2004,Female,4802.0,4508.9,5114.6
NUTSTUNTINGNUM,"Stunting numbers among children under 5 years of age (millions), model-based estimates",2004,Male,5542.6,5228.7,5875.1
NUTSTUNTINGNUM,"Stunting numbers among children under 5 years of age (millions), model-based estimates",2004,Both sexes,10344.7,9712.1,10989.3
NUTSTUNTINGNUM,"Stunting numbers among children under 5 years of age (millions), model-based estimates",2005,Female,4905.1,4614.8,5215.2
NUTSTUNTINGNUM,"Stunting numbers among children under 5 years of age (millions), model-based estimates",2005,Male,5665.5,5363.0,5986.9
NUTSTUNTINGNUM,"Stunting numbers among children under 5 years of age (millions), model-based estimates",2005,Both sexes,10570.6,9964.4,11187.9
NUTSTUNTINGNUM,"Stunting numbers among children under 5 years of age (millions), model-based estimates",2006,Female,5001.0,4721.2,5300.7
NUTSTUNTINGNUM,"Stunting numbers among children under 5 years of age (millions), model-based estimates",2006,Male,5780.5,5476.0,6104.9
NUTSTUNTINGNUM,"Stunting numbers among children under 5 years of age (millions), model-based estimates",2006,Both sexes,10781.6,10184.1,11390.0
NUTSTUNTINGNUM,"Stunting numbers among children under 5 years of age (millions), model-based estimates",2007,Female,5076.8,4783.2,5391.5
NUTSTUNTINGNUM,"Stunting numbers among children under 5 years of age (millions), model-based estimates",2007,Male,5873.4,5573.7,6193.6
NUTSTUNTINGNUM,"Stunting numbers among children under 5 years of age (millions), model-based estimates",2007,Both sexes,10950.1,10350.0,11561.6
NUTSTUNTINGNUM,"Stunting numbers among children under 5 years of age (millions), model-based estimates",2008,Female,5142.1,4865.1,5440.3
NUTSTUNTINGNUM,"Stunting numbers among children under 5 years of age (millions), model-based estimates",2008,Male,5955.2,5640.1,6292.3
NUTSTUNTINGNUM,"Stunting numbers among children under 5 years of age (millions), model-based estimates",2008,Both sexes,11097.3,10482.3,11724.6
NUTSTUNTINGNUM,"Stunting numbers among children under 5 years of age (millions), model-based estimates",2009,Female,5197.4,4914.0,5503.1
NUTSTUNTINGNUM,"Stunting numbers among children under 5 years of age (millions), model-based estimates",2009,Male,6026.9,5721.8,6354.7
NUTSTUNTINGNUM,"Stunting numbers among children under 5 years of age (millions), model-based estimates",2009,Both sexes,11224.3,10610.7,11850.6
NUTSTUNTINGNUM,"Stunting numbers among children under 5 years of age (millions), model-based estimates",2010,Female,5238.9,4949.4,5552.0
NUTSTUNTINGNUM,"Stunting numbers among children under 5 years of age (millions), model-based estimates",2010,Male,6083.8,5780.9,6410.3
NUTSTUNTINGNUM,"Stunting numbers among children under 5 years of age (millions), model-based estimates",2010,Both sexes,11322.7,10741.1,11915.9
NUTSTUNTINGNUM,"Stunting numbers among children under 5 years of age (millions), model-based estimates",2011,Female,5278.8,5005.5,5575.8
NUTSTUNTINGNUM,"Stunting numbers among children under 5 years of age (millions), model-based estimates",2011,Male,6137.9,5853.2,6446.6
NUTSTUNTINGNUM,"Stunting numbers among children under 5 years of age (millions), model-based estimates",2011,Both sexes,11416.7,10830.9,12014.9
NUTSTUNTINGNUM,"Stunting numbers among children under 5 years of age (millions), model-based estimates",2012,Female,5321.5,5068.3,5598.0
NUTSTUNTINGNUM,"Stunting numbers among children under 5 years of age (millions), model-based estimates",2012,Male,6194.1,5918.8,6494.0
NUTSTUNTINGNUM,"Stunting numbers among children under 5 years of age (millions), model-based estimates",2012,Both sexes,11515.6,10965.6,12076.8
NUTSTUNTINGNUM,"Stunting numbers among children under 5 years of age (millions), model-based estimates",2013,Female,5366.5,5136.1,5619.7
NUTSTUNTINGNUM,"Stunting numbers among children under 5 years of age (millions), model-based estimates",2013,Male,6250.7,5995.4,6530.6
NUTSTUNTINGNUM,"Stunting numbers among children under 5 years of age (millions), model-based estimates",2013,Both sexes,11617.3,11108.6,12135.6
NUTSTUNTINGNUM,"Stunting numbers among children under 5 years of age (millions), model-based estimates",2014,Female,5403.0,5195.3,5632.8
NUTSTUNTINGNUM,"Stunting numbers among children under 5 years of age (millions), model-based estimates",2014,Male,6296.7,6069.8,6547.8
NUTSTUNTINGNUM,"Stunting numbers among children under 5 years of age (millions), model-based estimates",2014,Both sexes,11699.7,11269.7,12136.7
NUTSTUNTINGNUM,"Stunting numbers among children under 5 years of age (millions), model-based estimates",2015,Female,5423.3,5233.0,5635.6
NUTSTUNTINGNUM,"Stunting numbers among children under 5 years of age (millions), model-based estimates",2015,Male,6325.4,6118.2,6556.9
NUTSTUNTINGNUM,"Stunting numbers among children under 5 years of age (millions), model-based estimates",2015,Both sexes,11748.7,11346.3,12157.3
NUTSTUNTINGNUM,"Stunting numbers among children under 5 years of age (millions), model-based estimates",2016,Female,5413.8,5237.7,5612.0
NUTSTUNTINGNUM,"Stunting numbers among children under 5 years of age (millions), model-based estimates",2016,Male,6321.5,6134.7,6532.5
NUTSTUNTINGNUM,"Stunting numbers among children under 5 years of age (millions), model-based estimates",2016,Both sexes,11735.3,11356.9,12119.3
NUTSTUNTINGNUM,"Stunting numbers among children under 5 years of age (millions), model-based estimates",2017,Female,5367.0,5193.1,5563.5
NUTSTUNTINGNUM,"Stunting numbers among children under 5 years of age (millions), model-based estimates",2017,Male,6277.6,6088.6,6491.9
NUTSTUNTINGNUM,"Stunting numbers among children under 5 years of age (millions), model-based estimates",2017,Both sexes,11644.6,11265.0,12030.1
NUTSTUNTINGNUM,"Stunting numbers among children under 5 years of age (millions), model-based estimates",2018,Female,5294.9,5116.7,5496.6
NUTSTUNTINGNUM,"Stunting numbers among children under 5 years of age (millions), model-based estimates",2018,Male,6206.2,6006.4,6432.4
NUTSTUNTINGNUM,"Stunting numbers among children under 5 years of age (millions), model-based estimates",2018,Both sexes,11501.1,11111.6,11897.1
NUTSTUNTINGNUM,"Stunting numbers among children under 5 years of age (millions), model-based estimates",2019,Female,5206.9,5003.2,5435.9
NUTSTUNTINGNUM,"Stunting numbers among children under 5 years of age (millions), model-based estimates",2019,Male,6116.5,5889.5,6371.6
NUTSTUNTINGNUM,"Stunting numbers among children under 5 years of age (millions), model-based estimates",2019,Both sexes,11323.4,10878.6,11776.9
NUTSTUNTINGNUM,"Stunting numbers among children under 5 years of age (millions), model-based estimates",2020,Female,5128.3,4894.5,5389.4
NUTSTUNTINGNUM,"Stunting numbers among children under 5 years of age (millions), model-based estimates",2020,Male,6035.5,5781.1,6319.6
NUTSTUNTINGNUM,"Stunting numbers among children under 5 years of age (millions), model-based estimates",2020,Both sexes,11163.8,10639.2,11700.9
NUTSTUNTINGNUM,"Stunting numbers among children under 5 years of age (millions), model-based estimates",2021,Female,5090.9,4822.5,5389.1
NUTSTUNTINGNUM,"Stunting numbers among children under 5 years of age (millions), model-based estimates",2021,Male,6001.0,5699.5,6334.9
NUTSTUNTINGNUM,"Stunting numbers among children under 5 years of age (millions), model-based estimates",2021,Both sexes,11091.9,10508.7,11690.9
NUTSTUNTINGNUM,"Stunting numbers among children under 5 years of age (millions), model-based estimates",2022,Female,5127.6,4816.8,5471.2
NUTSTUNTINGNUM,"Stunting numbers among children under 5 years of age (millions), model-based estimates",2022,Male,6048.5,5712.1,6419.2
NUTSTUNTINGNUM,"Stunting numbers among children under 5 years of age (millions), model-based estimates",2022,Both sexes,11176.1,10501.3,11871.7
NUTSTUNTINGNUM,"Stunting numbers among children under 5 years of age (millions), model-based estimates",2023,Female,5173.2,4798.6,5585.7
NUTSTUNTINGNUM,"Stunting numbers among children under 5 years of age (millions), model-based estimates",2023,Male,6107.8,5699.5,6554.7
NUTSTUNTINGNUM,"Stunting numbers among children under 5 years of age (millions), model-based estimates",2023,Both sexes,11280.9,10475.5,12115.7
NUTSTUNTINGNUM,"Stunting numbers among children under 5 years of age (millions), model-based estimates",2024,Female,5243.4,4827.3,5701.3
NUTSTUNTINGNUM,"Stunting numbers among children under 5 years of age (millions), model-based estimates",2024,Male,6194.7,5725.7,6706.5
NUTSTUNTINGNUM,"Stunting numbers among children under 5 years of age (millions), model-based estimates",2024,Both sexes,11438.1,10520.0,12393.7
NUTRITION_WA_2,"Underweight prevalence among children under 5 years of age   (% weight-for-age <-2 SD), survey-based estimates",2016,Wealth - Bottom 80%,34.9,33.6,36.3
NUTRITION_WA_2,"Underweight prevalence among children under 5 years of age   (% weight-for-age <-2 SD), survey-based estimates",2003,Wealth - Bottom 80%,29.7,27.7,31.8
NUTRITION_WA_2,"Underweight prevalence among children under 5 years of age   (% weight-for-age <-2 SD), survey-based estimates",2011,Wealth - Bottom 80%,27.6,26.3,28.9
NUTRITION_WA_2,"Underweight prevalence among children under 5 years of age   (% weight-for-age <-2 SD), survey-based estimates",2018,Wealth - Bottom 80%,24.8,23.6,26.0
NUTRITION_WA_2,"Underweight prevalence among children under 5 years of age   (% weight-for-age <-2 SD), survey-based estimates",2021,Rural,29.4,26.7,32.2
NUTRITION_WA_2,"Underweight prevalence among children under 5 years of age   (% weight-for-age <-2 SD), survey-based estimates",2003,Rural,29.5,27.1,32.1
NUTRITION_WA_2,"Underweight prevalence among children under 5 years of age   (% weight-for-age <-2 SD), survey-based estimates",1990,Rural,36.1,33.2,39.2
NUTRITION_WA_2,"Underweight prevalence among children under 5 years of age   (% weight-for-age <-2 SD), survey-based estimates",2018,Rural,27.0,25.6,28.5
NUTRITION_WA_2,"Underweight prevalence among children under 5 years of age   (% weight-for-age <-2 SD), survey-based estimates",2016,Rural,35.3,33.8,36.8
NUTRITION_WA_2,"Underweight prevalence among children under 5 years of age   (% weight-for-age <-2 SD), survey-based estimates",2011,Rural,27.5,26.1,28.9
NUTRITION_WA_2,"Underweight prevalence among children under 5 years of age   (% weight-for-age <-2 SD), survey-based estimates",2020,Total (All ages),18.4,17.5,19.4
NUTRITION_WA_2,"Underweight prevalence among children under 5 years of age   (% weight-for-age <-2 SD), survey-based estimates",1993,Total (All ages),35.1,,
NUTRITION_WA_2,"Underweight prevalence among children under 5 years of age   (% weight-for-age <-2 SD), survey-based estimates",2014,Total (All ages),20.6,19.5,21.7
NUTRITION_WA_2,"Underweight prevalence among children under 5 years of age   (% weight-for-age <-2 SD), survey-based estimates",2021,Total (All ages),25.5,23.4,27.8
NUTRITION_WA_2,"Underweight prevalence among children under 5 years of age   (% weight-for-age <-2 SD), survey-based estimates",2003,Total (All ages),26.7,24.6,28.9
NUTRITION_WA_2,"Underweight prevalence among children under 5 years of age   (% weight-for-age <-2 SD), survey-based estimates",1990,Total (All ages),33.1,30.6,35.8
NUTRITION_WA_2,"Underweight prevalence among children under 5 years of age   (% weight-for-age <-2 SD), survey-based estimates",2016,Total (All ages),31.5,30.2,32.8
NUTRITION_WA_2,"Underweight prevalence among children under 5 years of age   (% weight-for-age <-2 SD), survey-based estimates",2011,Total (All ages),24.2,23.0,25.5
NUTRITION_WA_2,"Underweight prevalence among children under 5 years of age   (% weight-for-age <-2 SD), survey-based estimates",2018,Total (All ages),21.8,20.8,22.9
NUTRITION_WA_2,"Underweight prevalence among children under 5 years of age   (% weight-for-age <-2 SD), survey-based estimates",2015,Total (All ages),19.5,18.6,20.5
NUTRITION_WA_2,"Underweight prevalence among children under 5 years of age   (% weight-for-age <-2 SD), survey-based estimates",2015,Total,19.5,18.6,20.5
NUTRITION_WA_2,"Underweight prevalence among children under 5 years of age   (% weight-for-age <-2 SD), survey-based estimates",2018,Total,21.8,20.8,22.9
NUTRITION_WA_2,"Underweight prevalence among children under 5 years of age   (% weight-for-age <-2 SD), survey-based estimates",2016,Total,31.5,30.2,32.8
NUTRITION_WA_2,"Underweight prevalence among children under 5 years of age   (% weight-for-age <-2 SD), survey-based estimates",2011,Total,24.2,23.0,25.5
NUTRITION_WA_2,"Underweight prevalence among children under 5 years of age   (% weight-for-age <-2 SD), survey-based estimates",1990,Total,33.1,30.6,35.8
NUTRITION_WA_2,"Underweight prevalence among children under 5 years of age   (% weight-for-age <-2 SD), survey-based estimates",2003,Total,26.7,24.6,28.9
NUTRITION_WA_2,"Underweight prevalence among children under 5 years of age   (% weight-for-age <-2 SD), survey-based estimates",2014,Total,20.6,19.5,21.7
NUTRITION_WA_2,"Underweight prevalence among children under 5 years of age   (% weight-for-age <-2 SD), survey-based estimates",1993,Total,35.1,,
NUTRITION_WA_2,"Underweight prevalence among children under 5 years of age   (% weight-for-age <-2 SD), survey-based estimates",2021,Total,25.5,23.4,27.8
NUTRITION_WA_2,"Underweight prevalence among children under 5 years of age   (% weight-for-age <-2 SD), survey-based estimates",2020,Total,18.4,17.5,19.4
NUTRITION_WA_2,"Underweight prevalence among children under 5 years of age   (% weight-for-age <-2 SD), survey-based estimates",2014,0 to 11 months,19.4,18.0,20.9
NUTRITION_WA_2,"Underweight prevalence among children under 5 years of age   (% weight-for-age <-2 SD), survey-based estimates",2020,0 to 11 months,21.5,19.9,23.1
NUTRITION_WA_2,"Underweight prevalence among children under 5 years of age   (% weight-for-age <-2 SD), survey-based estimates",2003,0 to 11 months,20.5,17.6,23.7
NUTRITION_WA_2,"Underweight prevalence among children under 5 years of age   (% weight-for-age <-2 SD), survey-based estimates",1990,0 to 11 months,24.9,21.4,28.7
NUTRITION_WA_2,"Underweight prevalence among children under 5 years of age   (% weight-for-age <-2 SD), survey-based estimates",2018,0 to 11 months,18.2,16.4,20.0
NUTRITION_WA_2,"Underweight prevalence among children under 5 years of age   (% weight-for-age <-2 SD), survey-based estimates",2011,0 to 11 months,19.5,17.8,21.3
NUTRITION_WA_2,"Underweight prevalence among children under 5 years of age   (% weight-for-age <-2 SD), survey-based estimates",2016,0 to 11 months,27.4,25.8,29.2
NUTRITION_WA_2,"Underweight prevalence among children under 5 years of age   (% weight-for-age <-2 SD), survey-based estimates",2015,0 to 11 months,19.1,17.7,20.5
NUTRITION_WA_2,"Underweight prevalence among children under 5 years of age   (% weight-for-age <-2 SD), survey-based estimates",2018,36 to 41 months,19.7,17.4,22.2
NUTRITION_WA_2,"Underweight prevalence among children under 5 years of age   (% weight-for-age <-2 SD), survey-based estimates",2015,36 to 41 months,16.3,14.5,18.4
NUTRITION_WA_2,"Underweight prevalence among children under 5 years of age   (% weight-for-age <-2 SD), survey-based estimates",2016,36 to 41 months,26.9,24.8,29.1
NUTRITION_WA_2,"Underweight prevalence among children under 5 years of age   (% weight-for-age <-2 SD), survey-based estimates",2011,36 to 41 months,20.0,17.8,22.5
NUTRITION_WA_2,"Underweight prevalence among children under 5 years of age   (% weight-for-age <-2 SD), survey-based estimates",1990,36 to 41 months,33.8,29.0,38.9
NUTRITION_WA_2,"Underweight prevalence among children under 5 years of age   (% weight-for-age <-2 SD), survey-based estimates",2003,36 to 41 months,26.8,22.7,31.4
NUTRITION_WA_2,"Underweight prevalence among children under 5 years of age   (% weight-for-age <-2 SD), survey-based estimates",2020,36 to 41 months,15.1,13.0,17.5
NUTRITION_WA_2,"Underweight prevalence among children under 5 years of age   (% weight-for-age <-2 SD), survey-based estimates",2014,36 to 41 months,18.2,16.3,20.3
NUTRITION_WA_2,"Underweight prevalence among children under 5 years of age   (% weight-for-age <-2 SD), survey-based estimates",2016,Secondary education,19.7,18.3,21.3
NUTRITION_WA_2,"Underweight prevalence among children under 5 years of age   (% weight-for-age <-2 SD), survey-based estimates",2018,Secondary education,12.7,11.5,14.1
NUTRITION_WA_2,"Underweight prevalence among children under 5 years of age   (% weight-for-age <-2 SD), survey-based estimates",2003,Secondary education,16.1,12.3,20.8
NUTRITION_WA_2,"Underweight prevalence among children under 5 years of age   (% weight-for-age <-2 SD), survey-based estimates",2011,Secondary education,12.1,11.0,13.4
NUTRITION_WA_2,"Underweight prevalence among children under 5 years of age   (% weight-for-age <-2 SD), survey-based estimates",1990,Secondary education,21.7,17.8,26.2
NUTRITION_WA_2,"Underweight prevalence among children under 5 years of age   (% weight-for-age <-2 SD), survey-based estimates",2003,Wealth - Top 60%,21.7,18.9,24.8
NUTRITION_WA_2,"Underweight prevalence among children under 5 years of age   (% weight-for-age <-2 SD), survey-based estimates",2011,Wealth - Top 60%,16.3,15.0,17.7
NUTRITION_WA_2,"Underweight prevalence among children under 5 years of age   (% weight-for-age <-2 SD), survey-based estimates",2016,Wealth - Top 60%,23.0,21.5,24.5
NUTRITION_WA_2,"Underweight prevalence among children under 5 years of age   (% weight-for-age <-2 SD), survey-based estimates",2018,Wealth - Top 60%,14.9,13.8,16.0
NUTRITION_WA_2,"Underweight prevalence among children under 5 years of age   (% weight-for-age <-2 SD), survey-based estimates",2011,Wealth - Top 80%,20.1,18.9,21.4
NUTRITION_WA_2,"Underweight prevalence among children under 5 years of age   (% weight-for-age <-2 SD), survey-based estimates",2003,Wealth - Top 80%,24.8,22.5,27.3
NUTRITION_WA_2,"Underweight prevalence among children under 5 years of age   (% weight-for-age <-2 SD), survey-based estimates",2018,Wealth - Top 80%,18.4,17.3,19.5
NUTRITION_WA_2,"Underweight prevalence among children under 5 years of age   (% weight-for-age <-2 SD), survey-based estimates",2016,Wealth - Top 80%,27.2,25.9,28.5
NUTRITION_WA_2,"Underweight prevalence among children under 5 years of age   (% weight-for-age <-2 SD), survey-based estimates",2021,Q3,20.1,16.5,24.3
NUTRITION_WA_2,"Underweight prevalence among children under 5 years of age   (% weight-for-age <-2 SD), survey-based estimates",2003,Q3,27.1,23.6,30.8
NUTRITION_WA_2,"Underweight prevalence among children under 5 years of age   (% weight-for-age <-2 SD), survey-based estimates",2018,Q3,20.2,18.4,22.2
NUTRITION_WA_2,"Underweight prevalence among children under 5 years of age   (% weight-for-age <-2 SD), survey-based estimates",2016,Q3,28.5,26.4,30.7
NUTRITION_WA_2,"Underweight prevalence among children under 5 years of age   (% weight-for-age <-2 SD), survey-based estimates",2011,Q3,22.4,20.6,24.2
NUTRITION_WA_2,"Underweight prevalence among children under 5 years of age   (% weight-for-age <-2 SD), survey-based estimates",2016,12 to 23 months,38.3,36.2,40.5
NUTRITION_WA_2,"Underweight prevalence among children under 5 years of age   (% weight-for-age <-2 SD), survey-based estimates",2018,12 to 23 months,25.2,23.2,27.3
NUTRITION_WA_2,"Underweight prevalence among children under 5 years of age   (% weight-for-age <-2 SD), survey-based estimates",2015,12 to 23 months,25.7,23.9,27.5
NUTRITION_WA_2,"Underweight prevalence among children under 5 years of age   (% weight-for-age <-2 SD), survey-based estimates",2011,12 to 23 months,28.7,26.4,31.1
NUTRITION_WA_2,"Underweight prevalence among children under 5 years of age   (% weight-for-age <-2 SD), survey-based estimates",2003,12 to 23 months,32.3,28.2,36.7
NUTRITION_WA_2,"Underweight prevalence among children under 5 years of age   (% weight-for-age <-2 SD), survey-based estimates",1990,12 to 23 months,37.2,32.4,42.2
NUTRITION_WA_2,"Underweight prevalence among children under 5 years of age   (% weight-for-age <-2 SD), survey-based estimates",2021,12 to 23 months,27.6,23.9,31.7
NUTRITION_WA_2,"Underweight prevalence among children under 5 years of age   (% weight-for-age <-2 SD), survey-based estimates",2020,12 to 23 months,23.1,21.3,25.0
NUTRITION_WA_2,"Underweight prevalence among children under 5 years of age   (% weight-for-age <-2 SD), survey-based estimates",2014,12 to 23 months,25.8,24.0,27.8
NUTRITION_WA_2,"Underweight prevalence among children under 5 years of age   (% weight-for-age <-2 SD), survey-based estimates",2014,42 to 47 months,18.2,16.2,20.4
NUTRITION_WA_2,"Underweight prevalence among children under 5 years of age   (% weight-for-age <-2 SD), survey-based estimates",2020,42 to 47 months,13.9,11.9,16.2
NUTRITION_WA_2,"Underweight prevalence among children under 5 years of age   (% weight-for-age <-2 SD), survey-based estimates",1990,42 to 47 months,33.3,27.6,39.4
NUTRITION_WA_2,"Underweight prevalence among children under 5 years of age   (% weight-for-age <-2 SD), survey-based estimates",2018,42 to 47 months,24.0,20.6,27.7
NUTRITION_WA_2,"Underweight prevalence among children under 5 years of age   (% weight-for-age <-2 SD), survey-based estimates",2003,42 to 47 months,27.3,22.4,32.7
NUTRITION_WA_2,"Underweight prevalence among children under 5 years of age   (% weight-for-age <-2 SD), survey-based estimates",2015,42 to 47 months,15.1,13.2,17.3
NUTRITION_WA_2,"Underweight prevalence among children under 5 years of age   (% weight-for-age <-2 SD), survey-based estimates",2016,42 to 47 months,30.4,27.8,33.0
NUTRITION_WA_2,"Underweight prevalence among children under 5 years of age   (% weight-for-age <-2 SD), survey-based estimates",2011,42 to 47 months,28.6,26.1,31.2
NUTRITION_WA_2,"Underweight prevalence among children under 5 years of age   (% weight-for-age <-2 SD), survey-based estimates",2021,,25.5,23.4,27.8
NUTRITION_WA_2,"Underweight prevalence among children under 5 years of age   (% weight-for-age <-2 SD), survey-based estimates",2020,,18.4,17.5,19.4
NUTRITION_WA_2,"Underweight prevalence among children under 5 years of age   (% weight-for-age <-2 SD), survey-based estimates",2014,,20.6,19.5,21.7
NUTRITION_WA_2,"Underweight prevalence among children under 5 years of age   (% weight-for-age <-2 SD), survey-based estimates",1993,,35.1,,
NUTRITION_WA_2,"Underweight prevalence among children under 5 years of age   (% weight-for-age <-2 SD), survey-based estimates",2003,,26.7,24.6,28.9
NUTRITION_WA_2,"Underweight prevalence among children under 5 years of age   (% weight-for-age <-2 SD), survey-based estimates",1990,,33.1,30.6,35.8
NUTRITION_WA_2,"Underweight prevalence among children under 5 years of age   (% weight-for-age <-2 SD), survey-based estimates",2018,,21.8,20.8,22.9
NUTRITION_WA_2,"Underweight prevalence among children under 5 years of age   (% weight-for-age <-2 SD), survey-based estimates",2016,,31.5,30.2,32.8
NUTRITION_WA_2,"Underweight prevalence among children under 5 years of age   (% weight-for-age <-2 SD), survey-based estimates",2011,,24.2,23.0,25.5
NUTRITION_WA_2,"Underweight prevalence among children under 5 years of age   (% weight-for-age <-2 SD), survey-based estimates",2015,,19.5,18.6,20.5
NUTRITION_WA_2,"Underweight prevalence among children under 5 years of age   (% weight-for-age <-2 SD), survey-based estimates",2020,12 to 17 months,22.1,19.8,24.6
NUTRITION_WA_2,"Underweight prevalence among children under 5 years of age   (% weight-for-age <-2 SD), survey-based estimates",2014,12 to 17 months,24.0,21.9,26.2
NUTRITION_WA_2,"Underweight prevalence among children under 5 years of age   (% weight-for-age <-2 SD), survey-based estimates",1990,12 to 17 months,36.6,29.8,44.0
NUTRITION_WA_2,"Underweight prevalence among children under 5 years of age   (% weight-for-age <-2 SD), survey-based estimates",2003,12 to 17 months,34.0,28.9,39.5
NUTRITION_WA_2,"Underweight prevalence among children under 5 years of age   (% weight-for-age <-2 SD), survey-based estimates",2015,12 to 17 months,25.8,23.7,28.1
NUTRITION_WA_2,"Underweight prevalence among children under 5 years of age   (% weight-for-age <-2 SD), survey-based estimates",2011,12 to 17 months,25.2,22.6,28.0
NUTRITION_WA_2,"Underweight prevalence among children under 5 years of age   (% weight-for-age <-2 SD), survey-based estimates",2016,12 to 17 months,37.7,35.2,40.3
NUTRITION_WA_2,"Underweight prevalence among children under 5 years of age   (% weight-for-age <-2 SD), survey-based estimates",2018,12 to 17 months,26.5,23.6,29.6
NUTRITION_WA_2,"Underweight prevalence among children under 5 years of age   (% weight-for-age <-2 SD), survey-based estimates",2015,Both sexes,19.5,18.6,20.5
NUTRITION_WA_2,"Underweight prevalence among children under 5 years of age   (% weight-for-age <-2 SD), survey-based estimates",2016,Both sexes,31.5,30.2,32.8
NUTRITION_WA_2,"Underweight prevalence among children under 5 years of age   (% weight-for-age <-2 SD), survey-based estimates",2018,Both sexes,21.8,20.8,22.9
NUTRITION_WA_2,"Underweight prevalence among children under 5 years of age   (% weight-for-age <-2 SD), survey-based estimates",2011,Both sexes,24.2,23.0,25.5
NUTRITION_WA_2,"Underweight prevalence among children under 5 years of age   (% weight-for-age <-2 SD), survey-based estimates",2003,Both sexes,26.7,24.6,28.9
NUTRITION_WA_2,"Underweight prevalence among children under 5 years of age   (% weight-for-age <-2 SD), survey-based estimates",1990,Both sexes,33.1,30.6,35.8
NUTRITION_WA_2,"Underweight prevalence among children under 5 years of age   (% weight-for-age <-2 SD), survey-based estimates",2020,Both sexes,18.4,17.5,19.4
NUTRITION_WA_2,"Underweight prevalence among children under 5 years of age   (% weight-for-age <-2 SD), survey-based estimates",1993,Both sexes,35.1,,
NUTRITION_WA_2,"Underweight prevalence among children under 5 years of age   (% weight-for-age <-2 SD), survey-based estimates",2021,Both sexes,25.5,23.4,27.8
NUTRITION_WA_2,"Underweight prevalence among children under 5 years of age   (% weight-for-age <-2 SD), survey-based estimates",2014,Both sexes,20.6,19.5,21.7
NUTRITION_WA_2,"Underweight prevalence among children under 5 years of age   (% weight-for-age <-2 SD), survey-based estimates",2011,Female,24.0,22.5,25.6
NUTRITION_WA_2,"Underweight prevalence among children under 5 years of age   (% weight-for-age <-2 SD), survey-based estimates",2016,Female,29.9,28.5,31.3
NUTRITION_WA_2,"Underweight prevalence among children under 5 years of age   (% weight-for-age <-2 SD), survey-based estimates",2018,Female,20.4,19.1,21.8
NUTRITION_WA_2,"Underweight prevalence among children under 5 years of age   (% weight-for-age <-2 SD), survey-based estimates",2003,Female,24.8,22.3,27.5
NUTRITION_WA_2,"Underweight prevalence among children under 5 years of age   (% weight-for-age <-2 SD), survey-based estimates",1990,Female,31.8,28.7,35.2
NUTRITION_WA_2,"Underweight prevalence among children under 5 years of age   (% weight-for-age <-2 SD), survey-based estimates",2003,Primary,24.4,21.0,28.3
NUTRITION_WA_2,"Underweight prevalence among children under 5 years of age   (% weight-for-age <-2 SD), survey-based estimates",1990,Primary,27.8,24.8,31.1
NUTRITION_WA_2,"Underweight prevalence among children under 5 years of age   (% weight-for-age <-2 SD), survey-based estimates",2011,Primary,20.6,18.7,22.7
NUTRITION_WA_2,"Underweight prevalence among children under 5 years of age   (% weight-for-age <-2 SD), survey-based estimates",2018,Primary,18.9,17.0,21.1
NUTRITION_WA_2,"Underweight prevalence among children under 5 years of age   (% weight-for-age <-2 SD), survey-based estimates",2016,Primary,27.0,24.9,29.1
NUTRITION_WA_2,"Underweight prevalence among children under 5 years of age   (% weight-for-age <-2 SD), survey-based estimates",2020,0 to 5 months,17.3,15.2,19.6
NUTRITION_WA_2,"Underweight prevalence among children under 5 years of age   (% weight-for-age <-2 SD), survey-based estimates",2003,0 to 5 months,16.0,12.4,20.3
NUTRITION_WA_2,"Underweight prevalence among children under 5 years of age   (% weight-for-age <-2 SD), survey-based estimates",2014,0 to 5 months,16.6,14.9,18.5
NUTRITION_WA_2,"Underweight prevalence among children under 5 years of age   (% weight-for-age <-2 SD), survey-based estimates",2015,0 to 5 months,15.3,13.7,17.1
NUTRITION_WA_2,"Underweight prevalence among children under 5 years of age   (% weight-for-age <-2 SD), survey-based estimates",2016,0 to 5 months,22.7,20.7,24.9
NUTRITION_WA_2,"Underweight prevalence among children under 5 years of age   (% weight-for-age <-2 SD), survey-based estimates",2011,0 to 5 months,14.4,12.6,16.5
NUTRITION_WA_2,"Underweight prevalence among children under 5 years of age   (% weight-for-age <-2 SD), survey-based estimates",2018,0 to 5 months,16.8,14.4,19.5
NUTRITION_WA_2,"Underweight prevalence among children under 5 years of age   (% weight-for-age <-2 SD), survey-based estimates",1990,0 to 5 months,18.7,14.3,24.0
NUTRITION_WA_2,"Underweight prevalence among children under 5 years of age   (% weight-for-age <-2 SD), survey-based estimates",2016,Higher education,12.2,10.1,14.8
NUTRITION_WA_2,"Underweight prevalence among children under 5 years of age   (% weight-for-age <-2 SD), survey-based estimates",1990,Higher education,9.3,3.6,21.8
NUTRITION_WA_2,"Underweight prevalence among children under 5 years of age   (% weight-for-age <-2 SD), survey-based estimates",2018,Higher education,9.4,7.4,11.8
NUTRITION_WA_2,"Underweight prevalence among children under 5 years of age   (% weight-for-age <-2 SD), survey-based estimates",2003,Higher education,10.7,5.9,18.7
NUTRITION_WA_2,"Underweight prevalence among children under 5 years of age   (% weight-for-age <-2 SD), survey-based estimates",2011,Wealth - Middle 60%,23.4,22.2,24.8
NUTRITION_WA_2,"Underweight prevalence among children under 5 years of age   (% weight-for-age <-2 SD), survey-based estimates",2018,Wealth - Middle 60%,21.1,19.9,22.4
NUTRITION_WA_2,"Underweight prevalence among children under 5 years of age   (% weight-for-age <-2 SD), survey-based estimates",2003,Wealth - Middle 60%,28.3,26.1,30.7
NUTRITION_WA_2,"Underweight prevalence among children under 5 years of age   (% weight-for-age <-2 SD), survey-based estimates",2016,Wealth - Middle 60%,30.6,29.1,32.1
NUTRITION_WA_2,"Underweight prevalence among children under 5 years of age   (% weight-for-age <-2 SD), survey-based estimates",2003,Q1 (Poorest),33.5,29.7,37.7
NUTRITION_WA_2,"Underweight prevalence among children under 5 years of age   (% weight-for-age <-2 SD), survey-based estimates",2021,Q1 (Poorest),36.8,31.9,41.9
NUTRITION_WA_2,"Underweight prevalence among children under 5 years of age   (% weight-for-age <-2 SD), survey-based estimates",2016,Q1 (Poorest),46.5,44.5,48.7
NUTRITION_WA_2,"Underweight prevalence among children under 5 years of age   (% weight-for-age <-2 SD), survey-based estimates",2011,Q1 (Poorest),38.2,35.9,40.5
NUTRITION_WA_2,"Underweight prevalence among children under 5 years of age   (% weight-for-age <-2 SD), survey-based estimates",2018,Q1 (Poorest),36.9,34.4,39.5
NUTRITION_WA_2,"Underweight prevalence among children under 5 years of age   (% weight-for-age <-2 SD), survey-based estimates",1990,24 to 29 months,40.0,35.1,45.1
NUTRITION_WA_2,"Underweight prevalence among children under 5 years of age   (% weight-for-age <-2 SD), survey-based estimates",2015,24 to 29 months,22.0,19.9,24.2
NUTRITION_WA_2,"Underweight prevalence among children under 5 years of age   (% weight-for-age <-2 SD), survey-based estimates",2018,24 to 29 months,24.7,22.1,27.5
NUTRITION_WA_2,"Underweight prevalence among children under 5 years of age   (% weight-for-age <-2 SD), survey-based estimates",2016,24 to 29 months,35.8,33.1,38.7
NUTRITION_WA_2,"Underweight prevalence among children under 5 years of age   (% weight-for-age <-2 SD), survey-based estimates",2011,24 to 29 months,22.5,19.9,25.2
NUTRITION_WA_2,"Underweight prevalence among children under 5 years of age   (% weight-for-age <-2 SD), survey-based estimates",2020,24 to 29 months,18.7,16.5,21.1
NUTRITION_WA_2,"Underweight prevalence among children under 5 years of age   (% weight-for-age <-2 SD), survey-based estimates",2003,24 to 29 months,30.4,25.1,36.3
NUTRITION_WA_2,"Underweight prevalence among children under 5 years of age   (% weight-for-age <-2 SD), survey-based estimates",2014,24 to 29 months,23.3,21.3,25.5
NUTRITION_WA_2,"Underweight prevalence among children under 5 years of age   (% weight-for-age <-2 SD), survey-based estimates",2011,Wealth - Bottom 60%,30.9,29.5,32.3
NUTRITION_WA_2,"Underweight prevalence among children under 5 years of age   (% weight-for-age <-2 SD), survey-based estimates",2003,Wealth - Bottom 60%,31.5,29.2,33.8
NUTRITION_WA_2,"Underweight prevalence among children under 5 years of age   (% weight-for-age <-2 SD), survey-based estimates",2016,Wealth - Bottom 60%,38.1,36.6,39.6
NUTRITION_WA_2,"Underweight prevalence among children under 5 years of age   (% weight-for-age <-2 SD), survey-based estimates",2018,Wealth - Bottom 60%,28.5,27.1,29.9
NUTRITION_WA_2,"Underweight prevalence among children under 5 years of age   (% weight-for-age <-2 SD), survey-based estimates",2003,30 to 35 months,27.4,21.1,34.8
NUTRITION_WA_2,"Underweight prevalence among children under 5 years of age   (% weight-for-age <-2 SD), survey-based estimates",2014,30 to 35 months,20.7,18.5,23.0
NUTRITION_WA_2,"Underweight prevalence among children under 5 years of age   (% weight-for-age <-2 SD), survey-based estimates",2020,30 to 35 months,17.8,15.9,20.0
NUTRITION_WA_2,"Underweight prevalence among children under 5 years of age   (% weight-for-age <-2 SD), survey-based estimates",2016,30 to 35 months,37.5,34.6,40.6
NUTRITION_WA_2,"Underweight prevalence among children under 5 years of age   (% weight-for-age <-2 SD), survey-based estimates",2011,30 to 35 months,28.5,25.6,31.6
NUTRITION_WA_2,"Underweight prevalence among children under 5 years of age   (% weight-for-age <-2 SD), survey-based estimates",2018,30 to 35 months,25.6,22.4,29.2
NUTRITION_WA_2,"Underweight prevalence among children under 5 years of age   (% weight-for-age <-2 SD), survey-based estimates",2015,30 to 35 months,19.9,17.8,22.1
NUTRITION_WA_2,"Underweight prevalence among children under 5 years of age   (% weight-for-age <-2 SD), survey-based estimates",1990,30 to 35 months,36.7,30.2,43.8
NUTRITION_WA_2,"Underweight prevalence among children under 5 years of age   (% weight-for-age <-2 SD), survey-based estimates",2003,24 to 59 months,27.6,24.7,30.7
NUTRITION_WA_2,"Underweight prevalence among children under 5 years of age   (% weight-for-age <-2 SD), survey-based estimates",2014,24 to 59 months,19.1,17.9,20.4
NUTRITION_WA_2,"Underweight prevalence among children under 5 years of age   (% weight-for-age <-2 SD), survey-based estimates",2020,24 to 59 months,15.7,14.7,16.8
NUTRITION_WA_2,"Underweight prevalence among children under 5 years of age   (% weight-for-age <-2 SD), survey-based estimates",2016,24 to 59 months,30.6,29.1,32.1
NUTRITION_WA_2,"Underweight prevalence among children under 5 years of age   (% weight-for-age <-2 SD), survey-based estimates",2011,24 to 59 months,24.5,23.0,26.0
NUTRITION_WA_2,"Underweight prevalence among children under 5 years of age   (% weight-for-age <-2 SD), survey-based estimates",2015,24 to 59 months,17.4,16.3,18.6
NUTRITION_WA_2,"Underweight prevalence among children under 5 years of age   (% weight-for-age <-2 SD), survey-based estimates",2018,24 to 59 months,21.8,20.6,23.1
NUTRITION_WA_2,"Underweight prevalence among children under 5 years of age   (% weight-for-age <-2 SD), survey-based estimates",1990,24 to 59 months,35.7,32.9,38.6
NUTRITION_WA_2,"Underweight prevalence among children under 5 years of age   (% weight-for-age <-2 SD), survey-based estimates",2014,18 to 23 months,28.0,25.6,30.6
NUTRITION_WA_2,"Underweight prevalence among children under 5 years of age   (% weight-for-age <-2 SD), survey-based estimates",1990,18 to 23 months,38.1,32.8,43.6
NUTRITION_WA_2,"Underweight prevalence among children under 5 years of age   (% weight-for-age <-2 SD), survey-based estimates",2003,18 to 23 months,29.8,24.4,35.9
NUTRITION_WA_2,"Underweight prevalence among children under 5 years of age   (% weight-for-age <-2 SD), survey-based estimates",2020,18 to 23 months,24.1,21.7,26.7
NUTRITION_WA_2,"Underweight prevalence among children under 5 years of age   (% weight-for-age <-2 SD), survey-based estimates",2011,18 to 23 months,32.8,29.5,36.2
NUTRITION_WA_2,"Underweight prevalence among children under 5 years of age   (% weight-for-age <-2 SD), survey-based estimates",2018,18 to 23 months,23.6,20.8,26.7
NUTRITION_WA_2,"Underweight prevalence among children under 5 years of age   (% weight-for-age <-2 SD), survey-based estimates",2015,18 to 23 months,25.4,23.1,27.9
NUTRITION_WA_2,"Underweight prevalence among children under 5 years of age   (% weight-for-age <-2 SD), survey-based estimates",2016,18 to 23 months,39.3,36.4,42.2
NUTRITION_WA_2,"Underweight prevalence among children under 5 years of age   (% weight-for-age <-2 SD), survey-based estimates",2018,24 to 35 months,25.1,23.1,27.2
NUTRITION_WA_2,"Underweight prevalence among children under 5 years of age   (% weight-for-age <-2 SD), survey-based estimates",2015,24 to 35 months,21.0,19.4,22.7
NUTRITION_WA_2,"Underweight prevalence among children under 5 years of age   (% weight-for-age <-2 SD), survey-based estimates",2011,24 to 35 months,25.4,23.1,27.8
NUTRITION_WA_2,"Underweight prevalence among children under 5 years of age   (% weight-for-age <-2 SD), survey-based estimates",2016,24 to 35 months,36.6,34.4,38.9
NUTRITION_WA_2,"Underweight prevalence among children under 5 years of age   (% weight-for-age <-2 SD), survey-based estimates",2020,24 to 35 months,18.3,16.8,19.9
NUTRITION_WA_2,"Underweight prevalence among children under 5 years of age   (% weight-for-age <-2 SD), survey-based estimates",2021,24 to 35 months,27.6,23.9,31.6
NUTRITION_WA_2,"Underweight prevalence among children under 5 years of age   (% weight-for-age <-2 SD), survey-based estimates",1990,24 to 35 months,38.7,34.6,42.9
NUTRITION_WA_2,"Underweight prevalence among children under 5 years of age   (% weight-for-age <-2 SD), survey-based estimates",2003,24 to 35 months,29.1,24.6,34.0
NUTRITION_WA_2,"Underweight prevalence among children under 5 years of age   (% weight-for-age <-2 SD), survey-based estimates",2014,24 to 35 months,22.2,20.5,23.9
NUTRITION_WA_2,"Underweight prevalence among children under 5 years of age   (% weight-for-age <-2 SD), survey-based estimates",2021,Q4,18.4,15.6,21.5
NUTRITION_WA_2,"Underweight prevalence among children under 5 years of age   (% weight-for-age <-2 SD), survey-based estimates",2016,Q4,24.0,21.3,27.0
NUTRITION_WA_2,"Underweight prevalence among children under 5 years of age   (% weight-for-age <-2 SD), survey-based estimates",2011,Q4,16.8,14.7,19.1
NUTRITION_WA_2,"Underweight prevalence among children under 5 years of age   (% weight-for-age <-2 SD), survey-based estimates",2018,Q4,14.3,12.3,16.6
NUTRITION_WA_2,"Underweight prevalence among children under 5 years of age   (% weight-for-age <-2 SD), survey-based estimates",2003,Q4,23.9,20.1,28.2
NUTRITION_WA_2,"Underweight prevalence among children under 5 years of age   (% weight-for-age <-2 SD), survey-based estimates",2018,48 to 59 months,18.9,17.2,20.7
NUTRITION_WA_2,"Underweight prevalence among children under 5 years of age   (% weight-for-age <-2 SD), survey-based estimates",2011,48 to 59 months,23.5,21.6,25.5
NUTRITION_WA_2,"Underweight prevalence among children under 5 years of age   (% weight-for-age <-2 SD), survey-based estimates",1990,48 to 59 months,35.0,31.3,38.8
NUTRITION_WA_2,"Underweight prevalence among children under 5 years of age   (% weight-for-age <-2 SD), survey-based estimates",2003,48 to 59 months,26.5,22.3,31.1
NUTRITION_WA_2,"Underweight prevalence among children under 5 years of age   (% weight-for-age <-2 SD), survey-based estimates",2015,48 to 59 months,14.5,13.1,16.0
NUTRITION_WA_2,"Underweight prevalence among children under 5 years of age   (% weight-for-age <-2 SD), survey-based estimates",2016,48 to 59 months,27.1,25.0,29.2
NUTRITION_WA_2,"Underweight prevalence among children under 5 years of age   (% weight-for-age <-2 SD), survey-based estimates",2014,48 to 59 months,16.4,14.8,18.2
NUTRITION_WA_2,"Underweight prevalence among children under 5 years of age   (% weight-for-age <-2 SD), survey-based estimates",2021,48 to 59 months,22.6,18.7,27.1
NUTRITION_WA_2,"Underweight prevalence among children under 5 years of age   (% weight-for-age <-2 SD), survey-based estimates",2020,48 to 59 months,13.8,12.3,15.4
NUTRITION_WA_2,"Underweight prevalence among children under 5 years of age   (% weight-for-age <-2 SD), survey-based estimates",2003,6 to 59 months,28.3,26.0,30.7
NUTRITION_WA_2,"Underweight prevalence among children under 5 years of age   (% weight-for-age <-2 SD), survey-based estimates",1990,6 to 59 months,35.5,32.9,38.3
NUTRITION_WA_2,"Underweight prevalence among children under 5 years of age   (% weight-for-age <-2 SD), survey-based estimates",2014,6 to 59 months,21.1,19.9,22.3
NUTRITION_WA_2,"Underweight prevalence among children under 5 years of age   (% weight-for-age <-2 SD), survey-based estimates",2020,6 to 59 months,18.5,17.6,19.6
NUTRITION_WA_2,"Underweight prevalence among children under 5 years of age   (% weight-for-age <-2 SD), survey-based estimates",2011,6 to 59 months,25.4,24.0,26.8
NUTRITION_WA_2,"Underweight prevalence among children under 5 years of age   (% weight-for-age <-2 SD), survey-based estimates",2018,6 to 59 months,22.3,21.2,23.5
NUTRITION_WA_2,"Underweight prevalence among children under 5 years of age   (% weight-for-age <-2 SD), survey-based estimates",2016,6 to 59 months,32.5,31.2,33.9
NUTRITION_WA_2,"Underweight prevalence among children under 5 years of age   (% weight-for-age <-2 SD), survey-based estimates",2015,6 to 59 months,20.1,19.0,21.2
NUTRITION_WA_2,"Underweight prevalence among children under 5 years of age   (% weight-for-age <-2 SD), survey-based estimates",2016,None and primary education,35.3,33.6,36.9
NUTRITION_WA_2,"Underweight prevalence among children under 5 years of age   (% weight-for-age <-2 SD), survey-based estimates",2011,None and primary education,31.3,29.9,32.8
NUTRITION_WA_2,"Underweight prevalence among children under 5 years of age   (% weight-for-age <-2 SD), survey-based estimates",2018,None and primary education,29.7,28.2,31.2
NUTRITION_WA_2,"Underweight prevalence among children under 5 years of age   (% weight-for-age <-2 SD), survey-based estimates",1990,None and primary education,35.1,32.3,37.9
NUTRITION_WA_2,"Underweight prevalence among children under 5 years of age   (% weight-for-age <-2 SD), survey-based estimates",2003,None and primary education,31.0,28.9,33.3
NUTRITION_WA_2,"Underweight prevalence among children under 5 years of age   (% weight-for-age <-2 SD), survey-based estimates",2018,Secondary or higher,12.0,10.9,13.2
NUTRITION_WA_2,"Underweight prevalence among children under 5 years of age   (% weight-for-age <-2 SD), survey-based estimates",2016,Secondary or higher,18.0,16.7,19.4
NUTRITION_WA_2,"Underweight prevalence among children under 5 years of age   (% weight-for-age <-2 SD), survey-based estimates",1990,Secondary or higher,20.8,17.0,25.1
NUTRITION_WA_2,"Underweight prevalence among children under 5 years of age   (% weight-for-age <-2 SD), survey-based estimates",2011,Secondary or higher,12.1,11.0,13.4
NUTRITION_WA_2,"Underweight prevalence among children under 5 years of age   (% weight-for-age <-2 SD), survey-based estimates",2003,Secondary or higher,15.3,11.8,19.7
NUTRITION_WA_2,"Underweight prevalence among children under 5 years of age   (% weight-for-age <-2 SD), survey-based estimates",2016,36 to 59 months,27.7,26.2,29.3
NUTRITION_WA_2,"Underweight prevalence among children under 5 years of age   (% weight-for-age <-2 SD), survey-based estimates",2003,36 to 59 months,26.8,23.8,30.0
NUTRITION_WA_2,"Underweight prevalence among children under 5 years of age   (% weight-for-age <-2 SD), survey-based estimates",1990,36 to 59 months,34.2,30.9,37.7
NUTRITION_WA_2,"Underweight prevalence among children under 5 years of age   (% weight-for-age <-2 SD), survey-based estimates",2015,36 to 59 months,15.2,14.1,16.5
NUTRITION_WA_2,"Underweight prevalence among children under 5 years of age   (% weight-for-age <-2 SD), survey-based estimates",2018,36 to 59 months,20.3,18.9,21.7
NUTRITION_WA_2,"Underweight prevalence among children under 5 years of age   (% weight-for-age <-2 SD), survey-based estimates",2011,36 to 59 months,24.0,22.4,25.7
NUTRITION_WA_2,"Underweight prevalence among children under 5 years of age   (% weight-for-age <-2 SD), survey-based estimates",2020,36 to 59 months,14.2,13.0,15.4
NUTRITION_WA_2,"Underweight prevalence among children under 5 years of age   (% weight-for-age <-2 SD), survey-based estimates",2014,36 to 59 months,17.4,16.1,18.7
NUTRITION_WA_2,"Underweight prevalence among children under 5 years of age   (% weight-for-age <-2 SD), survey-based estimates",2015,Female,18.5,17.4,19.7
NUTRITION_WA_2,"Underweight prevalence among children under 5 years of age   (% weight-for-age <-2 SD), survey-based estimates",2020,Female,15.0,14.0,16.0
NUTRITION_WA_2,"Underweight prevalence among children under 5 years of age   (% weight-for-age <-2 SD), survey-based estimates",2014,Female,19.0,17.9,20.3
NUTRITION_WA_2,"Underweight prevalence among children under 5 years of age   (% weight-for-age <-2 SD), survey-based estimates",2021,Female,23.7,21.2,26.5
NUTRITION_WA_2,"Underweight prevalence among children under 5 years of age   (% weight-for-age <-2 SD), survey-based estimates",2015,Male,20.5,19.4,21.7
NUTRITION_WA_2,"Underweight prevalence among children under 5 years of age   (% weight-for-age <-2 SD), survey-based estimates",1990,Male,34.5,31.8,37.2
NUTRITION_WA_2,"Underweight prevalence among children under 5 years of age   (% weight-for-age <-2 SD), survey-based estimates",2018,Male,23.1,21.8,24.5
NUTRITION_WA_2,"Underweight prevalence among children under 5 years of age   (% weight-for-age <-2 SD), survey-based estimates",2016,Male,33.1,31.6,34.6
NUTRITION_WA_2,"Underweight prevalence among children under 5 years of age   (% weight-for-age <-2 SD), survey-based estimates",2011,Male,24.4,23.0,25.9
NUTRITION_WA_2,"Underweight prevalence among children under 5 years of age   (% weight-for-age <-2 SD), survey-based estimates",2020,Male,21.8,20.6,23.1
NUTRITION_WA_2,"Underweight prevalence among children under 5 years of age   (% weight-for-age <-2 SD), survey-based estimates",2021,Male,27.3,24.6,30.1
NUTRITION_WA_2,"Underweight prevalence among children under 5 years of age   (% weight-for-age <-2 SD), survey-based estimates",2003,Male,28.5,25.9,31.3
NUTRITION_WA_2,"Underweight prevalence among children under 5 years of age   (% weight-for-age <-2 SD), survey-based estimates",2020,6 to 11 months,25.6,23.2,28.1
NUTRITION_WA_2,"Underweight prevalence among children under 5 years of age   (% weight-for-age <-2 SD), survey-based estimates",2003,6 to 11 months,25.3,21.0,30.2
NUTRITION_WA_2,"Underweight prevalence among children under 5 years of age   (% weight-for-age <-2 SD), survey-based estimates",2021,6 to 11 months,24.8,19.2,31.4
NUTRITION_WA_2,"Underweight prevalence among children under 5 years of age   (% weight-for-age <-2 SD), survey-based estimates",2014,6 to 11 months,22.2,20.3,24.2
NUTRITION_WA_2,"Underweight prevalence among children under 5 years of age   (% weight-for-age <-2 SD), survey-based estimates",2011,6 to 11 months,24.3,21.6,27.2
NUTRITION_WA_2,"Underweight prevalence among children under 5 years of age   (% weight-for-age <-2 SD), survey-based estimates",2018,6 to 11 months,19.4,16.9,22.2
NUTRITION_WA_2,"Underweight prevalence among children under 5 years of age   (% weight-for-age <-2 SD), survey-based estimates",2015,6 to 11 months,23.2,21.2,25.3
NUTRITION_WA_2,"Underweight prevalence among children under 5 years of age   (% weight-for-age <-2 SD), survey-based estimates",1990,6 to 11 months,32.1,27.2,37.4
NUTRITION_WA_2,"Underweight prevalence among children under 5 years of age   (% weight-for-age <-2 SD), survey-based estimates",2016,6 to 11 months,32.7,30.3,35.2
NUTRITION_WA_2,"Underweight prevalence among children under 5 years of age   (% weight-for-age <-2 SD), survey-based estimates",2011,0 to 23 months,23.9,22.5,25.4
NUTRITION_WA_2,"Underweight prevalence among children under 5 years of age   (% weight-for-age <-2 SD), survey-based estimates",2016,0 to 23 months,32.9,31.4,34.4
NUTRITION_WA_2,"Underweight prevalence among children under 5 years of age   (% weight-for-age <-2 SD), survey-based estimates",1990,0 to 23 months,30.3,26.6,34.2
NUTRITION_WA_2,"Underweight prevalence among children under 5 years of age   (% weight-for-age <-2 SD), survey-based estimates",2003,0 to 23 months,25.5,22.9,28.2
NUTRITION_WA_2,"Underweight prevalence among children under 5 years of age   (% weight-for-age <-2 SD), survey-based estimates",2015,0 to 23 months,22.2,21.0,23.5
NUTRITION_WA_2,"Underweight prevalence among children under 5 years of age   (% weight-for-age <-2 SD), survey-based estimates",2018,0 to 23 months,21.7,20.3,23.2
NUTRITION_WA_2,"Underweight prevalence among children under 5 years of age   (% weight-for-age <-2 SD), survey-based estimates",2020,0 to 23 months,22.2,21.0,23.6
NUTRITION_WA_2,"Underweight prevalence among children under 5 years of age   (% weight-for-age <-2 SD), survey-based estimates",2014,0 to 23 months,22.5,21.2,23.9
NUTRITION_WA_2,"Underweight prevalence among children under 5 years of age   (% weight-for-age <-2 SD), survey-based estimates",2011,Q2,30.6,28.7,32.7
NUTRITION_WA_2,"Underweight prevalence among children under 5 years of age   (% weight-for-age <-2 SD), survey-based estimates",2016,Q2,38.1,36.1,40.1
NUTRITION_WA_2,"Underweight prevalence among children under 5 years of age   (% weight-for-age <-2 SD), survey-based estimates",2018,Q2,29.3,27.1,31.6
NUTRITION_WA_2,"Underweight prevalence among children under 5 years of age   (% weight-for-age <-2 SD), survey-based estimates",2021,Q2,34.6,30.1,39.3
NUTRITION_WA_2,"Underweight prevalence among children under 5 years of age   (% weight-for-age <-2 SD), survey-based estimates",2003,Q2,33.5,29.2,38.1
NUTRITION_WA_2,"Underweight prevalence among children under 5 years of age   (% weight-for-age <-2 SD), survey-based estimates",2018,48 to 53 months,18.3,16.1,20.7
NUTRITION_WA_2,"Underweight prevalence among children under 5 years of age   (% weight-for-age <-2 SD), survey-based estimates",2011,48 to 53 months,19.8,17.4,22.5
NUTRITION_WA_2,"Underweight prevalence among children under 5 years of age   (% weight-for-age <-2 SD), survey-based estimates",2016,48 to 53 months,25.7,23.4,28.1
NUTRITION_WA_2,"Underweight prevalence among children under 5 years of age   (% weight-for-age <-2 SD), survey-based estimates",2003,48 to 53 months,26.0,20.9,31.9
NUTRITION_WA_2,"Underweight prevalence among children under 5 years of age   (% weight-for-age <-2 SD), survey-based estimates",2015,48 to 53 months,13.8,12.1,15.7
NUTRITION_WA_2,"Underweight prevalence among children under 5 years of age   (% weight-for-age <-2 SD), survey-based estimates",2020,48 to 53 months,13.4,11.5,15.7
NUTRITION_WA_2,"Underweight prevalence among children under 5 years of age   (% weight-for-age <-2 SD), survey-based estimates",2014,48 to 53 months,17.1,15.0,19.4
NUTRITION_WA_2,"Underweight prevalence among children under 5 years of age   (% weight-for-age <-2 SD), survey-based estimates",1990,48 to 53 months,31.4,26.9,36.1
NUTRITION_WA_2,"Underweight prevalence among children under 5 years of age   (% weight-for-age <-2 SD), survey-based estimates",2018,Wealth - Top 40%,12.1,10.8,13.5
NUTRITION_WA_2,"Underweight prevalence among children under 5 years of age   (% weight-for-age <-2 SD), survey-based estimates",2016,Wealth - Top 40%,20.0,18.2,22.0
NUTRITION_WA_2,"Underweight prevalence among children under 5 years of age   (% weight-for-age <-2 SD), survey-based estimates",2011,Wealth - Top 40%,13.3,11.8,14.9
NUTRITION_WA_2,"Underweight prevalence among children under 5 years of age   (% weight-for-age <-2 SD), survey-based estimates",2003,Wealth - Top 40%,18.9,15.7,22.6
NUTRITION_WA_2,"Underweight prevalence among children under 5 years of age   (% weight-for-age <-2 SD), survey-based estimates",2021,Urban,17.4,14.6,20.6
NUTRITION_WA_2,"Underweight prevalence among children under 5 years of age   (% weight-for-age <-2 SD), survey-based estimates",2003,Urban,20.4,16.8,24.6
NUTRITION_WA_2,"Underweight prevalence among children under 5 years of age   (% weight-for-age <-2 SD), survey-based estimates",1990,Urban,23.0,19.5,26.9
NUTRITION_WA_2,"Underweight prevalence among children under 5 years of age   (% weight-for-age <-2 SD), survey-based estimates",2011,Urban,16.8,14.5,19.3
NUTRITION_WA_2,"Underweight prevalence among children under 5 years of age   (% weight-for-age <-2 SD), survey-based estimates",2018,Urban,15.1,13.7,16.7
NUTRITION_WA_2,"Underweight prevalence among children under 5 years of age   (% weight-for-age <-2 SD), survey-based estimates",2016,Urban,23.0,20.8,25.3
NUTRITION_WA_2,"Underweight prevalence among children under 5 years of age   (% weight-for-age <-2 SD), survey-based estimates",2016,Q5 (Richest),15.8,14.3,17.5
NUTRITION_WA_2,"Underweight prevalence among children under 5 years of age   (% weight-for-age <-2 SD), survey-based estimates",2011,Q5 (Richest),9.6,8.1,11.4
NUTRITION_WA_2,"Underweight prevalence among children under 5 years of age   (% weight-for-age <-2 SD), survey-based estimates",2018,Q5 (Richest),9.7,8.2,11.5
NUTRITION_WA_2,"Underweight prevalence among children under 5 years of age   (% weight-for-age <-2 SD), survey-based estimates",2021,Q5 (Richest),13.9,11.1,17.3
NUTRITION_WA_2,"Underweight prevalence among children under 5 years of age   (% weight-for-age <-2 SD), survey-based estimates",2003,Q5 (Richest),13.9,10.4,18.2
NUTRITION_WA_2,"Underweight prevalence among children under 5 years of age   (% weight-for-age <-2 SD), survey-based estimates",2020,6 to 23 months,23.9,22.4,25.5
NUTRITION_WA_2,"Underweight prevalence among children under 5 years of age   (% weight-for-age <-2 SD), survey-based estimates",2014,6 to 23 months,24.6,23.0,26.2
NUTRITION_WA_2,"Underweight prevalence among children under 5 years of age   (% weight-for-age <-2 SD), survey-based estimates",2003,6 to 23 months,29.5,26.3,32.9
NUTRITION_WA_2,"Underweight prevalence among children under 5 years of age   (% weight-for-age <-2 SD), survey-based estimates",2015,6 to 23 months,24.8,23.3,26.3
NUTRITION_WA_2,"Underweight prevalence among children under 5 years of age   (% weight-for-age <-2 SD), survey-based estimates",2016,6 to 23 months,36.5,34.8,38.3
NUTRITION_WA_2,"Underweight prevalence among children under 5 years of age   (% weight-for-age <-2 SD), survey-based estimates",1990,6 to 23 months,35.3,31.1,39.7
NUTRITION_WA_2,"Underweight prevalence among children under 5 years of age   (% weight-for-age <-2 SD), survey-based estimates",2018,6 to 23 months,23.3,21.6,25.1
NUTRITION_WA_2,"Underweight prevalence among children under 5 years of age   (% weight-for-age <-2 SD), survey-based estimates",2011,6 to 23 months,27.1,25.3,29.0
NUTRITION_WA_2,"Underweight prevalence among children under 5 years of age   (% weight-for-age <-2 SD), survey-based estimates",2011,36 to 47 months,24.5,22.5,26.5
NUTRITION_WA_2,"Underweight prevalence among children under 5 years of age   (% weight-for-age <-2 SD), survey-based estimates",2016,36 to 47 months,28.4,26.6,30.2
NUTRITION_WA_2,"Underweight prevalence among children under 5 years of age   (% weight-for-age <-2 SD), survey-based estimates",2015,36 to 47 months,15.8,14.4,17.4
NUTRITION_WA_2,"Underweight prevalence among children under 5 years of age   (% weight-for-age <-2 SD), survey-based estimates",2018,36 to 47 months,21.6,19.5,23.8
NUTRITION_WA_2,"Underweight prevalence among children under 5 years of age   (% weight-for-age <-2 SD), survey-based estimates",2020,36 to 47 months,14.5,13.0,16.2
NUTRITION_WA_2,"Underweight prevalence among children under 5 years of age   (% weight-for-age <-2 SD), survey-based estimates",2014,36 to 47 months,18.2,16.7,19.9
NUTRITION_WA_2,"Underweight prevalence among children under 5 years of age   (% weight-for-age <-2 SD), survey-based estimates",2021,36 to 47 months,23.7,20.1,27.8
NUTRITION_WA_2,"Underweight prevalence among children under 5 years of age   (% weight-for-age <-2 SD), survey-based estimates",1990,36 to 47 months,33.6,29.6,37.9
NUTRITION_WA_2,"Underweight prevalence among children under 5 years of age   (% weight-for-age <-2 SD), survey-based estimates",2003,36 to 47 months,27.0,23.7,30.6
NUTRITION_WA_2,"Underweight prevalence among children under 5 years of age   (% weight-for-age <-2 SD), survey-based estimates",2003,Wealth - Bottom 40%,33.5,30.5,36.8
NUTRITION_WA_2,"Underweight prevalence among children under 5 years of age   (% weight-for-age <-2 SD), survey-based estimates",2016,Wealth - Bottom 40%,42.4,40.8,44.1
NUTRITION_WA_2,"Underweight prevalence among children under 5 years of age   (% weight-for-age <-2 SD), survey-based estimates",2011,Wealth - Bottom 40%,34.6,32.9,36.3
NUTRITION_WA_2,"Underweight prevalence among children under 5 years of age   (% weight-for-age <-2 SD), survey-based estimates",2018,Wealth - Bottom 40%,33.0,31.3,34.7
NUTRITION_WA_2,"Underweight prevalence among children under 5 years of age   (% weight-for-age <-2 SD), survey-based estimates",2011,12 to 59 months,25.5,24.1,27.1
NUTRITION_WA_2,"Underweight prevalence among children under 5 years of age   (% weight-for-age <-2 SD), survey-based estimates",2016,12 to 59 months,32.5,31.1,33.9
NUTRITION_WA_2,"Underweight prevalence among children under 5 years of age   (% weight-for-age <-2 SD), survey-based estimates",2018,12 to 59 months,22.7,21.6,23.9
NUTRITION_WA_2,"Underweight prevalence among children under 5 years of age   (% weight-for-age <-2 SD), survey-based estimates",2015,12 to 59 months,19.7,18.6,20.8
NUTRITION_WA_2,"Underweight prevalence among children under 5 years of age   (% weight-for-age <-2 SD), survey-based estimates",1990,12 to 59 months,36.1,33.4,39.0
NUTRITION_WA_2,"Underweight prevalence among children under 5 years of age   (% weight-for-age <-2 SD), survey-based estimates",2014,12 to 59 months,20.9,19.7,22.1
NUTRITION_WA_2,"Underweight prevalence among children under 5 years of age   (% weight-for-age <-2 SD), survey-based estimates",2020,12 to 59 months,17.6,16.6,18.6
NUTRITION_WA_2,"Underweight prevalence among children under 5 years of age   (% weight-for-age <-2 SD), survey-based estimates",2003,12 to 59 months,28.8,26.3,31.4
NUTRITION_WA_2,"Underweight prevalence among children under 5 years of age   (% weight-for-age <-2 SD), survey-based estimates",1990,54 to 59 months,40.8,34.7,47.3
NUTRITION_WA_2,"Underweight prevalence among children under 5 years of age   (% weight-for-age <-2 SD), survey-based estimates",2003,54 to 59 months,27.1,20.8,34.4
NUTRITION_WA_2,"Underweight prevalence among children under 5 years of age   (% weight-for-age <-2 SD), survey-based estimates",2020,54 to 59 months,14.1,12.0,16.5
NUTRITION_WA_2,"Underweight prevalence among children under 5 years of age   (% weight-for-age <-2 SD), survey-based estimates",2014,54 to 59 months,15.5,13.5,17.8
NUTRITION_WA_2,"Underweight prevalence among children under 5 years of age   (% weight-for-age <-2 SD), survey-based estimates",2015,54 to 59 months,15.6,13.4,17.9
NUTRITION_WA_2,"Underweight prevalence among children under 5 years of age   (% weight-for-age <-2 SD), survey-based estimates",2011,54 to 59 months,26.8,24.3,29.4
NUTRITION_WA_2,"Underweight prevalence among children under 5 years of age   (% weight-for-age <-2 SD), survey-based estimates",2018,54 to 59 months,19.7,17.2,22.5
NUTRITION_WA_2,"Underweight prevalence among children under 5 years of age   (% weight-for-age <-2 SD), survey-based estimates",2016,54 to 59 months,29.0,26.2,31.9
NUTRITION_WA_2,"Underweight prevalence among children under 5 years of age   (% weight-for-age <-2 SD), survey-based estimates",2014,Male,22.1,20.9,23.4
NUTRITION_WH_2,"Wasting prevalence among children under 5 years of age (% weight-for-height <-2 SD), survey-based estimates",2014,Male,13.4,11.9,15.0
NUTRITION_WH_2,"Wasting prevalence among children under 5 years of age (% weight-for-height <-2 SD), survey-based estimates",2020,Female,5.3,4.7,6.0
NUTRITION_WH_2,"Wasting prevalence among children under 5 years of age (% weight-for-height <-2 SD), survey-based estimates",2020,12 to 59 months,5.1,4.7,5.7
NUTRITION_WH_2,"Wasting prevalence among children under 5 years of age (% weight-for-height <-2 SD), survey-based estimates",2020,Male,3.3,2.3,4.7
NUTRITION_WH_2,"Wasting prevalence among children under 5 years of age (% weight-for-height <-2 SD), survey-based estimates",2011,30 to 35 months,6.6,5.1,8.5
NUTRITION_WH_2,"Wasting prevalence among children under 5 years of age (% weight-for-height <-2 SD), survey-based estimates",2016,Q1 (Poorest),13.2,12.1,14.4
NUTRITION_WH_2,"Wasting prevalence among children under 5 years of age (% weight-for-height <-2 SD), survey-based estimates",1993,,20.6,,
NUTRITION_WH_2,"Wasting prevalence among children under 5 years of age (% weight-for-height <-2 SD), survey-based estimates",2014,Female,4.5,3.1,6.4
NUTRITION_WH_2,"Wasting prevalence among children under 5 years of age (% weight-for-height <-2 SD), survey-based estimates",2020,12 to 23 months,8.5,7.5,9.7
NUTRITION_WH_2,"Wasting prevalence among children under 5 years of age (% weight-for-height <-2 SD), survey-based estimates",2016,12 to 17 months,19.0,17.1,21.0
NUTRITION_WH_2,"Wasting prevalence among children under 5 years of age (% weight-for-height <-2 SD), survey-based estimates",2016,Male,5.2,3.9,6.9
NUTRITION_WH_2,"Wasting prevalence among children under 5 years of age (% weight-for-height <-2 SD), survey-based estimates",2020,Both sexes,6.5,6.0,7.0
NUTRITION_WH_2,"Wasting prevalence among children under 5 years of age (% weight-for-height <-2 SD), survey-based estimates",1990,Male,5.6,3.2,9.6
NUTRITION_WH_2,"Wasting prevalence among children under 5 years of age (% weight-for-height <-2 SD), survey-based estimates",2003,Primary,10.5,8.5,13.0
NUTRITION_WH_2,"Wasting prevalence among children under 5 years of age (% weight-for-height <-2 SD), survey-based estimates",1990,Total,11.7,10.1,13.5
NUTRITION_WH_2,"Wasting prevalence among children under 5 years of age (% weight-for-height <-2 SD), survey-based estimates",2011,Male,7.7,6.5,9.2
NUTRITION_WH_2,"Wasting prevalence among children under 5 years of age (% weight-for-height <-2 SD), survey-based estimates",2003,Female,14.0,10.1,19.1
NUTRITION_WH_2,"Wasting prevalence among children under 5 years of age (% weight-for-height <-2 SD), survey-based estimates",2015,Male,9.0,7.2,11.1
NUTRITION_WH_2,"Wasting prevalence among children under 5 years of age (% weight-for-height <-2 SD), survey-based estimates",2011,Female,14.4,12.0,17.1
NUTRITION_WH_2,"Wasting prevalence among children under 5 years of age (% weight-for-height <-2 SD), survey-based estimates",2011,Wealth - Bottom 40%,11.9,11.0,12.7
NUTRITION_WH_2,"Wasting prevalence among children under 5 years of age (% weight-for-height <-2 SD), survey-based estimates",1993,Both sexes,20.6,,
NUTRITION_WH_2,"Wasting prevalence among children under 5 years of age (% weight-for-height <-2 SD), survey-based estimates",2018,Female,5.4,4.7,6.2
NUTRITION_WH_2,"Wasting prevalence among children under 5 years of age (% weight-for-height <-2 SD), survey-based estimates",2003,Male,6.5,5.0,8.4
NUTRITION_WH_2,"Wasting prevalence among children under 5 years of age (% weight-for-height <-2 SD), survey-based estimates",2018,Total,6.8,6.3,7.4
NUTRITION_WH_2,"Wasting prevalence among children under 5 years of age (% weight-for-height <-2 SD), survey-based estimates",2018,Male,8.0,7.2,8.8
NUTRITION_WH_2,"Wasting prevalence among children under 5 years of age (% weight-for-height <-2 SD), survey-based estimates",2020,36 to 47 months,3.2,2.5,4.1
NUTRITION_WH_2,"Wasting prevalence among children under 5 years of age (% weight-for-height <-2 SD), survey-based estimates",2011,Q4,9.9,8.1,12.1
NUTRITION_WH_2,"Wasting prevalence among children under 5 years of age (% weight-for-height <-2 SD), survey-based estimates",2014,36 to 41 months,3.8,3.0,4.8
NUTRITION_WH_2,"Wasting prevalence among children under 5 years of age (% weight-for-height <-2 SD), survey-based estimates",2015,Female,5.0,3.7,6.6
NUTRITION_WH_2,"Wasting prevalence among children under 5 years of age (% weight-for-height <-2 SD), survey-based estimates",2021,Both sexes,11.5,10.1,13.2
NUTRITION_WH_2,"Wasting prevalence among children under 5 years of age (% weight-for-height <-2 SD), survey-based estimates",1990,Higher education,4.6,1.4,14.1
NUTRITION_WH_2,"Wasting prevalence among children under 5 years of age (% weight-for-height <-2 SD), survey-based estimates",1990,54 to 59 months,7.9,3.9,15.2
NUTRITION_WH_2,"Wasting prevalence among children under 5 years of age (% weight-for-height <-2 SD), survey-based estimates",2003,None and primary education,12.3,10.9,14.0
NUTRITION_WH_2,"Wasting prevalence among children under 5 years of age (% weight-for-height <-2 SD), survey-based estimates",2016,Secondary education,9.2,8.1,10.4
NUTRITION_WH_2,"Wasting prevalence among children under 5 years of age (% weight-for-height <-2 SD), survey-based estimates",2014,24 to 35 months,5.6,4.8,6.4
NUTRITION_WH_2,"Wasting prevalence among children under 5 years of age (% weight-for-height <-2 SD), survey-based estimates",2011,24 to 29 months,8.1,6.8,9.6
NUTRITION_WH_2,"Wasting prevalence among children under 5 years of age (% weight-for-height <-2 SD), survey-based estimates",2018,,6.8,6.3,7.4
NUTRITION_WH_2,"Wasting prevalence among children under 5 years of age (% weight-for-height <-2 SD), survey-based estimates",2003,Both sexes,11.2,10.0,12.5
NUTRITION_WH_2,"Wasting prevalence among children under 5 years of age (% weight-for-height <-2 SD), survey-based estimates",2003,Wealth - Bottom 40%,13.0,11.1,15.0
NUTRITION_WH_2,"Wasting prevalence among children under 5 years of age (% weight-for-height <-2 SD), survey-based estimates",2003,24 to 59 months,7.1,5.8,8.7
NUTRITION_WH_2,"Wasting prevalence among children under 5 years of age (% weight-for-height <-2 SD), survey-based estimates",2016,42 to 47 months,4.6,3.7,5.8
NUTRITION_WH_2,"Wasting prevalence among children under 5 years of age (% weight-for-height <-2 SD), survey-based estimates",1990,48 to 53 months,4.8,3.3,7.0
NUTRITION_WH_2,"Wasting prevalence among children under 5 years of age (% weight-for-height <-2 SD), survey-based estimates",2016,None and primary education,10.4,9.7,11.2
NUTRITION_WH_2,"Wasting prevalence among children under 5 years of age (% weight-for-height <-2 SD), survey-based estimates",2015,Total (All ages),7.3,6.9,7.8
NUTRITION_WH_2,"Wasting prevalence among children under 5 years of age (% weight-for-height <-2 SD), survey-based estimates",2011,None and primary education,11.5,10.7,12.3
NUTRITION_WH_2,"Wasting prevalence among children under 5 years of age (% weight-for-height <-2 SD), survey-based estimates",1990,12 to 59 months,9.7,8.3,11.2
NUTRITION_WH_2,"Wasting prevalence among children under 5 years of age (% weight-for-height <-2 SD), survey-based estimates",1990,Female,8.3,6.4,10.6
NUTRITION_WH_2,"Wasting prevalence among children under 5 years of age (% weight-for-height <-2 SD), survey-based estimates",2018,None and primary education,8.3,7.4,9.2
NUTRITION_WH_2,"Wasting prevalence among children under 5 years of age (% weight-for-height <-2 SD), survey-based estimates",2011,Wealth - Top 60%,9.0,8.1,10.0
NUTRITION_WH_2,"Wasting prevalence among children under 5 years of age (% weight-for-height <-2 SD), survey-based estimates",2003,,11.2,10.0,12.5
NUTRITION_WH_2,"Wasting prevalence among children under 5 years of age (% weight-for-height <-2 SD), survey-based estimates",2016,Total,10.8,10.2,11.5
NUTRITION_WH_2,"Wasting prevalence among children under 5 years of age (% weight-for-height <-2 SD), survey-based estimates",2020,0 to 5 months,8.3,6.8,9.9
NUTRITION_WH_2,"Wasting prevalence among children under 5 years of age (% weight-for-height <-2 SD), survey-based estimates",2015,48 to 59 months,2.9,2.3,3.6
NUTRITION_WH_2,"Wasting prevalence among children under 5 years of age (% weight-for-height <-2 SD), survey-based estimates",2016,Female,4.6,3.7,5.7
NUTRITION_WH_2,"Wasting prevalence among children under 5 years of age (% weight-for-height <-2 SD), survey-based estimates",1990,42 to 47 months,5.3,3.2,8.8
NUTRITION_WH_2,"Wasting prevalence among children under 5 years of age (% weight-for-height <-2 SD), survey-based estimates",2020,42 to 47 months,2.9,2.0,4.2
NUTRITION_WH_2,"Wasting prevalence among children under 5 years of age (% weight-for-height <-2 SD), survey-based estimates",2018,Wealth - Top 40%,4.8,4.1,5.6
NUTRITION_WH_2,"Wasting prevalence among children under 5 years of age (% weight-for-height <-2 SD), survey-based estimates",2020,36 to 59 months,3.5,2.9,4.2
NUTRITION_WH_2,"Wasting prevalence among children under 5 years of age (% weight-for-height <-2 SD), survey-based estimates",2015,Both sexes,7.3,6.9,7.8
NUTRITION_WH_2,"Wasting prevalence among children under 5 years of age (% weight-for-height <-2 SD), survey-based estimates",2011,Wealth - Top 40%,8.9,7.7,10.2
NUTRITION_WH_2,"Wasting prevalence among children under 5 years of age (% weight-for-height <-2 SD), survey-based estimates",2016,6 to 23 months,18.1,16.9,19.4
NUTRITION_WH_2,"Wasting prevalence among children under 5 years of age (% weight-for-height <-2 SD), survey-based estimates",2021,Female,11.1,9.0,13.5
NUTRITION_WH_2,"Wasting prevalence among children under 5 years of age (% weight-for-height <-2 SD), survey-based estimates",2011,Total,10.2,9.6,10.9
NUTRITION_WH_2,"Wasting prevalence among children under 5 years of age (% weight-for-height <-2 SD), survey-based estimates",2011,24 to 35 months,7.4,6.4,8.5
NUTRITION_WH_2,"Wasting prevalence among children under 5 years of age (% weight-for-height <-2 SD), survey-based estimates",2003,18 to 23 months,13.5,10.0,17.9
NUTRITION_WH_2,"Wasting prevalence among children under 5 years of age (% weight-for-height <-2 SD), survey-based estimates",2018,Both sexes,6.8,6.3,7.4
NUTRITION_WH_2,"Wasting prevalence among children under 5 years of age (% weight-for-height <-2 SD), survey-based estimates",1990,6 to 11 months,18.3,14.6,22.7
NUTRITION_WH_2,"Wasting prevalence among children under 5 years of age (% weight-for-height <-2 SD), survey-based estimates",2020,0 to 23 months,9.9,9.0,10.8
NUTRITION_WH_2,"Wasting prevalence among children under 5 years of age (% weight-for-height <-2 SD), survey-based estimates",2018,54 to 59 months,3.9,2.8,5.4
NUTRITION_WH_2,"Wasting prevalence among children under 5 years of age (% weight-for-height <-2 SD), survey-based estimates",2015,24 to 35 months,4.4,3.8,5.1
NUTRITION_WH_2,"Wasting prevalence among children under 5 years of age (% weight-for-height <-2 SD), survey-based estimates",2011,Wealth - Bottom 80%,10.8,10.1,11.6
NUTRITION_WH_2,"Wasting prevalence among children under 5 years of age (% weight-for-height <-2 SD), survey-based estimates",1990,6 to 23 months,15.5,13.5,17.8
NUTRITION_WH_2,"Wasting prevalence among children under 5 years of age (% weight-for-height <-2 SD), survey-based estimates",2016,12 to 23 months,17.7,16.2,19.2
NUTRITION_WH_2,"Wasting prevalence among children under 5 years of age (% weight-for-height <-2 SD), survey-based estimates",2011,6 to 23 months,17.0,15.8,18.4
NUTRITION_WH_2,"Wasting prevalence among children under 5 years of age (% weight-for-height <-2 SD), survey-based estimates",2011,54 to 59 months,6.2,4.9,7.9
NUTRITION_WH_2,"Wasting prevalence among children under 5 years of age (% weight-for-height <-2 SD), survey-based estimates",1990,48 to 59 months,6.0,4.1,8.7
NUTRITION_WH_2,"Wasting prevalence among children under 5 years of age (% weight-for-height <-2 SD), survey-based estimates",1993,Total,20.6,,
NUTRITION_WH_2,"Wasting prevalence among children under 5 years of age (% weight-for-height <-2 SD), survey-based estimates",2020,24 to 29 months,5.7,4.5,7.2
NUTRITION_WH_2,"Wasting prevalence among children under 5 years of age (% weight-for-height <-2 SD), survey-based estimates",2016,,11.0,10.0,12.0
NUTRITION_WH_2,"Wasting prevalence among children under 5 years of age (% weight-for-height <-2 SD), survey-based estimates",2021,Total,11.5,10.1,13.2
NUTRITION_WH_2,"Wasting prevalence among children under 5 years of age (% weight-for-height <-2 SD), survey-based estimates",2011,Urban,9.7,8.1,11.4
NUTRITION_WH_2,"Wasting prevalence among children under 5 years of age (% weight-for-height <-2 SD), survey-based estimates",1990,Secondary or higher,7.0,5.1,9.7
NUTRITION_WH_2,"Wasting prevalence among children under 5 years of age (% weight-for-height <-2 SD), survey-based estimates",1990,36 to 59 months,7.0,5.2,9.3
NUTRITION_WH_2,"Wasting prevalence among children under 5 years of age (% weight-for-height <-2 SD), survey-based estimates",2018,30 to 35 months,5.5,3.9,7.6
NUTRITION_WH_2,"Wasting prevalence among children under 5 years of age (% weight-for-height <-2 SD), survey-based estimates",2003,Total (All ages),11.2,10.0,12.5
NUTRITION_WH_2,"Wasting prevalence among children under 5 years of age (% weight-for-height <-2 SD), survey-based estimates",2003,Urban,10.1,8.3,12.2
NUTRITION_WH_2,"Wasting prevalence among children under 5 years of age (% weight-for-height <-2 SD), survey-based estimates",2020,54 to 59 months,3.4,2.3,5.1
NUTRITION_WH_2,"Wasting prevalence among children under 5 years of age (% weight-for-height <-2 SD), survey-based estimates",1990,Both sexes,11.7,10.1,13.5
NUTRITION_WH_2,"Wasting prevalence among children under 5 years of age (% weight-for-height <-2 SD), survey-based estimates",2018,48 to 59 months,3.9,3.1,4.9
NUTRITION_WH_2,"Wasting prevalence among children under 5 years of age (% weight-for-height <-2 SD), survey-based estimates",2018,0 to 23 months,10.8,9.7,11.9
NUTRITION_WH_2,"Wasting prevalence among children under 5 years of age (% weight-for-height <-2 SD), survey-based estimates",2003,12 to 59 months,9.1,7.9,10.5
NUTRITION_WH_2,"Wasting prevalence among children under 5 years of age (% weight-for-height <-2 SD), survey-based estimates",2011,Rural,10.5,9.9,11.2
NUTRITION_WH_2,"Wasting prevalence among children under 5 years of age (% weight-for-height <-2 SD), survey-based estimates",2016,Wealth - Bottom 80%,11.1,10.4,11.9
NUTRITION_WH_2,"Wasting prevalence among children under 5 years of age (% weight-for-height <-2 SD), survey-based estimates",2003,Wealth - Bottom 80%,11.8,10.5,13.2
NUTRITION_WH_2,"Wasting prevalence among children under 5 years of age (% weight-for-height <-2 SD), survey-based estimates",2018,Wealth - Top 80%,6.0,5.4,6.5
NUTRITION_WH_2,"Wasting prevalence among children under 5 years of age (% weight-for-height <-2 SD), survey-based estimates",2003,36 to 47 months,9.0,6.9,11.6
NUTRITION_WH_2,"Wasting prevalence among children under 5 years of age (% weight-for-height <-2 SD), survey-based estimates",2014,12 to 59 months,6.4,5.9,7.0
NUTRITION_WH_2,"Wasting prevalence among children under 5 years of age (% weight-for-height <-2 SD), survey-based estimates",2003,36 to 41 months,9.7,7.1,13.2
NUTRITION_WH_2,"Wasting prevalence among children under 5 years of age (% weight-for-height <-2 SD), survey-based estimates",2011,Wealth - Top 80%,9.4,8.6,10.2
NUTRITION_WH_2,"Wasting prevalence among children under 5 years of age (% weight-for-height <-2 SD), survey-based estimates",2014,,7.9,7.4,8.5
NUTRITION_WH_2,"Wasting prevalence among children under 5 years of age (% weight-for-height <-2 SD), survey-based estimates",2011,12 to 23 months,15.5,13.9,17.1
NUTRITION_WH_2,"Wasting prevalence among children under 5 years of age (% weight-for-height <-2 SD), survey-based estimates",1990,,14.1,11.8,16.7
NUTRITION_WH_2,"Wasting prevalence among children under 5 years of age (% weight-for-height <-2 SD), survey-based estimates",2015,0 to 11 months,11.6,10.6,12.8
NUTRITION_WH_2,"Wasting prevalence among children under 5 years of age (% weight-for-height <-2 SD), survey-based estimates",1990,Total (All ages),11.7,10.1,13.5
NUTRITION_WH_2,"Wasting prevalence among children under 5 years of age (% weight-for-height <-2 SD), survey-based estimates",1990,6 to 59 months,10.9,9.6,12.4
NUTRITION_WH_2,"Wasting prevalence among children under 5 years of age (% weight-for-height <-2 SD), survey-based estimates",1990,Rural,12.4,10.5,14.6
NUTRITION_WH_2,"Wasting prevalence among children under 5 years of age (% weight-for-height <-2 SD), survey-based estimates",2018,18 to 23 months,8.1,6.3,10.3
NUTRITION_WH_2,"Wasting prevalence among children under 5 years of age (% weight-for-height <-2 SD), survey-based estimates",2014,24 to 59 months,4.5,4.0,5.1
NUTRITION_WH_2,"Wasting prevalence among children under 5 years of age (% weight-for-height <-2 SD), survey-based estimates",2014,24 to 29 months,6.3,5.3,7.4
NUTRITION_WH_2,"Wasting prevalence among children under 5 years of age (% weight-for-height <-2 SD), survey-based estimates",2003,Total,11.2,10.0,12.5
NUTRITION_WH_2,"Wasting prevalence among children under 5 years of age (% weight-for-height <-2 SD), survey-based estimates",2011,18 to 23 months,15.3,12.5,18.6
NUTRITION_WH_2,"Wasting prevalence among children under 5 years of age (% weight-for-height <-2 SD), survey-based estimates",2003,0 to 11 months,17.1,14.2,20.5
NUTRITION_WH_2,"Wasting prevalence among children under 5 years of age (% weight-for-height <-2 SD), survey-based estimates",2018,0 to 11 months,10.3,9.0,11.9
NUTRITION_WH_2,"Wasting prevalence among children under 5 years of age (% weight-for-height <-2 SD), survey-based estimates",2021,48 to 59 months,5.5,3.9,7.8
NUTRITION_WH_2,"Wasting prevalence among children under 5 years of age (% weight-for-height <-2 SD), survey-based estimates",2003,48 to 59 months,4.9,3.3,7.1
NUTRITION_WH_2,"Wasting prevalence among children under 5 years of age (% weight-for-height <-2 SD), survey-based estimates",2011,Both sexes,10.2,9.6,10.9
NUTRITION_WH_2,"Wasting prevalence among children under 5 years of age (% weight-for-height <-2 SD), survey-based estimates",2016,12 to 59 months,9.2,8.6,9.9
NUTRITION_WH_2,"Wasting prevalence among children under 5 years of age (% weight-for-height <-2 SD), survey-based estimates",2011,0 to 11 months,17.1,15.5,18.8
NUTRITION_WH_2,"Wasting prevalence among children under 5 years of age (% weight-for-height <-2 SD), survey-based estimates",2014,36 to 47 months,3.3,2.7,4.0
NUTRITION_WH_2,"Wasting prevalence among children under 5 years of age (% weight-for-height <-2 SD), survey-based estimates",2016,Both sexes,10.8,10.2,11.5
NUTRITION_WH_2,"Wasting prevalence among children under 5 years of age (% weight-for-height <-2 SD), survey-based estimates",2020,Total,6.5,6.0,7.0
NUTRITION_WH_2,"Wasting prevalence among children under 5 years of age (% weight-for-height <-2 SD), survey-based estimates",2015,36 to 47 months,3.3,2.7,4.0
NUTRITION_WH_2,"Wasting prevalence among children under 5 years of age (% weight-for-height <-2 SD), survey-based estimates",2015,12 to 17 months,15.2,13.6,16.9
NUTRITION_WH_2,"Wasting prevalence among children under 5 years of age (% weight-for-height <-2 SD), survey-based estimates",2016,0 to 23 months,17.2,16.0,18.5
NUTRITION_WH_2,"Wasting prevalence among children under 5 years of age (% weight-for-height <-2 SD), survey-based estimates",1990,0 to 5 months,12.7,9.3,17.2
NUTRITION_WH_2,"Wasting prevalence among children under 5 years of age (% weight-for-height <-2 SD), survey-based estimates",2015,42 to 47 months,3.9,2.9,5.3
NUTRITION_WH_2,"Wasting prevalence among children under 5 years of age (% weight-for-height <-2 SD), survey-based estimates",2014,0 to 5 months,11.6,10.2,13.1
NUTRITION_WH_2,"Wasting prevalence among children under 5 years of age (% weight-for-height <-2 SD), survey-based estimates",2014,30 to 35 months,4.6,3.6,5.8
NUTRITION_WH_2,"Wasting prevalence among children under 5 years of age (% weight-for-height <-2 SD), survey-based estimates",2011,36 to 59 months,5.3,4.6,6.0
NUTRITION_WH_2,"Wasting prevalence among children under 5 years of age (% weight-for-height <-2 SD), survey-based estimates",2021,Total (All ages),11.5,10.1,13.2
NUTRITION_WH_2,"Wasting prevalence among children under 5 years of age (% weight-for-height <-2 SD), survey-based estimates",1990,0 to 11 months,15.4,12.8,18.4
NUTRITION_WH_2,"Wasting prevalence among children under 5 years of age (% weight-for-height <-2 SD), survey-based estimates",2020,Total (All ages),6.5,6.0,7.0
NUTRITION_WH_2,"Wasting prevalence among children under 5 years of age (% weight-for-height <-2 SD), survey-based estimates",2011,42 to 47 months,6.1,4.8,7.6
NUTRITION_WH_2,"Wasting prevalence among children under 5 years of age (% weight-for-height <-2 SD), survey-based estimates",2011,Wealth - Middle 60%,9.9,9.0,10.8
NUTRITION_WH_2,"Wasting prevalence among children under 5 years of age (% weight-for-height <-2 SD), survey-based estimates",2011,Secondary education,8.1,7.1,9.1
NUTRITION_WH_2,"Wasting prevalence among children under 5 years of age (% weight-for-height <-2 SD), survey-based estimates",2011,Q5 (Richest),7.8,6.6,9.3
NUTRITION_WH_2,"Wasting prevalence among children under 5 years of age (% weight-for-height <-2 SD), survey-based estimates",2003,12 to 23 months,15.3,12.7,18.4
NUTRITION_WH_2,"Wasting prevalence among children under 5 years of age (% weight-for-height <-2 SD), survey-based estimates",2020,24 to 59 months,3.9,3.5,4.5
NUTRITION_WH_2,"Wasting prevalence among children under 5 years of age (% weight-for-height <-2 SD), survey-based estimates",2003,6 to 23 months,16.6,14.3,19.2
NUTRITION_WH_2,"Wasting prevalence among children under 5 years of age (% weight-for-height <-2 SD), survey-based estimates",2003,Q4,10.8,8.6,13.5
NUTRITION_WH_2,"Wasting prevalence among children under 5 years of age (% weight-for-height <-2 SD), survey-based estimates",1990,24 to 29 months,12.8,9.4,17.3
NUTRITION_WH_2,"Wasting prevalence among children under 5 years of age (% weight-for-height <-2 SD), survey-based estimates",2016,24 to 59 months,6.5,6.0,7.1
NUTRITION_WH_2,"Wasting prevalence among children under 5 years of age (% weight-for-height <-2 SD), survey-based estimates",2016,Q5 (Richest),9.2,8.1,10.5
NUTRITION_WH_2,"Wasting prevalence among children under 5 years of age (% weight-for-height <-2 SD), survey-based estimates",2018,Wealth - Bottom 80%,7.4,6.8,8.1
NUTRITION_WH_2,"Wasting prevalence among children under 5 years of age (% weight-for-height <-2 SD), survey-based estimates",2016,Wealth - Top 80%,10.1,9.3,10.9
NUTRITION_WH_2,"Wasting prevalence among children under 5 years of age (% weight-for-height <-2 SD), survey-based estimates",1993,Total (All ages),20.6,,
NUTRITION_WH_2,"Wasting prevalence among children under 5 years of age (% weight-for-height <-2 SD), survey-based estimates",2018,36 to 47 months,3.1,2.4,3.9
NUTRITION_WH_2,"Wasting prevalence among children under 5 years of age (% weight-for-height <-2 SD), survey-based estimates",2018,12 to 23 months,11.2,9.7,13.0
NUTRITION_WH_2,"Wasting prevalence among children under 5 years of age (% weight-for-height <-2 SD), survey-based estimates",2018,6 to 11 months,13.5,11.3,15.9
NUTRITION_WH_2,"Wasting prevalence among children under 5 years of age (% weight-for-height <-2 SD), survey-based estimates",2016,6 to 59 months,10.3,9.7,10.9
NUTRITION_WH_2,"Wasting prevalence among children under 5 years of age (% weight-for-height <-2 SD), survey-based estimates",2011,Total (All ages),10.2,9.6,10.9
NUTRITION_WH_2,"Wasting prevalence among children under 5 years of age (% weight-for-height <-2 SD), survey-based estimates",2020,12 to 17 months,10.4,8.8,12.2
NUTRITION_WH_2,"Wasting prevalence among children under 5 years of age (% weight-for-height <-2 SD), survey-based estimates",2003,12 to 17 months,16.6,12.8,21.2
NUTRITION_WH_2,"Wasting prevalence among children under 5 years of age (% weight-for-height <-2 SD), survey-based estimates",2021,Q2,11.5,9.1,14.5
NUTRITION_WH_2,"Wasting prevalence among children under 5 years of age (% weight-for-height <-2 SD), survey-based estimates",2011,6 to 11 months,19.9,17.4,22.6
NUTRITION_WH_2,"Wasting prevalence among children under 5 years of age (% weight-for-height <-2 SD), survey-based estimates",2014,Both sexes,7.9,7.4,8.5
NUTRITION_WH_2,"Wasting prevalence among children under 5 years of age (% weight-for-height <-2 SD), survey-based estimates",2015,36 to 59 months,3.1,2.7,3.6
NUTRITION_WH_2,"Wasting prevalence among children under 5 years of age (% weight-for-height <-2 SD), survey-based estimates",2011,36 to 41 months,3.6,2.5,5.3
NUTRITION_WH_2,"Wasting prevalence among children under 5 years of age (% weight-for-height <-2 SD), survey-based estimates",2003,42 to 47 months,8.0,5.3,12.0
NUTRITION_WH_2,"Wasting prevalence among children under 5 years of age (% weight-for-height <-2 SD), survey-based estimates",2016,Secondary or higher,9.1,8.2,10.1
NUTRITION_WH_2,"Wasting prevalence among children under 5 years of age (% weight-for-height <-2 SD), survey-based estimates",2003,0 to 5 months,15.7,12.1,20.2
NUTRITION_WH_2,"Wasting prevalence among children under 5 years of age (% weight-for-height <-2 SD), survey-based estimates",2003,6 to 59 months,10.5,9.3,11.8
NUTRITION_WH_2,"Wasting prevalence among children under 5 years of age (% weight-for-height <-2 SD), survey-based estimates",2015,36 to 41 months,2.8,2.2,3.7
NUTRITION_WH_2,"Wasting prevalence among children under 5 years of age (% weight-for-height <-2 SD), survey-based estimates",2014,0 to 23 months,12.4,11.5,13.3
NUTRITION_WH_2,"Wasting prevalence among children under 5 years of age (% weight-for-height <-2 SD), survey-based estimates",2014,Total,7.9,7.4,8.5
NUTRITION_WH_2,"Wasting prevalence among children under 5 years of age (% weight-for-height <-2 SD), survey-based estimates",1990,None and primary education,12.3,10.6,14.3
NUTRITION_WH_2,"Wasting prevalence among children under 5 years of age (% weight-for-height <-2 SD), survey-based estimates",2016,Wealth - Bottom 40%,12.2,11.4,13.0
NUTRITION_WH_2,"Wasting prevalence among children under 5 years of age (% weight-for-height <-2 SD), survey-based estimates",2018,6 to 59 months,6.8,6.2,7.4
NUTRITION_WH_2,"Wasting prevalence among children under 5 years of age (% weight-for-height <-2 SD), survey-based estimates",2021,Q3,9.4,7.0,12.6
NUTRITION_WH_2,"Wasting prevalence among children under 5 years of age (% weight-for-height <-2 SD), survey-based estimates",2016,18 to 23 months,15.8,13.9,17.8
NUTRITION_WH_2,"Wasting prevalence among children under 5 years of age (% weight-for-height <-2 SD), survey-based estimates",2016,54 to 59 months,5.7,4.6,7.2
NUTRITION_WH_2,"Wasting prevalence among children under 5 years of age (% weight-for-height <-2 SD), survey-based estimates",1990,18 to 23 months,12.9,9.5,17.3
NUTRITION_WH_2,"Wasting prevalence among children under 5 years of age (% weight-for-height <-2 SD), survey-based estimates",2003,Wealth - Top 40%,9.8,8.0,11.8
NUTRITION_WH_2,"Wasting prevalence among children under 5 years of age (% weight-for-height <-2 SD), survey-based estimates",2015,Total,7.3,6.9,7.8
NUTRITION_WH_2,"Wasting prevalence among children under 5 years of age (% weight-for-height <-2 SD), survey-based estimates",2016,Q4,10.3,8.4,12.5
NUTRITION_WH_2,"Wasting prevalence among children under 5 years of age (% weight-for-height <-2 SD), survey-based estimates",2015,24 to 29 months,5.9,4.9,7.1
NUTRITION_WH_2,"Wasting prevalence among children under 5 years of age (% weight-for-height <-2 SD), survey-based estimates",2015,6 to 23 months,12.9,11.9,13.9
NUTRITION_WH_2,"Wasting prevalence among children under 5 years of age (% weight-for-height <-2 SD), survey-based estimates",2014,36 to 59 months,3.9,3.4,4.5
NUTRITION_WH_2,"Wasting prevalence among children under 5 years of age (% weight-for-height <-2 SD), survey-based estimates",2018,Q1 (Poorest),10.5,9.1,12.0
NUTRITION_WH_2,"Wasting prevalence among children under 5 years of age (% weight-for-height <-2 SD), survey-based estimates",2020,18 to 23 months,6.6,5.3,8.2
NUTRITION_WH_2,"Wasting prevalence among children under 5 years of age (% weight-for-height <-2 SD), survey-based estimates",2018,Secondary education,5.2,4.5,6.0
NUTRITION_WH_2,"Wasting prevalence among children under 5 years of age (% weight-for-height <-2 SD), survey-based estimates",2021,Urban,11.4,9.0,14.3
NUTRITION_WH_2,"Wasting prevalence among children under 5 years of age (% weight-for-height <-2 SD), survey-based estimates",2011,Secondary or higher,8.1,7.1,9.1
NUTRITION_WH_2,"Wasting prevalence among children under 5 years of age (% weight-for-height <-2 SD), survey-based estimates",2018,Rural,7.9,7.2,8.7
NUTRITION_WH_2,"Wasting prevalence among children under 5 years of age (% weight-for-height <-2 SD), survey-based estimates",2016,Rural,10.9,10.1,11.7
NUTRITION_WH_2,"Wasting prevalence among children under 5 years of age (% weight-for-height <-2 SD), survey-based estimates",2018,12 to 59 months,5.9,5.3,6.5
NUTRITION_WH_2,"Wasting prevalence among children under 5 years of age (% weight-for-height <-2 SD), survey-based estimates",2018,Q5 (Richest),4.2,3.3,5.2
NUTRITION_WH_2,"Wasting prevalence among children under 5 years of age (% weight-for-height <-2 SD), survey-based estimates",2014,0 to 11 months,12.9,11.9,14.1
NUTRITION_WH_2,"Wasting prevalence among children under 5 years of age (% weight-for-height <-2 SD), survey-based estimates",2011,0 to 23 months,16.3,15.3,17.4
NUTRITION_WH_2,"Wasting prevalence among children under 5 years of age (% weight-for-height <-2 SD), survey-based estimates",2020,48 to 59 months,3.8,2.8,5.0
NUTRITION_WH_2,"Wasting prevalence among children under 5 years of age (% weight-for-height <-2 SD), survey-based estimates",2018,Wealth - Bottom 60%,8.2,7.4,9.0
NUTRITION_WH_2,"Wasting prevalence among children under 5 years of age (% weight-for-height <-2 SD), survey-based estimates",2015,12 to 23 months,12.4,11.2,13.7
NUTRITION_WH_2,"Wasting prevalence among children under 5 years of age (% weight-for-height <-2 SD), survey-based estimates",2014,12 to 17 months,13.4,11.8,15.1
NUTRITION_WH_2,"Wasting prevalence among children under 5 years of age (% weight-for-height <-2 SD), survey-based estimates",2014,6 to 11 months,14.3,12.8,15.9
NUTRITION_WH_2,"Wasting prevalence among children under 5 years of age (% weight-for-height <-2 SD), survey-based estimates",2011,Wealth - Bottom 60%,11.1,10.4,11.8
NUTRITION_WH_2,"Wasting prevalence among children under 5 years of age (% weight-for-height <-2 SD), survey-based estimates",1990,12 to 23 months,13.9,11.7,16.3
NUTRITION_WH_2,"Wasting prevalence among children under 5 years of age (% weight-for-height <-2 SD), survey-based estimates",2003,Wealth - Bottom 60%,12.1,10.6,13.9
NUTRITION_WH_2,"Wasting prevalence among children under 5 years of age (% weight-for-height <-2 SD), survey-based estimates",2016,Total (All ages),10.8,10.2,11.5
NUTRITION_WH_2,"Wasting prevalence among children under 5 years of age (% weight-for-height <-2 SD), survey-based estimates",2021,36 to 47 months,5.1,3.6,7.3
NUTRITION_WH_2,"Wasting prevalence among children under 5 years of age (% weight-for-height <-2 SD), survey-based estimates",2003,6 to 11 months,18.4,14.8,22.7
NUTRITION_WH_2,"Wasting prevalence among children under 5 years of age (% weight-for-height <-2 SD), survey-based estimates",2003,Q3,10.4,8.0,13.5
NUTRITION_WH_2,"Wasting prevalence among children under 5 years of age (% weight-for-height <-2 SD), survey-based estimates",2011,Primary,8.9,7.7,10.3
NUTRITION_WH_2,"Wasting prevalence among children under 5 years of age (% weight-for-height <-2 SD), survey-based estimates",2018,Secondary or higher,5.1,4.5,5.8
NUTRITION_WH_2,"Wasting prevalence among children under 5 years of age (% weight-for-height <-2 SD), survey-based estimates",2014,48 to 59 months,4.6,3.8,5.6
NUTRITION_WH_2,"Wasting prevalence among children under 5 years of age (% weight-for-height <-2 SD), survey-based estimates",2016,Higher education,8.8,7.4,10.6
NUTRITION_WH_2,"Wasting prevalence among children under 5 years of age (% weight-for-height <-2 SD), survey-based estimates",2021,Q4,8.6,6.8,10.8
NUTRITION_WH_2,"Wasting prevalence among children under 5 years of age (% weight-for-height <-2 SD), survey-based estimates",2016,0 to 11 months,16.8,15.0,18.8
NUTRITION_WH_2,"Wasting prevalence among children under 5 years of age (% weight-for-height <-2 SD), survey-based estimates",2011,Q1 (Poorest),13.2,12.0,14.4
NUTRITION_WH_2,"Wasting prevalence among children under 5 years of age (% weight-for-height <-2 SD), survey-based estimates",2003,24 to 35 months,7.0,5.1,9.5
NUTRITION_WH_2,"Wasting prevalence among children under 5 years of age (% weight-for-height <-2 SD), survey-based estimates",2011,12 to 59 months,8.4,7.6,9.2
NUTRITION_WH_2,"Wasting prevalence among children under 5 years of age (% weight-for-height <-2 SD), survey-based estimates",2011,,12.7,11.8,13.7
NUTRITION_WH_2,"Wasting prevalence among children under 5 years of age (% weight-for-height <-2 SD), survey-based estimates",2016,Q3,9.6,8.4,10.9
NUTRITION_WH_2,"Wasting prevalence among children under 5 years of age (% weight-for-height <-2 SD), survey-based estimates",2021,6 to 11 months,25.4,19.7,32.0
NUTRITION_WH_2,"Wasting prevalence among children under 5 years of age (% weight-for-height <-2 SD), survey-based estimates",2018,Primary,5.5,4.2,7.2
NUTRITION_WH_2,"Wasting prevalence among children under 5 years of age (% weight-for-height <-2 SD), survey-based estimates",2003,48 to 53 months,4.5,2.7,7.7
NUTRITION_WH_2,"Wasting prevalence among children under 5 years of age (% weight-for-height <-2 SD), survey-based estimates",2020,,6.5,6.0,7.0
NUTRITION_WH_2,"Wasting prevalence among children under 5 years of age (% weight-for-height <-2 SD), survey-based estimates",1990,Urban,9.1,7.4,11.2
NUTRITION_WH_2,"Wasting prevalence among children under 5 years of age (% weight-for-height <-2 SD), survey-based estimates",2015,0 to 5 months,9.6,8.3,11.0
NUTRITION_WH_2,"Wasting prevalence among children under 5 years of age (% weight-for-height <-2 SD), survey-based estimates",2011,48 to 59 months,5.6,4.7,6.8
NUTRITION_WH_2,"Wasting prevalence among children under 5 years of age (% weight-for-height <-2 SD), survey-based estimates",2020,6 to 59 months,6.2,5.7,6.7
NUTRITION_WH_2,"Wasting prevalence among children under 5 years of age (% weight-for-height <-2 SD), survey-based estimates",2016,Primary,9.4,8.4,10.6
NUTRITION_WH_2,"Wasting prevalence among children under 5 years of age (% weight-for-height <-2 SD), survey-based estimates",2016,48 to 53 months,5.1,4.2,6.2
NUTRITION_WH_2,"Wasting prevalence among children under 5 years of age (% weight-for-height <-2 SD), survey-based estimates",2018,Wealth - Bottom 40%,9.0,8.1,10.0
NUTRITION_WH_2,"Wasting prevalence among children under 5 years of age (% weight-for-height <-2 SD), survey-based estimates",1990,Primary,8.2,6.6,10.1
NUTRITION_WH_2,"Wasting prevalence among children under 5 years of age (% weight-for-height <-2 SD), survey-based estimates",2020,6 to 11 months,14.2,12.3,16.3
NUTRITION_WH_2,"Wasting prevalence among children under 5 years of age (% weight-for-height <-2 SD), survey-based estimates",2003,36 to 59 months,7.2,5.7,9.0
NUTRITION_WH_2,"Wasting prevalence among children under 5 years of age (% weight-for-height <-2 SD), survey-based estimates",2014,Total (All ages),7.9,7.4,8.5
NUTRITION_WH_2,"Wasting prevalence among children under 5 years of age (% weight-for-height <-2 SD), survey-based estimates",2015,12 to 59 months,6.0,5.6,6.5
NUTRITION_WH_2,"Wasting prevalence among children under 5 years of age (% weight-for-height <-2 SD), survey-based estimates",2021,Q5 (Richest),13.9,10.5,18.1
NUTRITION_WH_2,"Wasting prevalence among children under 5 years of age (% weight-for-height <-2 SD), survey-based estimates",2020,0 to 11 months,11.1,9.9,12.4
NUTRITION_WH_2,"Wasting prevalence among children under 5 years of age (% weight-for-height <-2 SD), survey-based estimates",2018,Higher education,4.8,3.5,6.6
NUTRITION_WH_2,"Wasting prevalence among children under 5 years of age (% weight-for-height <-2 SD), survey-based estimates",2016,36 to 41 months,4.9,4.0,6.0
NUTRITION_WH_2,"Wasting prevalence among children under 5 years of age (% weight-for-height <-2 SD), survey-based estimates",2018,24 to 59 months,4.1,3.5,4.6
NUTRITION_WH_2,"Wasting prevalence among children under 5 years of age (% weight-for-height <-2 SD), survey-based estimates",2016,0 to 5 months,14.7,12.2,17.7
NUTRITION_WH_2,"Wasting prevalence among children under 5 years of age (% weight-for-height <-2 SD), survey-based estimates",2003,24 to 29 months,8.6,5.8,12.6
NUTRITION_WH_2,"Wasting prevalence among children under 5 years of age (% weight-for-height <-2 SD), survey-based estimates",2020,48 to 53 months,4.1,2.6,6.2
NUTRITION_WH_2,"Wasting prevalence among children under 5 years of age (% weight-for-height <-2 SD), survey-based estimates",2016,24 to 29 months,9.9,8.6,11.3
NUTRITION_WH_2,"Wasting prevalence among children under 5 years of age (% weight-for-height <-2 SD), survey-based estimates",1990,30 to 35 months,6.3,3.8,10.2
NUTRITION_WH_2,"Wasting prevalence among children under 5 years of age (% weight-for-height <-2 SD), survey-based estimates",2015,6 to 59 months,7.0,6.5,7.5
NUTRITION_WH_2,"Wasting prevalence among children under 5 years of age (% weight-for-height <-2 SD), survey-based estimates",2018,12 to 17 months,13.7,11.3,16.4
NUTRITION_WH_2,"Wasting prevalence among children under 5 years of age (% weight-for-height <-2 SD), survey-based estimates",2003,Secondary education,9.1,7.0,11.7
NUTRITION_WH_2,"Wasting prevalence among children under 5 years of age (% weight-for-height <-2 SD), survey-based estimates",2016,30 to 35 months,8.8,6.9,11.3
NUTRITION_WH_2,"Wasting prevalence among children under 5 years of age (% weight-for-height <-2 SD), survey-based estimates",2016,Wealth - Top 40%,9.7,8.6,11.0
NUTRITION_WH_2,"Wasting prevalence among children under 5 years of age (% weight-for-height <-2 SD), survey-based estimates",2003,Wealth - Top 60%,10.0,8.6,11.6
NUTRITION_WH_2,"Wasting prevalence among children under 5 years of age (% weight-for-height <-2 SD), survey-based estimates",2003,Wealth - Top 80%,10.9,9.6,12.3
NUTRITION_WH_2,"Wasting prevalence among children under 5 years of age (% weight-for-height <-2 SD), survey-based estimates",2018,Q4,5.3,4.2,6.7
NUTRITION_WH_2,"Wasting prevalence among children under 5 years of age (% weight-for-height <-2 SD), survey-based estimates",2016,Urban,10.5,9.4,11.8
NUTRITION_WH_2,"Wasting prevalence among children under 5 years of age (% weight-for-height <-2 SD), survey-based estimates",2011,6 to 59 months,9.8,9.1,10.6
NUTRITION_WH_2,"Wasting prevalence among children under 5 years of age (% weight-for-height <-2 SD), survey-based estimates",2018,48 to 53 months,3.9,2.8,5.3
NUTRITION_WH_2,"Wasting prevalence among children under 5 years of age (% weight-for-height <-2 SD), survey-based estimates",2016,6 to 11 months,19.1,17.1,21.2
NUTRITION_WH_2,"Wasting prevalence among children under 5 years of age (% weight-for-height <-2 SD), survey-based estimates",2016,Wealth - Bottom 60%,11.4,10.7,12.1
NUTRITION_WH_2,"Wasting prevalence among children under 5 years of age (% weight-for-height <-2 SD), survey-based estimates",2003,Q2,13.3,11.0,16.1
NUTRITION_WH_2,"Wasting prevalence among children under 5 years of age (% weight-for-height <-2 SD), survey-based estimates",2014,18 to 23 months,9.9,8.3,11.7
NUTRITION_WH_2,"Wasting prevalence among children under 5 years of age (% weight-for-height <-2 SD), survey-based estimates",2015,54 to 59 months,3.6,2.7,4.9
NUTRITION_WH_2,"Wasting prevalence among children under 5 years of age (% weight-for-height <-2 SD), survey-based estimates",2020,24 to 35 months,4.8,4.0,5.7
NUTRITION_WH_2,"Wasting prevalence among children under 5 years of age (% weight-for-height <-2 SD), survey-based estimates",2014,6 to 59 months,7.4,6.9,8.0
NUTRITION_WH_2,"Wasting prevalence among children under 5 years of age (% weight-for-height <-2 SD), survey-based estimates",2021,,11.5,10.1,13.2
NUTRITION_WH_2,"Wasting prevalence among children under 5 years of age (% weight-for-height <-2 SD), survey-based estimates",1990,36 to 47 months,7.9,5.8,10.6
NUTRITION_WH_2,"Wasting prevalence among children under 5 years of age (% weight-for-height <-2 SD), survey-based estimates",2014,48 to 53 months,4.3,3.4,5.5
NUTRITION_WH_2,"Wasting prevalence among children under 5 years of age (% weight-for-height <-2 SD), survey-based estimates",2014,6 to 23 months,12.7,11.7,13.7
NUTRITION_WH_2,"Wasting prevalence among children under 5 years of age (% weight-for-height <-2 SD), survey-based estimates",2018,Q2,7.6,6.5,9.0
NUTRITION_WH_2,"Wasting prevalence among children under 5 years of age (% weight-for-height <-2 SD), survey-based estimates",2016,Wealth - Top 60%,9.7,8.8,10.7
NUTRITION_WH_2,"Wasting prevalence among children under 5 years of age (% weight-for-height <-2 SD), survey-based estimates",2018,Total (All ages),6.8,6.3,7.4
NUTRITION_WH_2,"Wasting prevalence among children under 5 years of age (% weight-for-height <-2 SD), survey-based estimates",2016,Q2,11.1,10.1,12.1
NUTRITION_WH_2,"Wasting prevalence among children under 5 years of age (% weight-for-height <-2 SD), survey-based estimates",2018,24 to 29 months,5.1,4.0,6.6
NUTRITION_WH_2,"Wasting prevalence among children under 5 years of age (% weight-for-height <-2 SD), survey-based estimates",2011,Q2,10.4,9.5,11.5
NUTRITION_WH_2,"Wasting prevalence among children under 5 years of age (% weight-for-height <-2 SD), survey-based estimates",2020,6 to 23 months,10.5,9.5,11.5
NUTRITION_WH_2,"Wasting prevalence among children under 5 years of age (% weight-for-height <-2 SD), survey-based estimates",2018,6 to 23 months,12.0,10.6,13.4
NUTRITION_WH_2,"Wasting prevalence among children under 5 years of age (% weight-for-height <-2 SD), survey-based estimates",2015,0 to 23 months,12.0,11.2,12.9
NUTRITION_WH_2,"Wasting prevalence among children under 5 years of age (% weight-for-height <-2 SD), survey-based estimates",1990,36 to 41 months,9.3,6.3,13.5
NUTRITION_WH_2,"Wasting prevalence among children under 5 years of age (% weight-for-height <-2 SD), survey-based estimates",2003,Q5 (Richest),8.7,6.2,12.0
NUTRITION_WH_2,"Wasting prevalence among children under 5 years of age (% weight-for-height <-2 SD), survey-based estimates",1990,12 to 17 months,14.5,11.6,17.9
NUTRITION_WH_2,"Wasting prevalence among children under 5 years of age (% weight-for-height <-2 SD), survey-based estimates",2018,36 to 59 months,3.5,2.9,4.1
NUTRITION_WH_2,"Wasting prevalence among children under 5 years of age (% weight-for-height <-2 SD), survey-based estimates",2016,Wealth - Middle 60%,10.3,9.4,11.3
NUTRITION_WH_2,"Wasting prevalence among children under 5 years of age (% weight-for-height <-2 SD), survey-based estimates",2014,12 to 23 months,11.8,10.6,13.1
NUTRITION_WH_2,"Wasting prevalence among children under 5 years of age (% weight-for-height <-2 SD), survey-based estimates",1990,0 to 23 months,14.7,12.9,16.8
NUTRITION_WH_2,"Wasting prevalence among children under 5 years of age (% weight-for-height <-2 SD), survey-based estimates",2016,48 to 59 months,5.4,4.6,6.2
NUTRITION_WH_2,"Wasting prevalence among children under 5 years of age (% weight-for-height <-2 SD), survey-based estimates",2018,36 to 41 months,2.9,2.1,4.1
NUTRITION_WH_2,"Wasting prevalence among children under 5 years of age (% weight-for-height <-2 SD), survey-based estimates",2003,Q1 (Poorest),12.6,10.0,15.6
NUTRITION_WH_2,"Wasting prevalence among children under 5 years of age (% weight-for-height <-2 SD), survey-based estimates",2003,Higher education,8.5,4.5,15.4
NUTRITION_WH_2,"Wasting prevalence among children under 5 years of age (% weight-for-height <-2 SD), survey-based estimates",2011,0 to 5 months,14.1,12.3,16.1
NUTRITION_WH_2,"Wasting prevalence among children under 5 years of age (% weight-for-height <-2 SD), survey-based estimates",1990,24 to 35 months,10.2,7.7,13.2
NUTRITION_WH_2,"Wasting prevalence among children under 5 years of age (% weight-for-height <-2 SD), survey-based estimates",2003,Rural,11.8,10.3,13.4
NUTRITION_WH_2,"Wasting prevalence among children under 5 years of age (% weight-for-height <-2 SD), survey-based estimates",2018,Wealth - Middle 60%,6.5,5.8,7.3
NUTRITION_WH_2,"Wasting prevalence among children under 5 years of age (% weight-for-height <-2 SD), survey-based estimates",2016,24 to 35 months,9.4,8.3,10.7
NUTRITION_WH_2,"Wasting prevalence among children under 5 years of age (% weight-for-height <-2 SD), survey-based estimates",2015,,7.3,6.9,7.8
NUTRITION_WH_2,"Wasting prevalence among children under 5 years of age (% weight-for-height <-2 SD), survey-based estimates",2018,24 to 35 months,5.3,4.3,6.4
NUTRITION_WH_2,"Wasting prevalence among children under 5 years of age (% weight-for-height <-2 SD), survey-based estimates",2011,24 to 59 months,5.9,5.3,6.7
NUTRITION_WH_2,"Wasting prevalence among children under 5 years of age (% weight-for-height <-2 SD), survey-based estimates",1990,24 to 59 months,8.0,6.5,9.9
NUTRITION_WH_2,"Wasting prevalence among children under 5 years of age (% weight-for-height <-2 SD), survey-based estimates",2018,0 to 5 months,7.0,5.4,9.1
NUTRITION_WH_2,"Wasting prevalence among children under 5 years of age (% weight-for-height <-2 SD), survey-based estimates",2018,Urban,5.3,4.6,6.2
NUTRITION_WH_2,"Wasting prevalence among children under 5 years of age (% weight-for-height <-2 SD), survey-based estimates",2021,Rural,11.6,9.8,13.7
NUTRITION_WH_2,"Wasting prevalence among children under 5 years of age (% weight-for-height <-2 SD), survey-based estimates",2011,48 to 53 months,5.0,3.8,6.6
NUTRITION_WH_2,"Wasting prevalence among children under 5 years of age (% weight-for-height <-2 SD), survey-based estimates",2020,36 to 41 months,3.5,2.4,5.0
NUTRITION_WH_2,"Wasting prevalence among children under 5 years of age (% weight-for-height <-2 SD), survey-based estimates",2003,Wealth - Middle 60%,11.6,10.2,13.1
NUTRITION_WH_2,"Wasting prevalence among children under 5 years of age (% weight-for-height <-2 SD), survey-based estimates",2021,12 to 23 months,17.8,14.4,21.8
NUTRITION_WH_2,"Wasting prevalence among children under 5 years of age (% weight-for-height <-2 SD), survey-based estimates",2021,24 to 35 months,10.3,7.7,13.5
NUTRITION_WH_2,"Wasting prevalence among children under 5 years of age (% weight-for-height <-2 SD), survey-based estimates",2018,Wealth - Top 60%,5.4,4.8,6.1
NUTRITION_WH_2,"Wasting prevalence among children under 5 years of age (% weight-for-height <-2 SD), survey-based estimates",2016,36 to 47 months,4.8,4.1,5.6
NUTRITION_WH_2,"Wasting prevalence among children under 5 years of age (% weight-for-height <-2 SD), survey-based estimates",2003,54 to 59 months,5.3,3.2,8.7
NUTRITION_WH_2,"Wasting prevalence among children under 5 years of age (% weight-for-height <-2 SD), survey-based estimates",2011,Q3,9.2,7.9,10.6
NUTRITION_WH_2,"Wasting prevalence among children under 5 years of age (% weight-for-height <-2 SD), survey-based estimates",2015,6 to 11 months,13.8,12.3,15.5
NUTRITION_WH_2,"Wasting prevalence among children under 5 years of age (% weight-for-height <-2 SD), survey-based estimates",2011,12 to 17 months,15.6,13.7,17.6
NUTRITION_WH_2,"Wasting prevalence among children under 5 years of age (% weight-for-height <-2 SD), survey-based estimates",2011,36 to 47 months,4.9,4.0,6.0
NUTRITION_WH_2,"Wasting prevalence among children under 5 years of age (% weight-for-height <-2 SD), survey-based estimates",2020,30 to 35 months,3.7,2.9,4.9
NUTRITION_WH_2,"Wasting prevalence among children under 5 years of age (% weight-for-height <-2 SD), survey-based estimates",1990,Secondary education,7.2,5.1,10.1
NUTRITION_WH_2,"Wasting prevalence among children under 5 years of age (% weight-for-height <-2 SD), survey-based estimates",2021,Male,12.0,10.4,13.8
NUTRITION_WH_2,"Wasting prevalence among children under 5 years of age (% weight-for-height <-2 SD), survey-based estimates",2014,54 to 59 months,5.0,3.9,6.4
NUTRITION_WH_2,"Wasting prevalence among children under 5 years of age (% weight-for-height <-2 SD), survey-based estimates",2018,42 to 47 months,3.2,2.2,4.6
NUTRITION_WH_2,"Wasting prevalence among children under 5 years of age (% weight-for-height <-2 SD), survey-based estimates",2021,Q1 (Poorest),14.3,11.4,17.7
NUTRITION_WH_2,"Wasting prevalence among children under 5 years of age (% weight-for-height <-2 SD), survey-based estimates",2018,Q3,6.7,5.6,8.0
NUTRITION_WH_2,"Wasting prevalence among children under 5 years of age (% weight-for-height <-2 SD), survey-based estimates",2015,24 to 59 months,3.6,3.2,4.0
NUTRITION_WH_2,"Wasting prevalence among children under 5 years of age (% weight-for-height <-2 SD), survey-based estimates",2015,48 to 53 months,2.4,1.8,3.3
NUTRITION_WH_2,"Wasting prevalence among children under 5 years of age (% weight-for-height <-2 SD), survey-based estimates",2016,36 to 59 months,5.1,4.5,5.7
NUTRITION_WH_2,"Wasting prevalence among children under 5 years of age (% weight-for-height <-2 SD), survey-based estimates",2003,0 to 23 months,16.3,14.1,18.8
NUTRITION_WH_2,"Wasting prevalence among children under 5 years of age (% weight-for-height <-2 SD), survey-based estimates",2003,30 to 35 months,4.9,3.0,7.8
NUTRITION_WH_2,"Wasting prevalence among children under 5 years of age (% weight-for-height <-2 SD), survey-based estimates",2003,Secondary or higher,9.0,6.9,11.5
NUTRITION_WH_2,"Wasting prevalence among children under 5 years of age (% weight-for-height <-2 SD), survey-based estimates",2015,18 to 23 months,9.1,7.6,10.7
NUTRITION_WH_2,"Wasting prevalence among children under 5 years of age (% weight-for-height <-2 SD), survey-based estimates",2015,30 to 35 months,2.7,2.0,3.6
NUTRITION_WH_2,"Wasting prevalence among children under 5 years of age (% weight-for-height <-2 SD), survey-based estimates",2014,42 to 47 months,2.7,2.0,3.7
NUTRITION_ANT_WHZ_NE2,"Overweight prevalence among children under 5 years of age (% weight-for-height >+2 SD), survey-based estimates",2014,,1.8,1.5,2.0
NUTRITION_ANT_WHZ_NE2,"Overweight prevalence among children under 5 years of age (% weight-for-height >+2 SD), survey-based estimates",2020,,1.6,1.4,1.8
NUTRITION_ANT_WHZ_NE2,"Overweight prevalence among children under 5 years of age (% weight-for-height >+2 SD), survey-based estimates",2021,,1.7,,
NUTRITION_ANT_WHZ_NE2,"Overweight prevalence among children under 5 years of age (% weight-for-height >+2 SD), survey-based estimates",1993,,5.5,,
NUTRITION_ANT_WHZ_NE2,"Overweight prevalence among children under 5 years of age (% weight-for-height >+2 SD), survey-based estimates",2003,,6.3,5.4,7.4
NUTRITION_ANT_WHZ_NE2,"Overweight prevalence among children under 5 years of age (% weight-for-height >+2 SD), survey-based estimates",1990,,3.3,2.7,4.0
NUTRITION_ANT_WHZ_NE2,"Overweight prevalence among children under 5 years of age (% weight-for-height >+2 SD), survey-based estimates",2015,,1.6,1.4,1.8
NUTRITION_ANT_WHZ_NE2,"Overweight prevalence among children under 5 years of age (% weight-for-height >+2 SD), survey-based estimates",2011,,3.0,2.6,3.3
NUTRITION_ANT_WHZ_NE2,"Overweight prevalence among children under 5 years of age (% weight-for-height >+2 SD), survey-based estimates",2018,,2.1,1.8,2.4
NUTRITION_ANT_WHZ_NE2,"Overweight prevalence among children under 5 years of age (% weight-for-height >+2 SD), survey-based estimates",2016,,1.5,1.3,1.7
NUTRITION_ANT_WHZ_NE2,"Overweight prevalence among children under 5 years of age (% weight-for-height >+2 SD), survey-based estimates",2020,12 to 17 months,1.3,0.7,2.4
NUTRITION_ANT_WHZ_NE2,"Overweight prevalence among children under 5 years of age (% weight-for-height >+2 SD), survey-based estimates",2014,12 to 17 months,1.4,0.9,2.1
NUTRITION_ANT_WHZ_NE2,"Overweight prevalence among children under 5 years of age (% weight-for-height >+2 SD), survey-based estimates",1990,12 to 17 months,1.1,0.5,2.5
NUTRITION_ANT_WHZ_NE2,"Overweight prevalence among children under 5 years of age (% weight-for-height >+2 SD), survey-based estimates",2015,12 to 17 months,1.2,0.7,2.0
NUTRITION_ANT_WHZ_NE2,"Overweight prevalence among children under 5 years of age (% weight-for-height >+2 SD), survey-based estimates",2011,12 to 17 months,3.3,2.3,4.6
NUTRITION_ANT_WHZ_NE2,"Overweight prevalence among children under 5 years of age (% weight-for-height >+2 SD), survey-based estimates",2016,12 to 17 months,0.7,0.5,1.2
NUTRITION_ANT_WHZ_NE2,"Overweight prevalence among children under 5 years of age (% weight-for-height >+2 SD), survey-based estimates",2003,12 to 17 months,4.8,3.2,7.1
NUTRITION_ANT_WHZ_NE2,"Overweight prevalence among children under 5 years of age (% weight-for-height >+2 SD), survey-based estimates",2018,12 to 17 months,2.0,1.2,3.1
NUTRITION_ANT_WHZ_NE2,"Overweight prevalence among children under 5 years of age (% weight-for-height >+2 SD), survey-based estimates",2011,Both sexes,3.0,2.6,3.3
NUTRITION_ANT_WHZ_NE2,"Overweight prevalence among children under 5 years of age (% weight-for-height >+2 SD), survey-based estimates",2015,Both sexes,1.6,1.4,1.8
NUTRITION_ANT_WHZ_NE2,"Overweight prevalence among children under 5 years of age (% weight-for-height >+2 SD), survey-based estimates",2016,Both sexes,1.5,1.3,1.7
NUTRITION_ANT_WHZ_NE2,"Overweight prevalence among children under 5 years of age (% weight-for-height >+2 SD), survey-based estimates",1990,Both sexes,3.3,2.7,4.0
NUTRITION_ANT_WHZ_NE2,"Overweight prevalence among children under 5 years of age (% weight-for-height >+2 SD), survey-based estimates",2018,Both sexes,2.1,1.8,2.4
NUTRITION_ANT_WHZ_NE2,"Overweight prevalence among children under 5 years of age (% weight-for-height >+2 SD), survey-based estimates",2003,Both sexes,6.3,5.4,7.4
NUTRITION_ANT_WHZ_NE2,"Overweight prevalence among children under 5 years of age (% weight-for-height >+2 SD), survey-based estimates",2003,Wealth - Bottom 80%,6.2,5.3,7.3
NUTRITION_ANT_WHZ_NE2,"Overweight prevalence among children under 5 years of age (% weight-for-height >+2 SD), survey-based estimates",2018,Wealth - Bottom 80%,2.1,1.7,2.4
NUTRITION_ANT_WHZ_NE2,"Overweight prevalence among children under 5 years of age (% weight-for-height >+2 SD), survey-based estimates",2016,Wealth - Bottom 80%,1.5,1.3,1.8
NUTRITION_ANT_WHZ_NE2,"Overweight prevalence among children under 5 years of age (% weight-for-height >+2 SD), survey-based estimates",2011,Wealth - Bottom 80%,3.0,2.7,3.4
NUTRITION_ANT_WHZ_NE2,"Overweight prevalence among children under 5 years of age (% weight-for-height >+2 SD), survey-based estimates",2003,Rural,6.6,5.5,7.8
NUTRITION_ANT_WHZ_NE2,"Overweight prevalence among children under 5 years of age (% weight-for-height >+2 SD), survey-based estimates",1990,Rural,3.4,2.7,4.3
NUTRITION_ANT_WHZ_NE2,"Overweight prevalence among children under 5 years of age (% weight-for-height >+2 SD), survey-based estimates",2016,Rural,1.7,1.5,1.9
NUTRITION_ANT_WHZ_NE2,"Overweight prevalence among children under 5 years of age (% weight-for-height >+2 SD), survey-based estimates",2018,Rural,2.1,1.8,2.6
NUTRITION_ANT_WHZ_NE2,"Overweight prevalence among children under 5 years of age (% weight-for-height >+2 SD), survey-based estimates",2011,Rural,3.0,2.6,3.3
NUTRITION_ANT_WHZ_NE2,"Overweight prevalence among children under 5 years of age (% weight-for-height >+2 SD), survey-based estimates",2021,Total (All ages),1.7,,
NUTRITION_ANT_WHZ_NE2,"Overweight prevalence among children under 5 years of age (% weight-for-height >+2 SD), survey-based estimates",1993,Total (All ages),5.5,,
NUTRITION_ANT_WHZ_NE2,"Overweight prevalence among children under 5 years of age (% weight-for-height >+2 SD), survey-based estimates",2020,Total (All ages),1.6,1.4,1.8
NUTRITION_ANT_WHZ_NE2,"Overweight prevalence among children under 5 years of age (% weight-for-height >+2 SD), survey-based estimates",2014,Total (All ages),1.8,1.5,2.0
NUTRITION_ANT_WHZ_NE2,"Overweight prevalence among children under 5 years of age (% weight-for-height >+2 SD), survey-based estimates",2018,Total (All ages),2.1,1.8,2.4
NUTRITION_ANT_WHZ_NE2,"Overweight prevalence among children under 5 years of age (% weight-for-height >+2 SD), survey-based estimates",1990,Total (All ages),3.3,2.7,4.0
NUTRITION_ANT_WHZ_NE2,"Overweight prevalence among children under 5 years of age (% weight-for-height >+2 SD), survey-based estimates",2003,Total (All ages),6.3,5.4,7.4
NUTRITION_ANT_WHZ_NE2,"Overweight prevalence among children under 5 years of age (% weight-for-height >+2 SD), survey-based estimates",2016,Total (All ages),1.5,1.3,1.7
NUTRITION_ANT_WHZ_NE2,"Overweight prevalence among children under 5 years of age (% weight-for-height >+2 SD), survey-based estimates",2011,Total (All ages),3.0,2.6,3.3
NUTRITION_ANT_WHZ_NE2,"Overweight prevalence among children under 5 years of age (% weight-for-height >+2 SD), survey-based estimates",2015,Total (All ages),1.6,1.4,1.8
NUTRITION_ANT_WHZ_NE2,"Overweight prevalence among children under 5 years of age (% weight-for-height >+2 SD), survey-based estimates",2018,Total,2.1,1.8,2.4
NUTRITION_ANT_WHZ_NE2,"Overweight prevalence among children under 5 years of age (% weight-for-height >+2 SD), survey-based estimates",2016,Total,1.5,1.3,1.7
NUTRITION_ANT_WHZ_NE2,"Overweight prevalence among children under 5 years of age (% weight-for-height >+2 SD), survey-based estimates",2015,Total,1.6,1.4,1.8
NUTRITION_ANT_WHZ_NE2,"Overweight prevalence among children under 5 years of age (% weight-for-height >+2 SD), survey-based estimates",2011,Total,3.0,2.6,3.3
NUTRITION_ANT_WHZ_NE2,"Overweight prevalence among children under 5 years of age (% weight-for-height >+2 SD), survey-based estimates",1990,Total,3.3,2.7,4.0
NUTRITION_ANT_WHZ_NE2,"Overweight prevalence among children under 5 years of age (% weight-for-height >+2 SD), survey-based estimates",2003,Total,6.3,5.4,7.4
NUTRITION_ANT_WHZ_NE2,"Overweight prevalence among children under 5 years of age (% weight-for-height >+2 SD), survey-based estimates",2021,Total,1.7,,
NUTRITION_ANT_WHZ_NE2,"Overweight prevalence among children under 5 years of age (% weight-for-height >+2 SD), survey-based estimates",1993,Total,5.5,,
NUTRITION_ANT_WHZ_NE2,"Overweight prevalence among children under 5 years of age (% weight-for-height >+2 SD), survey-based estimates",2020,Total,1.6,1.4,1.8
NUTRITION_ANT_WHZ_NE2,"Overweight prevalence among children under 5 years of age (% weight-for-height >+2 SD), survey-based estimates",2014,Total,1.8,1.5,2.0
NUTRITION_ANT_WHZ_NE2,"Overweight prevalence among children under 5 years of age (% weight-for-height >+2 SD), survey-based estimates",2014,0 to 11 months,3.2,2.6,3.9
NUTRITION_ANT_WHZ_NE2,"Overweight prevalence among children under 5 years of age (% weight-for-height >+2 SD), survey-based estimates",2020,0 to 11 months,2.9,2.3,3.7
NUTRITION_ANT_WHZ_NE2,"Overweight prevalence among children under 5 years of age (% weight-for-height >+2 SD), survey-based estimates",1990,0 to 11 months,4.8,3.5,6.5
NUTRITION_ANT_WHZ_NE2,"Overweight prevalence among children under 5 years of age (% weight-for-height >+2 SD), survey-based estimates",2015,0 to 11 months,2.9,2.4,3.5
NUTRITION_ANT_WHZ_NE2,"Overweight prevalence among children under 5 years of age (% weight-for-height >+2 SD), survey-based estimates",2003,0 to 11 months,10.2,8.2,12.7
NUTRITION_ANT_WHZ_NE2,"Overweight prevalence among children under 5 years of age (% weight-for-height >+2 SD), survey-based estimates",2018,0 to 11 months,3.9,3.1,4.9
NUTRITION_ANT_WHZ_NE2,"Overweight prevalence among children under 5 years of age (% weight-for-height >+2 SD), survey-based estimates",2011,0 to 11 months,3.4,2.8,4.3
NUTRITION_ANT_WHZ_NE2,"Overweight prevalence among children under 5 years of age (% weight-for-height >+2 SD), survey-based estimates",2016,0 to 11 months,2.4,2.0,2.9
NUTRITION_ANT_WHZ_NE2,"Overweight prevalence among children under 5 years of age (% weight-for-height >+2 SD), survey-based estimates",2016,36 to 41 months,1.9,1.4,2.6
NUTRITION_ANT_WHZ_NE2,"Overweight prevalence among children under 5 years of age (% weight-for-height >+2 SD), survey-based estimates",2011,36 to 41 months,2.7,2.0,3.6
NUTRITION_ANT_WHZ_NE2,"Overweight prevalence among children under 5 years of age (% weight-for-height >+2 SD), survey-based estimates",2003,36 to 41 months,4.7,3.2,6.7
NUTRITION_ANT_WHZ_NE2,"Overweight prevalence among children under 5 years of age (% weight-for-height >+2 SD), survey-based estimates",2015,36 to 41 months,1.3,0.9,1.9
NUTRITION_ANT_WHZ_NE2,"Overweight prevalence among children under 5 years of age (% weight-for-height >+2 SD), survey-based estimates",2018,36 to 41 months,1.9,1.1,3.3
NUTRITION_ANT_WHZ_NE2,"Overweight prevalence among children under 5 years of age (% weight-for-height >+2 SD), survey-based estimates",1990,36 to 41 months,2.9,1.7,4.8
NUTRITION_ANT_WHZ_NE2,"Overweight prevalence among children under 5 years of age (% weight-for-height >+2 SD), survey-based estimates",2020,36 to 41 months,1.8,1.2,2.6
NUTRITION_ANT_WHZ_NE2,"Overweight prevalence among children under 5 years of age (% weight-for-height >+2 SD), survey-based estimates",2014,36 to 41 months,1.6,1.1,2.3
NUTRITION_ANT_WHZ_NE2,"Overweight prevalence among children under 5 years of age (% weight-for-height >+2 SD), survey-based estimates",2011,Secondary education,2.7,2.1,3.4
NUTRITION_ANT_WHZ_NE2,"Overweight prevalence among children under 5 years of age (% weight-for-height >+2 SD), survey-based estimates",2018,Secondary education,2.2,1.7,2.8
NUTRITION_ANT_WHZ_NE2,"Overweight prevalence among children under 5 years of age (% weight-for-height >+2 SD), survey-based estimates",2003,Secondary education,6.4,4.2,9.6
NUTRITION_ANT_WHZ_NE2,"Overweight prevalence among children under 5 years of age (% weight-for-height >+2 SD), survey-based estimates",2016,Secondary education,1.7,1.4,2.1
NUTRITION_ANT_WHZ_NE2,"Overweight prevalence among children under 5 years of age (% weight-for-height >+2 SD), survey-based estimates",1990,Secondary education,2.3,1.4,3.9
NUTRITION_ANT_WHZ_NE2,"Overweight prevalence among children under 5 years of age (% weight-for-height >+2 SD), survey-based estimates",2003,Wealth - Top 60%,5.8,4.6,7.4
NUTRITION_ANT_WHZ_NE2,"Overweight prevalence among children under 5 years of age (% weight-for-height >+2 SD), survey-based estimates",2016,Wealth - Top 60%,1.4,1.1,1.6
NUTRITION_ANT_WHZ_NE2,"Overweight prevalence among children under 5 years of age (% weight-for-height >+2 SD), survey-based estimates",2018,Wealth - Top 60%,2.0,1.6,2.4
NUTRITION_ANT_WHZ_NE2,"Overweight prevalence among children under 5 years of age (% weight-for-height >+2 SD), survey-based estimates",2011,Wealth - Top 60%,2.7,2.2,3.2
NUTRITION_ANT_WHZ_NE2,"Overweight prevalence among children under 5 years of age (% weight-for-height >+2 SD), survey-based estimates",2018,Wealth - Top 80%,2.1,1.8,2.5
NUTRITION_ANT_WHZ_NE2,"Overweight prevalence among children under 5 years of age (% weight-for-height >+2 SD), survey-based estimates",2011,Wealth - Top 80%,2.9,2.5,3.3
NUTRITION_ANT_WHZ_NE2,"Overweight prevalence among children under 5 years of age (% weight-for-height >+2 SD), survey-based estimates",2003,Wealth - Top 80%,6.3,5.3,7.5
NUTRITION_ANT_WHZ_NE2,"Overweight prevalence among children under 5 years of age (% weight-for-height >+2 SD), survey-based estimates",2016,Wealth - Top 80%,1.5,1.3,1.7
NUTRITION_ANT_WHZ_NE2,"Overweight prevalence among children under 5 years of age (% weight-for-height >+2 SD), survey-based estimates",2016,Q3,1.4,1.1,1.8
NUTRITION_ANT_WHZ_NE2,"Overweight prevalence among children under 5 years of age (% weight-for-height >+2 SD), survey-based estimates",2003,Q3,6.4,4.8,8.6
NUTRITION_ANT_WHZ_NE2,"Overweight prevalence among children under 5 years of age (% weight-for-height >+2 SD), survey-based estimates",2011,Q3,2.7,2.1,3.5
NUTRITION_ANT_WHZ_NE2,"Overweight prevalence among children under 5 years of age (% weight-for-height >+2 SD), survey-based estimates",2018,Q3,1.7,1.2,2.2
NUTRITION_ANT_WHZ_NE2,"Overweight prevalence among children under 5 years of age (% weight-for-height >+2 SD), survey-based estimates",2018,12 to 23 months,1.6,1.1,2.4
NUTRITION_ANT_WHZ_NE2,"Overweight prevalence among children under 5 years of age (% weight-for-height >+2 SD), survey-based estimates",2015,12 to 23 months,1.0,0.7,1.5
NUTRITION_ANT_WHZ_NE2,"Overweight prevalence among children under 5 years of age (% weight-for-height >+2 SD), survey-based estimates",2003,12 to 23 months,4.3,3.1,5.9
NUTRITION_ANT_WHZ_NE2,"Overweight prevalence among children under 5 years of age (% weight-for-height >+2 SD), survey-based estimates",2011,12 to 23 months,2.9,2.3,3.7
NUTRITION_ANT_WHZ_NE2,"Overweight prevalence among children under 5 years of age (% weight-for-height >+2 SD), survey-based estimates",2016,12 to 23 months,0.8,0.5,1.0
NUTRITION_ANT_WHZ_NE2,"Overweight prevalence among children under 5 years of age (% weight-for-height >+2 SD), survey-based estimates",1990,12 to 23 months,2.4,1.2,4.7
NUTRITION_ANT_WHZ_NE2,"Overweight prevalence among children under 5 years of age (% weight-for-height >+2 SD), survey-based estimates",2020,12 to 23 months,1.1,0.7,1.7
NUTRITION_ANT_WHZ_NE2,"Overweight prevalence among children under 5 years of age (% weight-for-height >+2 SD), survey-based estimates",2014,12 to 23 months,1.1,0.8,1.5
NUTRITION_ANT_WHZ_NE2,"Overweight prevalence among children under 5 years of age (% weight-for-height >+2 SD), survey-based estimates",2014,42 to 47 months,1.2,0.7,1.9
NUTRITION_ANT_WHZ_NE2,"Overweight prevalence among children under 5 years of age (% weight-for-height >+2 SD), survey-based estimates",2020,42 to 47 months,1.5,0.8,2.6
NUTRITION_ANT_WHZ_NE2,"Overweight prevalence among children under 5 years of age (% weight-for-height >+2 SD), survey-based estimates",2015,42 to 47 months,1.1,0.6,1.9
NUTRITION_ANT_WHZ_NE2,"Overweight prevalence among children under 5 years of age (% weight-for-height >+2 SD), survey-based estimates",1990,42 to 47 months,2.0,0.8,4.7
NUTRITION_ANT_WHZ_NE2,"Overweight prevalence among children under 5 years of age (% weight-for-height >+2 SD), survey-based estimates",2003,42 to 47 months,5.7,3.4,9.5
NUTRITION_ANT_WHZ_NE2,"Overweight prevalence among children under 5 years of age (% weight-for-height >+2 SD), survey-based estimates",2016,42 to 47 months,1.6,1.1,2.1
NUTRITION_ANT_WHZ_NE2,"Overweight prevalence among children under 5 years of age (% weight-for-height >+2 SD), survey-based estimates",2011,42 to 47 months,3.2,2.4,4.2
NUTRITION_ANT_WHZ_NE2,"Overweight prevalence among children under 5 years of age (% weight-for-height >+2 SD), survey-based estimates",2018,42 to 47 months,1.7,0.9,2.9
NUTRITION_ANT_WHZ_NE2,"Overweight prevalence among children under 5 years of age (% weight-for-height >+2 SD), survey-based estimates",2014,Both sexes,1.8,1.5,2.0
NUTRITION_ANT_WHZ_NE2,"Overweight prevalence among children under 5 years of age (% weight-for-height >+2 SD), survey-based estimates",2021,Both sexes,1.7,,
NUTRITION_ANT_WHZ_NE2,"Overweight prevalence among children under 5 years of age (% weight-for-height >+2 SD), survey-based estimates",2020,Both sexes,1.6,1.4,1.8
NUTRITION_ANT_WHZ_NE2,"Overweight prevalence among children under 5 years of age (% weight-for-height >+2 SD), survey-based estimates",1993,Both sexes,5.5,,
NUTRITION_ANT_WHZ_NE2,"Overweight prevalence among children under 5 years of age (% weight-for-height >+2 SD), survey-based estimates",2015,Female,1.3,1.0,1.6
NUTRITION_ANT_WHZ_NE2,"Overweight prevalence among children under 5 years of age (% weight-for-height >+2 SD), survey-based estimates",2016,Female,1.3,1.1,1.6
NUTRITION_ANT_WHZ_NE2,"Overweight prevalence among children under 5 years of age (% weight-for-height >+2 SD), survey-based estimates",2011,Female,2.7,2.3,3.2
NUTRITION_ANT_WHZ_NE2,"Overweight prevalence among children under 5 years of age (% weight-for-height >+2 SD), survey-based estimates",2018,Female,1.8,1.4,2.3
NUTRITION_ANT_WHZ_NE2,"Overweight prevalence among children under 5 years of age (% weight-for-height >+2 SD), survey-based estimates",2003,Female,6.0,4.8,7.5
NUTRITION_ANT_WHZ_NE2,"Overweight prevalence among children under 5 years of age (% weight-for-height >+2 SD), survey-based estimates",1990,Female,3.3,2.2,5.0
NUTRITION_ANT_WHZ_NE2,"Overweight prevalence among children under 5 years of age (% weight-for-height >+2 SD), survey-based estimates",2020,Female,1.6,1.3,2.0
NUTRITION_ANT_WHZ_NE2,"Overweight prevalence among children under 5 years of age (% weight-for-height >+2 SD), survey-based estimates",2014,Female,1.7,1.5,2.1
NUTRITION_ANT_WHZ_NE2,"Overweight prevalence among children under 5 years of age (% weight-for-height >+2 SD), survey-based estimates",2021,Female,1.4,,
NUTRITION_ANT_WHZ_NE2,"Overweight prevalence among children under 5 years of age (% weight-for-height >+2 SD), survey-based estimates",1990,Primary,2.9,1.9,4.4
NUTRITION_ANT_WHZ_NE2,"Overweight prevalence among children under 5 years of age (% weight-for-height >+2 SD), survey-based estimates",2016,Primary,1.5,1.1,2.0
NUTRITION_ANT_WHZ_NE2,"Overweight prevalence among children under 5 years of age (% weight-for-height >+2 SD), survey-based estimates",2003,Primary,4.8,3.5,6.6
NUTRITION_ANT_WHZ_NE2,"Overweight prevalence among children under 5 years of age (% weight-for-height >+2 SD), survey-based estimates",2011,Primary,2.4,2.0,3.0
NUTRITION_ANT_WHZ_NE2,"Overweight prevalence among children under 5 years of age (% weight-for-height >+2 SD), survey-based estimates",2018,Primary,2.0,1.4,2.9
NUTRITION_ANT_WHZ_NE2,"Overweight prevalence among children under 5 years of age (% weight-for-height >+2 SD), survey-based estimates",2003,0 to 5 months,14.2,10.9,18.2
NUTRITION_ANT_WHZ_NE2,"Overweight prevalence among children under 5 years of age (% weight-for-height >+2 SD), survey-based estimates",2014,0 to 5 months,4.8,3.8,6.0
NUTRITION_ANT_WHZ_NE2,"Overweight prevalence among children under 5 years of age (% weight-for-height >+2 SD), survey-based estimates",2020,0 to 5 months,4.2,3.2,5.4
NUTRITION_ANT_WHZ_NE2,"Overweight prevalence among children under 5 years of age (% weight-for-height >+2 SD), survey-based estimates",1990,0 to 5 months,6.4,4.3,9.5
NUTRITION_ANT_WHZ_NE2,"Overweight prevalence among children under 5 years of age (% weight-for-height >+2 SD), survey-based estimates",2018,0 to 5 months,5.3,4.0,6.8
NUTRITION_ANT_WHZ_NE2,"Overweight prevalence among children under 5 years of age (% weight-for-height >+2 SD), survey-based estimates",2016,0 to 5 months,3.7,2.9,4.6
NUTRITION_ANT_WHZ_NE2,"Overweight prevalence among children under 5 years of age (% weight-for-height >+2 SD), survey-based estimates",2015,0 to 5 months,4.4,3.6,5.4
NUTRITION_ANT_WHZ_NE2,"Overweight prevalence among children under 5 years of age (% weight-for-height >+2 SD), survey-based estimates",2011,0 to 5 months,4.6,3.6,6.0
NUTRITION_ANT_WHZ_NE2,"Overweight prevalence among children under 5 years of age (% weight-for-height >+2 SD), survey-based estimates",2016,Higher education,1.8,1.1,2.7
NUTRITION_ANT_WHZ_NE2,"Overweight prevalence among children under 5 years of age (% weight-for-height >+2 SD), survey-based estimates",2018,Higher education,2.3,1.4,3.7
NUTRITION_ANT_WHZ_NE2,"Overweight prevalence among children under 5 years of age (% weight-for-height >+2 SD), survey-based estimates",1990,Higher education,1.9,0.6,6.2
NUTRITION_ANT_WHZ_NE2,"Overweight prevalence among children under 5 years of age (% weight-for-height >+2 SD), survey-based estimates",2003,Higher education,3.6,1.8,7.4
NUTRITION_ANT_WHZ_NE2,"Overweight prevalence among children under 5 years of age (% weight-for-height >+2 SD), survey-based estimates",2003,Wealth - Middle 60%,6.2,5.1,7.4
NUTRITION_ANT_WHZ_NE2,"Overweight prevalence among children under 5 years of age (% weight-for-height >+2 SD), survey-based estimates",2018,Wealth - Middle 60%,2.1,1.7,2.5
NUTRITION_ANT_WHZ_NE2,"Overweight prevalence among children under 5 years of age (% weight-for-height >+2 SD), survey-based estimates",2016,Wealth - Middle 60%,1.5,1.3,1.8
NUTRITION_ANT_WHZ_NE2,"Overweight prevalence among children under 5 years of age (% weight-for-height >+2 SD), survey-based estimates",2011,Wealth - Middle 60%,2.9,2.5,3.4
NUTRITION_ANT_WHZ_NE2,"Overweight prevalence among children under 5 years of age (% weight-for-height >+2 SD), survey-based estimates",2003,Q1 (Poorest),6.4,4.7,8.7
NUTRITION_ANT_WHZ_NE2,"Overweight prevalence among children under 5 years of age (% weight-for-height >+2 SD), survey-based estimates",2011,Q1 (Poorest),3.3,2.7,4.0
NUTRITION_ANT_WHZ_NE2,"Overweight prevalence among children under 5 years of age (% weight-for-height >+2 SD), survey-based estimates",2016,Q1 (Poorest),1.5,1.2,1.9
NUTRITION_ANT_WHZ_NE2,"Overweight prevalence among children under 5 years of age (% weight-for-height >+2 SD), survey-based estimates",2018,Q1 (Poorest),1.9,1.4,2.7
NUTRITION_ANT_WHZ_NE2,"Overweight prevalence among children under 5 years of age (% weight-for-height >+2 SD), survey-based estimates",2015,24 to 29 months,1.5,1.0,2.1
NUTRITION_ANT_WHZ_NE2,"Overweight prevalence among children under 5 years of age (% weight-for-height >+2 SD), survey-based estimates",2018,24 to 29 months,1.5,0.9,2.5
NUTRITION_ANT_WHZ_NE2,"Overweight prevalence among children under 5 years of age (% weight-for-height >+2 SD), survey-based estimates",2016,24 to 29 months,1.3,0.9,1.9
NUTRITION_ANT_WHZ_NE2,"Overweight prevalence among children under 5 years of age (% weight-for-height >+2 SD), survey-based estimates",2011,24 to 29 months,3.1,2.2,4.2
NUTRITION_ANT_WHZ_NE2,"Overweight prevalence among children under 5 years of age (% weight-for-height >+2 SD), survey-based estimates",1990,24 to 29 months,1.5,0.8,2.9
NUTRITION_ANT_WHZ_NE2,"Overweight prevalence among children under 5 years of age (% weight-for-height >+2 SD), survey-based estimates",2014,24 to 29 months,1.9,1.3,2.8
NUTRITION_ANT_WHZ_NE2,"Overweight prevalence among children under 5 years of age (% weight-for-height >+2 SD), survey-based estimates",2020,24 to 29 months,1.2,0.8,1.9
NUTRITION_ANT_WHZ_NE2,"Overweight prevalence among children under 5 years of age (% weight-for-height >+2 SD), survey-based estimates",2003,24 to 29 months,5.5,3.8,7.9
NUTRITION_ANT_WHZ_NE2,"Overweight prevalence among children under 5 years of age (% weight-for-height >+2 SD), survey-based estimates",2003,Wealth - Bottom 60%,6.8,5.7,8.0
NUTRITION_ANT_WHZ_NE2,"Overweight prevalence among children under 5 years of age (% weight-for-height >+2 SD), survey-based estimates",2016,Wealth - Bottom 60%,1.6,1.4,1.9
NUTRITION_ANT_WHZ_NE2,"Overweight prevalence among children under 5 years of age (% weight-for-height >+2 SD), survey-based estimates",2011,Wealth - Bottom 60%,3.2,2.8,3.6
NUTRITION_ANT_WHZ_NE2,"Overweight prevalence among children under 5 years of age (% weight-for-height >+2 SD), survey-based estimates",2018,Wealth - Bottom 60%,2.0,1.6,2.4
NUTRITION_ANT_WHZ_NE2,"Overweight prevalence among children under 5 years of age (% weight-for-height >+2 SD), survey-based estimates",1990,30 to 35 months,2.7,1.4,5.1
NUTRITION_ANT_WHZ_NE2,"Overweight prevalence among children under 5 years of age (% weight-for-height >+2 SD), survey-based estimates",2014,30 to 35 months,1.6,1.0,2.4
NUTRITION_ANT_WHZ_NE2,"Overweight prevalence among children under 5 years of age (% weight-for-height >+2 SD), survey-based estimates",2020,30 to 35 months,1.4,0.9,2.2
NUTRITION_ANT_WHZ_NE2,"Overweight prevalence among children under 5 years of age (% weight-for-height >+2 SD), survey-based estimates",2003,30 to 35 months,7.4,4.4,12.1
NUTRITION_ANT_WHZ_NE2,"Overweight prevalence among children under 5 years of age (% weight-for-height >+2 SD), survey-based estimates",2016,30 to 35 months,1.5,1.1,2.1
NUTRITION_ANT_WHZ_NE2,"Overweight prevalence among children under 5 years of age (% weight-for-height >+2 SD), survey-based estimates",2011,30 to 35 months,3.1,2.3,4.2
NUTRITION_ANT_WHZ_NE2,"Overweight prevalence among children under 5 years of age (% weight-for-height >+2 SD), survey-based estimates",2015,30 to 35 months,1.4,1.0,2.2
NUTRITION_ANT_WHZ_NE2,"Overweight prevalence among children under 5 years of age (% weight-for-height >+2 SD), survey-based estimates",2018,30 to 35 months,2.0,1.3,3.1
NUTRITION_ANT_WHZ_NE2,"Overweight prevalence among children under 5 years of age (% weight-for-height >+2 SD), survey-based estimates",2003,24 to 59 months,5.5,4.5,6.7
NUTRITION_ANT_WHZ_NE2,"Overweight prevalence among children under 5 years of age (% weight-for-height >+2 SD), survey-based estimates",2014,24 to 59 months,1.4,1.2,1.7
NUTRITION_ANT_WHZ_NE2,"Overweight prevalence among children under 5 years of age (% weight-for-height >+2 SD), survey-based estimates",2020,24 to 59 months,1.2,1.0,1.5
NUTRITION_ANT_WHZ_NE2,"Overweight prevalence among children under 5 years of age (% weight-for-height >+2 SD), survey-based estimates",1990,24 to 59 months,2.5,1.9,3.2
NUTRITION_ANT_WHZ_NE2,"Overweight prevalence among children under 5 years of age (% weight-for-height >+2 SD), survey-based estimates",2011,24 to 59 months,2.8,2.4,3.3
NUTRITION_ANT_WHZ_NE2,"Overweight prevalence among children under 5 years of age (% weight-for-height >+2 SD), survey-based estimates",2018,24 to 59 months,1.6,1.3,2.0
NUTRITION_ANT_WHZ_NE2,"Overweight prevalence among children under 5 years of age (% weight-for-height >+2 SD), survey-based estimates",2015,24 to 59 months,1.2,1.0,1.5
NUTRITION_ANT_WHZ_NE2,"Overweight prevalence among children under 5 years of age (% weight-for-height >+2 SD), survey-based estimates",2016,24 to 59 months,1.5,1.2,1.7
NUTRITION_ANT_WHZ_NE2,"Overweight prevalence among children under 5 years of age (% weight-for-height >+2 SD), survey-based estimates",2014,18 to 23 months,0.7,0.4,1.3
NUTRITION_ANT_WHZ_NE2,"Overweight prevalence among children under 5 years of age (% weight-for-height >+2 SD), survey-based estimates",1990,18 to 23 months,4.3,1.7,10.8
NUTRITION_ANT_WHZ_NE2,"Overweight prevalence among children under 5 years of age (% weight-for-height >+2 SD), survey-based estimates",2020,18 to 23 months,0.9,0.5,1.5
NUTRITION_ANT_WHZ_NE2,"Overweight prevalence among children under 5 years of age (% weight-for-height >+2 SD), survey-based estimates",2003,18 to 23 months,3.6,2.0,6.5
NUTRITION_ANT_WHZ_NE2,"Overweight prevalence among children under 5 years of age (% weight-for-height >+2 SD), survey-based estimates",2016,18 to 23 months,0.8,0.5,1.2
NUTRITION_ANT_WHZ_NE2,"Overweight prevalence among children under 5 years of age (% weight-for-height >+2 SD), survey-based estimates",2015,18 to 23 months,0.8,0.4,1.4
NUTRITION_ANT_WHZ_NE2,"Overweight prevalence among children under 5 years of age (% weight-for-height >+2 SD), survey-based estimates",2011,18 to 23 months,2.5,1.8,3.4
NUTRITION_ANT_WHZ_NE2,"Overweight prevalence among children under 5 years of age (% weight-for-height >+2 SD), survey-based estimates",2018,18 to 23 months,1.2,0.7,2.1
NUTRITION_ANT_WHZ_NE2,"Overweight prevalence among children under 5 years of age (% weight-for-height >+2 SD), survey-based estimates",2016,24 to 35 months,1.4,1.0,1.8
NUTRITION_ANT_WHZ_NE2,"Overweight prevalence among children under 5 years of age (% weight-for-height >+2 SD), survey-based estimates",2011,24 to 35 months,3.1,2.5,3.8
NUTRITION_ANT_WHZ_NE2,"Overweight prevalence among children under 5 years of age (% weight-for-height >+2 SD), survey-based estimates",2015,24 to 35 months,1.5,1.1,1.9
NUTRITION_ANT_WHZ_NE2,"Overweight prevalence among children under 5 years of age (% weight-for-height >+2 SD), survey-based estimates",2018,24 to 35 months,1.7,1.2,2.4
NUTRITION_ANT_WHZ_NE2,"Overweight prevalence among children under 5 years of age (% weight-for-height >+2 SD), survey-based estimates",2003,24 to 35 months,6.3,4.6,8.7
NUTRITION_ANT_WHZ_NE2,"Overweight prevalence among children under 5 years of age (% weight-for-height >+2 SD), survey-based estimates",1990,24 to 35 months,2.0,1.3,3.0
NUTRITION_ANT_WHZ_NE2,"Overweight prevalence among children under 5 years of age (% weight-for-height >+2 SD), survey-based estimates",2014,24 to 35 months,1.8,1.3,2.3
NUTRITION_ANT_WHZ_NE2,"Overweight prevalence among children under 5 years of age (% weight-for-height >+2 SD), survey-based estimates",2020,24 to 35 months,1.3,1.0,1.8
NUTRITION_ANT_WHZ_NE2,"Overweight prevalence among children under 5 years of age (% weight-for-height >+2 SD), survey-based estimates",2003,Q4,4.4,2.7,6.9
NUTRITION_ANT_WHZ_NE2,"Overweight prevalence among children under 5 years of age (% weight-for-height >+2 SD), survey-based estimates",2016,Q4,1.3,0.9,1.7
NUTRITION_ANT_WHZ_NE2,"Overweight prevalence among children under 5 years of age (% weight-for-height >+2 SD), survey-based estimates",2011,Q4,2.7,1.9,3.9
NUTRITION_ANT_WHZ_NE2,"Overweight prevalence among children under 5 years of age (% weight-for-height >+2 SD), survey-based estimates",2018,Q4,2.2,1.6,3.1
NUTRITION_ANT_WHZ_NE2,"Overweight prevalence among children under 5 years of age (% weight-for-height >+2 SD), survey-based estimates",2011,48 to 59 months,2.4,1.7,3.3
NUTRITION_ANT_WHZ_NE2,"Overweight prevalence among children under 5 years of age (% weight-for-height >+2 SD), survey-based estimates",2016,48 to 59 months,1.3,0.9,1.7
NUTRITION_ANT_WHZ_NE2,"Overweight prevalence among children under 5 years of age (% weight-for-height >+2 SD), survey-based estimates",2015,48 to 59 months,0.9,0.6,1.4
NUTRITION_ANT_WHZ_NE2,"Overweight prevalence among children under 5 years of age (% weight-for-height >+2 SD), survey-based estimates",2018,48 to 59 months,1.3,0.8,2.0
NUTRITION_ANT_WHZ_NE2,"Overweight prevalence among children under 5 years of age (% weight-for-height >+2 SD), survey-based estimates",2014,48 to 59 months,1.0,0.7,1.5
NUTRITION_ANT_WHZ_NE2,"Overweight prevalence among children under 5 years of age (% weight-for-height >+2 SD), survey-based estimates",2020,48 to 59 months,0.7,0.4,1.1
NUTRITION_ANT_WHZ_NE2,"Overweight prevalence among children under 5 years of age (% weight-for-height >+2 SD), survey-based estimates",2003,48 to 59 months,5.0,3.4,7.3
NUTRITION_ANT_WHZ_NE2,"Overweight prevalence among children under 5 years of age (% weight-for-height >+2 SD), survey-based estimates",1990,48 to 59 months,2.8,1.7,4.7
NUTRITION_ANT_WHZ_NE2,"Overweight prevalence among children under 5 years of age (% weight-for-height >+2 SD), survey-based estimates",1990,6 to 59 months,2.5,2.0,3.1
NUTRITION_ANT_WHZ_NE2,"Overweight prevalence among children under 5 years of age (% weight-for-height >+2 SD), survey-based estimates",2020,6 to 59 months,1.2,1.0,1.5
NUTRITION_ANT_WHZ_NE2,"Overweight prevalence among children under 5 years of age (% weight-for-height >+2 SD), survey-based estimates",2014,6 to 59 months,1.4,1.2,1.6
NUTRITION_ANT_WHZ_NE2,"Overweight prevalence among children under 5 years of age (% weight-for-height >+2 SD), survey-based estimates",2003,6 to 59 months,5.4,4.5,6.4
NUTRITION_ANT_WHZ_NE2,"Overweight prevalence among children under 5 years of age (% weight-for-height >+2 SD), survey-based estimates",2016,6 to 59 months,1.3,1.1,1.5
NUTRITION_ANT_WHZ_NE2,"Overweight prevalence among children under 5 years of age (% weight-for-height >+2 SD), survey-based estimates",2011,6 to 59 months,2.8,2.4,3.2
NUTRITION_ANT_WHZ_NE2,"Overweight prevalence among children under 5 years of age (% weight-for-height >+2 SD), survey-based estimates",2018,6 to 59 months,1.7,1.4,2.1
NUTRITION_ANT_WHZ_NE2,"Overweight prevalence among children under 5 years of age (% weight-for-height >+2 SD), survey-based estimates",2015,6 to 59 months,1.2,1.0,1.4
NUTRITION_ANT_WHZ_NE2,"Overweight prevalence among children under 5 years of age (% weight-for-height >+2 SD), survey-based estimates",2018,None and primary education,2.0,1.6,2.4
NUTRITION_ANT_WHZ_NE2,"Overweight prevalence among children under 5 years of age (% weight-for-height >+2 SD), survey-based estimates",2011,None and primary education,3.1,2.8,3.5
NUTRITION_ANT_WHZ_NE2,"Overweight prevalence among children under 5 years of age (% weight-for-height >+2 SD), survey-based estimates",2016,None and primary education,1.5,1.2,1.8
NUTRITION_ANT_WHZ_NE2,"Overweight prevalence among children under 5 years of age (% weight-for-height >+2 SD), survey-based estimates",1990,None and primary education,3.4,2.7,4.2
NUTRITION_ANT_WHZ_NE2,"Overweight prevalence among children under 5 years of age (% weight-for-height >+2 SD), survey-based estimates",2003,None and primary education,6.5,5.6,7.7
NUTRITION_ANT_WHZ_NE2,"Overweight prevalence among children under 5 years of age (% weight-for-height >+2 SD), survey-based estimates",1990,Secondary or higher,2.3,1.4,3.8
NUTRITION_ANT_WHZ_NE2,"Overweight prevalence among children under 5 years of age (% weight-for-height >+2 SD), survey-based estimates",2003,Secondary or higher,6.0,4.1,8.6
NUTRITION_ANT_WHZ_NE2,"Overweight prevalence among children under 5 years of age (% weight-for-height >+2 SD), survey-based estimates",2018,Secondary or higher,2.2,1.8,2.7
NUTRITION_ANT_WHZ_NE2,"Overweight prevalence among children under 5 years of age (% weight-for-height >+2 SD), survey-based estimates",2016,Secondary or higher,1.7,1.4,2.1
NUTRITION_ANT_WHZ_NE2,"Overweight prevalence among children under 5 years of age (% weight-for-height >+2 SD), survey-based estimates",2011,Secondary or higher,2.7,2.1,3.4
NUTRITION_ANT_WHZ_NE2,"Overweight prevalence among children under 5 years of age (% weight-for-height >+2 SD), survey-based estimates",2016,36 to 59 months,1.5,1.2,1.8
NUTRITION_ANT_WHZ_NE2,"Overweight prevalence among children under 5 years of age (% weight-for-height >+2 SD), survey-based estimates",2011,36 to 59 months,2.7,2.2,3.2
NUTRITION_ANT_WHZ_NE2,"Overweight prevalence among children under 5 years of age (% weight-for-height >+2 SD), survey-based estimates",2018,36 to 59 months,1.5,1.1,2.1
NUTRITION_ANT_WHZ_NE2,"Overweight prevalence among children under 5 years of age (% weight-for-height >+2 SD), survey-based estimates",2015,36 to 59 months,1.1,0.8,1.4
NUTRITION_ANT_WHZ_NE2,"Overweight prevalence among children under 5 years of age (% weight-for-height >+2 SD), survey-based estimates",2014,36 to 59 months,1.2,1.0,1.6
NUTRITION_ANT_WHZ_NE2,"Overweight prevalence among children under 5 years of age (% weight-for-height >+2 SD), survey-based estimates",2003,36 to 59 months,5.1,3.9,6.5
NUTRITION_ANT_WHZ_NE2,"Overweight prevalence among children under 5 years of age (% weight-for-height >+2 SD), survey-based estimates",1990,36 to 59 months,2.7,1.9,3.8
NUTRITION_ANT_WHZ_NE2,"Overweight prevalence among children under 5 years of age (% weight-for-height >+2 SD), survey-based estimates",2020,36 to 59 months,1.2,0.9,1.6
NUTRITION_ANT_WHZ_NE2,"Overweight prevalence among children under 5 years of age (% weight-for-height >+2 SD), survey-based estimates",2015,Male,1.8,1.6,2.2
NUTRITION_ANT_WHZ_NE2,"Overweight prevalence among children under 5 years of age (% weight-for-height >+2 SD), survey-based estimates",2016,Male,1.7,1.4,2.0
NUTRITION_ANT_WHZ_NE2,"Overweight prevalence among children under 5 years of age (% weight-for-height >+2 SD), survey-based estimates",2018,Male,2.3,1.9,2.8
NUTRITION_ANT_WHZ_NE2,"Overweight prevalence among children under 5 years of age (% weight-for-height >+2 SD), survey-based estimates",2011,Male,3.2,2.8,3.8
NUTRITION_ANT_WHZ_NE2,"Overweight prevalence among children under 5 years of age (% weight-for-height >+2 SD), survey-based estimates",2003,Male,6.7,5.4,8.1
NUTRITION_ANT_WHZ_NE2,"Overweight prevalence among children under 5 years of age (% weight-for-height >+2 SD), survey-based estimates",1990,Male,3.2,2.4,4.2
NUTRITION_ANT_WHZ_NE2,"Overweight prevalence among children under 5 years of age (% weight-for-height >+2 SD), survey-based estimates",2014,Male,1.8,1.5,2.1
NUTRITION_ANT_WHZ_NE2,"Overweight prevalence among children under 5 years of age (% weight-for-height >+2 SD), survey-based estimates",2020,Male,1.5,1.3,1.9
NUTRITION_ANT_WHZ_NE2,"Overweight prevalence among children under 5 years of age (% weight-for-height >+2 SD), survey-based estimates",2021,Male,1.2,,
NUTRITION_ANT_WHZ_NE2,"Overweight prevalence among children under 5 years of age (% weight-for-height >+2 SD), survey-based estimates",2003,6 to 11 months,6.4,4.1,9.9
NUTRITION_ANT_WHZ_NE2,"Overweight prevalence among children under 5 years of age (% weight-for-height >+2 SD), survey-based estimates",1990,6 to 11 months,2.9,1.7,4.9
NUTRITION_ANT_WHZ_NE2,"Overweight prevalence among children under 5 years of age (% weight-for-height >+2 SD), survey-based estimates",2020,6 to 11 months,1.6,1.0,2.4
NUTRITION_ANT_WHZ_NE2,"Overweight prevalence among children under 5 years of age (% weight-for-height >+2 SD), survey-based estimates",2014,6 to 11 months,1.7,1.2,2.4
NUTRITION_ANT_WHZ_NE2,"Overweight prevalence among children under 5 years of age (% weight-for-height >+2 SD), survey-based estimates",2016,6 to 11 months,1.1,0.7,1.6
NUTRITION_ANT_WHZ_NE2,"Overweight prevalence among children under 5 years of age (% weight-for-height >+2 SD), survey-based estimates",2018,6 to 11 months,2.6,1.7,4.0
NUTRITION_ANT_WHZ_NE2,"Overweight prevalence among children under 5 years of age (% weight-for-height >+2 SD), survey-based estimates",2011,6 to 11 months,2.3,1.6,3.4
NUTRITION_ANT_WHZ_NE2,"Overweight prevalence among children under 5 years of age (% weight-for-height >+2 SD), survey-based estimates",2015,6 to 11 months,1.3,0.9,1.9
NUTRITION_ANT_WHZ_NE2,"Overweight prevalence among children under 5 years of age (% weight-for-height >+2 SD), survey-based estimates",2011,0 to 23 months,3.2,2.7,3.8
NUTRITION_ANT_WHZ_NE2,"Overweight prevalence among children under 5 years of age (% weight-for-height >+2 SD), survey-based estimates",2018,0 to 23 months,2.7,2.2,3.4
NUTRITION_ANT_WHZ_NE2,"Overweight prevalence among children under 5 years of age (% weight-for-height >+2 SD), survey-based estimates",2015,0 to 23 months,2.0,1.7,2.3
NUTRITION_ANT_WHZ_NE2,"Overweight prevalence among children under 5 years of age (% weight-for-height >+2 SD), survey-based estimates",2016,0 to 23 months,1.6,1.3,1.9
NUTRITION_ANT_WHZ_NE2,"Overweight prevalence among children under 5 years of age (% weight-for-height >+2 SD), survey-based estimates",2014,0 to 23 months,2.2,1.8,2.6
NUTRITION_ANT_WHZ_NE2,"Overweight prevalence among children under 5 years of age (% weight-for-height >+2 SD), survey-based estimates",2003,0 to 23 months,7.7,6.4,9.3
NUTRITION_ANT_WHZ_NE2,"Overweight prevalence among children under 5 years of age (% weight-for-height >+2 SD), survey-based estimates",1990,0 to 23 months,3.7,2.6,5.3
NUTRITION_ANT_WHZ_NE2,"Overweight prevalence among children under 5 years of age (% weight-for-height >+2 SD), survey-based estimates",2020,0 to 23 months,2.0,1.7,2.5
NUTRITION_ANT_WHZ_NE2,"Overweight prevalence among children under 5 years of age (% weight-for-height >+2 SD), survey-based estimates",2011,Q2,3.4,2.8,4.1
NUTRITION_ANT_WHZ_NE2,"Overweight prevalence among children under 5 years of age (% weight-for-height >+2 SD), survey-based estimates",2016,Q2,1.9,1.5,2.4
NUTRITION_ANT_WHZ_NE2,"Overweight prevalence among children under 5 years of age (% weight-for-height >+2 SD), survey-based estimates",2018,Q2,2.4,1.8,3.2
NUTRITION_ANT_WHZ_NE2,"Overweight prevalence among children under 5 years of age (% weight-for-height >+2 SD), survey-based estimates",2003,Q2,7.6,5.7,9.9
NUTRITION_ANT_WHZ_NE2,"Overweight prevalence among children under 5 years of age (% weight-for-height >+2 SD), survey-based estimates",2018,48 to 53 months,1.3,0.8,2.2
NUTRITION_ANT_WHZ_NE2,"Overweight prevalence among children under 5 years of age (% weight-for-height >+2 SD), survey-based estimates",2015,48 to 53 months,0.8,0.5,1.4
NUTRITION_ANT_WHZ_NE2,"Overweight prevalence among children under 5 years of age (% weight-for-height >+2 SD), survey-based estimates",2016,48 to 53 months,1.1,0.8,1.6
NUTRITION_ANT_WHZ_NE2,"Overweight prevalence among children under 5 years of age (% weight-for-height >+2 SD), survey-based estimates",2003,48 to 53 months,4.9,3.1,7.8
NUTRITION_ANT_WHZ_NE2,"Overweight prevalence among children under 5 years of age (% weight-for-height >+2 SD), survey-based estimates",1990,48 to 53 months,4.1,2.3,7.2
NUTRITION_ANT_WHZ_NE2,"Overweight prevalence among children under 5 years of age (% weight-for-height >+2 SD), survey-based estimates",2011,48 to 53 months,3.4,2.1,5.4
NUTRITION_ANT_WHZ_NE2,"Overweight prevalence among children under 5 years of age (% weight-for-height >+2 SD), survey-based estimates",2020,48 to 53 months,0.6,0.3,1.2
NUTRITION_ANT_WHZ_NE2,"Overweight prevalence among children under 5 years of age (% weight-for-height >+2 SD), survey-based estimates",2014,48 to 53 months,1.2,0.8,1.8
NUTRITION_ANT_WHZ_NE2,"Overweight prevalence among children under 5 years of age (% weight-for-height >+2 SD), survey-based estimates",2016,Wealth - Top 40%,1.3,1.1,1.6
NUTRITION_ANT_WHZ_NE2,"Overweight prevalence among children under 5 years of age (% weight-for-height >+2 SD), survey-based estimates",2018,Wealth - Top 40%,2.2,1.7,2.8
NUTRITION_ANT_WHZ_NE2,"Overweight prevalence among children under 5 years of age (% weight-for-height >+2 SD), survey-based estimates",2011,Wealth - Top 40%,2.7,2.1,3.4
NUTRITION_ANT_WHZ_NE2,"Overweight prevalence among children under 5 years of age (% weight-for-height >+2 SD), survey-based estimates",2003,Wealth - Top 40%,5.5,3.9,7.7
NUTRITION_ANT_WHZ_NE2,"Overweight prevalence among children under 5 years of age (% weight-for-height >+2 SD), survey-based estimates",2003,Urban,5.8,4.2,8.0
NUTRITION_ANT_WHZ_NE2,"Overweight prevalence among children under 5 years of age (% weight-for-height >+2 SD), survey-based estimates",1990,Urban,2.6,1.9,3.5
NUTRITION_ANT_WHZ_NE2,"Overweight prevalence among children under 5 years of age (% weight-for-height >+2 SD), survey-based estimates",2011,Urban,3.0,2.2,3.9
NUTRITION_ANT_WHZ_NE2,"Overweight prevalence among children under 5 years of age (% weight-for-height >+2 SD), survey-based estimates",2018,Urban,2.0,1.5,2.6
NUTRITION_ANT_WHZ_NE2,"Overweight prevalence among children under 5 years of age (% weight-for-height >+2 SD), survey-based estimates",2016,Urban,1.1,0.8,1.4
NUTRITION_ANT_WHZ_NE2,"Overweight prevalence among children under 5 years of age (% weight-for-height >+2 SD), survey-based estimates",2011,Q5 (Richest),2.6,1.9,3.6
NUTRITION_ANT_WHZ_NE2,"Overweight prevalence among children under 5 years of age (% weight-for-height >+2 SD), survey-based estimates",2003,Q5 (Richest),6.7,4.5,9.9
NUTRITION_ANT_WHZ_NE2,"Overweight prevalence among children under 5 years of age (% weight-for-height >+2 SD), survey-based estimates",2016,Q5 (Richest),1.4,1.0,1.9
NUTRITION_ANT_WHZ_NE2,"Overweight prevalence among children under 5 years of age (% weight-for-height >+2 SD), survey-based estimates",2018,Q5 (Richest),2.1,1.4,3.1
NUTRITION_ANT_WHZ_NE2,"Overweight prevalence among children under 5 years of age (% weight-for-height >+2 SD), survey-based estimates",2003,6 to 23 months,5.1,3.9,6.8
NUTRITION_ANT_WHZ_NE2,"Overweight prevalence among children under 5 years of age (% weight-for-height >+2 SD), survey-based estimates",2014,6 to 23 months,1.3,1.0,1.7
NUTRITION_ANT_WHZ_NE2,"Overweight prevalence among children under 5 years of age (% weight-for-height >+2 SD), survey-based estimates",2020,6 to 23 months,1.2,0.9,1.7
NUTRITION_ANT_WHZ_NE2,"Overweight prevalence among children under 5 years of age (% weight-for-height >+2 SD), survey-based estimates",2015,6 to 23 months,1.1,0.8,1.5
NUTRITION_ANT_WHZ_NE2,"Overweight prevalence among children under 5 years of age (% weight-for-height >+2 SD), survey-based estimates",1990,6 to 23 months,2.6,1.7,3.9
NUTRITION_ANT_WHZ_NE2,"Overweight prevalence among children under 5 years of age (% weight-for-height >+2 SD), survey-based estimates",2018,6 to 23 months,2.0,1.4,2.6
NUTRITION_ANT_WHZ_NE2,"Overweight prevalence among children under 5 years of age (% weight-for-height >+2 SD), survey-based estimates",2016,6 to 23 months,0.9,0.7,1.1
NUTRITION_ANT_WHZ_NE2,"Overweight prevalence among children under 5 years of age (% weight-for-height >+2 SD), survey-based estimates",2011,6 to 23 months,2.7,2.2,3.3
NUTRITION_ANT_WHZ_NE2,"Overweight prevalence among children under 5 years of age (% weight-for-height >+2 SD), survey-based estimates",2011,36 to 47 months,2.9,2.3,3.7
NUTRITION_ANT_WHZ_NE2,"Overweight prevalence among children under 5 years of age (% weight-for-height >+2 SD), survey-based estimates",2015,36 to 47 months,1.2,0.9,1.6
NUTRITION_ANT_WHZ_NE2,"Overweight prevalence among children under 5 years of age (% weight-for-height >+2 SD), survey-based estimates",2016,36 to 47 months,1.7,1.4,2.2
NUTRITION_ANT_WHZ_NE2,"Overweight prevalence among children under 5 years of age (% weight-for-height >+2 SD), survey-based estimates",2018,36 to 47 months,1.8,1.2,2.7
NUTRITION_ANT_WHZ_NE2,"Overweight prevalence among children under 5 years of age (% weight-for-height >+2 SD), survey-based estimates",2014,36 to 47 months,1.4,1.1,1.9
NUTRITION_ANT_WHZ_NE2,"Overweight prevalence among children under 5 years of age (% weight-for-height >+2 SD), survey-based estimates",2020,36 to 47 months,1.6,1.2,2.2
NUTRITION_ANT_WHZ_NE2,"Overweight prevalence among children under 5 years of age (% weight-for-height >+2 SD), survey-based estimates",2003,36 to 47 months,5.1,3.7,7.0
NUTRITION_ANT_WHZ_NE2,"Overweight prevalence among children under 5 years of age (% weight-for-height >+2 SD), survey-based estimates",1990,36 to 47 months,2.5,1.6,4.0
NUTRITION_ANT_WHZ_NE2,"Overweight prevalence among children under 5 years of age (% weight-for-height >+2 SD), survey-based estimates",2016,Wealth - Bottom 40%,1.7,1.4,2.0
NUTRITION_ANT_WHZ_NE2,"Overweight prevalence among children under 5 years of age (% weight-for-height >+2 SD), survey-based estimates",2003,Wealth - Bottom 40%,7.0,5.6,8.6
NUTRITION_ANT_WHZ_NE2,"Overweight prevalence among children under 5 years of age (% weight-for-height >+2 SD), survey-based estimates",2011,Wealth - Bottom 40%,3.4,2.9,3.8
NUTRITION_ANT_WHZ_NE2,"Overweight prevalence among children under 5 years of age (% weight-for-height >+2 SD), survey-based estimates",2018,Wealth - Bottom 40%,2.2,1.7,2.7
NUTRITION_ANT_WHZ_NE2,"Overweight prevalence among children under 5 years of age (% weight-for-height >+2 SD), survey-based estimates",2018,12 to 59 months,1.6,1.3,2.0
NUTRITION_ANT_WHZ_NE2,"Overweight prevalence among children under 5 years of age (% weight-for-height >+2 SD), survey-based estimates",2011,12 to 59 months,2.8,2.5,3.3
NUTRITION_ANT_WHZ_NE2,"Overweight prevalence among children under 5 years of age (% weight-for-height >+2 SD), survey-based estimates",2016,12 to 59 months,1.3,1.1,1.5
NUTRITION_ANT_WHZ_NE2,"Overweight prevalence among children under 5 years of age (% weight-for-height >+2 SD), survey-based estimates",2015,12 to 59 months,1.2,1.0,1.4
NUTRITION_ANT_WHZ_NE2,"Overweight prevalence among children under 5 years of age (% weight-for-height >+2 SD), survey-based estimates",2014,12 to 59 months,1.3,1.1,1.6
NUTRITION_ANT_WHZ_NE2,"Overweight prevalence among children under 5 years of age (% weight-for-height >+2 SD), survey-based estimates",2020,12 to 59 months,1.2,1.0,1.4
NUTRITION_ANT_WHZ_NE2,"Overweight prevalence among children under 5 years of age (% weight-for-height >+2 SD), survey-based estimates",2003,12 to 59 months,5.2,4.4,6.2
NUTRITION_ANT_WHZ_NE2,"Overweight prevalence among children under 5 years of age (% weight-for-height >+2 SD), survey-based estimates",1990,12 to 59 months,2.4,1.9,3.1
NUTRITION_ANT_WHZ_NE2,"Overweight prevalence among children under 5 years of age (% weight-for-height >+2 SD), survey-based estimates",2003,54 to 59 months,5.1,2.6,9.8
NUTRITION_ANT_WHZ_NE2,"Overweight prevalence among children under 5 years of age (% weight-for-height >+2 SD), survey-based estimates",2014,54 to 59 months,0.9,0.5,1.6
NUTRITION_ANT_WHZ_NE2,"Overweight prevalence among children under 5 years of age (% weight-for-height >+2 SD), survey-based estimates",2020,54 to 59 months,0.8,0.4,1.4
NUTRITION_ANT_WHZ_NE2,"Overweight prevalence among children under 5 years of age (% weight-for-height >+2 SD), survey-based estimates",2018,54 to 59 months,1.3,0.6,2.5
NUTRITION_ANT_WHZ_NE2,"Overweight prevalence among children under 5 years of age (% weight-for-height >+2 SD), survey-based estimates",1990,54 to 59 months,0.8,0.3,2.1
NUTRITION_ANT_WHZ_NE2,"Overweight prevalence among children under 5 years of age (% weight-for-height >+2 SD), survey-based estimates",2011,54 to 59 months,1.5,1.0,2.2
NUTRITION_ANT_WHZ_NE2,"Overweight prevalence among children under 5 years of age (% weight-for-height >+2 SD), survey-based estimates",2015,54 to 59 months,1.1,0.6,2.0
NUTRITION_ANT_WHZ_NE2,"Overweight prevalence among children under 5 years of age (% weight-for-height >+2 SD), survey-based estimates",2016,54 to 59 months,1.5,0.9,2.3
NUTRITION_WH_3,"Severe wasted prevalence among children under 5 years of age   (% weight-for-height <-3 SD), survey-based estimates",2016,Wealth - Bottom 80%,3.0,2.7,3.3
NUTRITION_WH_3,"Severe wasted prevalence among children under 5 years of age   (% weight-for-height <-3 SD), survey-based estimates",2011,Wealth - Bottom 80%,3.4,3.0,3.8
NUTRITION_WH_3,"Severe wasted prevalence among children under 5 years of age   (% weight-for-height <-3 SD), survey-based estimates",2018,Wealth - Bottom 80%,2.1,1.7,2.5
NUTRITION_WH_3,"Severe wasted prevalence among children under 5 years of age   (% weight-for-height <-3 SD), survey-based estimates",2003,Wealth - Bottom 80%,5.1,4.3,6.1
NUTRITION_WH_3,"Severe wasted prevalence among children under 5 years of age   (% weight-for-height <-3 SD), survey-based estimates",2021,Rural,2.9,2.1,3.9
NUTRITION_WH_3,"Severe wasted prevalence among children under 5 years of age   (% weight-for-height <-3 SD), survey-based estimates",2016,Rural,3.1,2.8,3.4
NUTRITION_WH_3,"Severe wasted prevalence among children under 5 years of age   (% weight-for-height <-3 SD), survey-based estimates",2018,Rural,2.1,1.8,2.5
NUTRITION_WH_3,"Severe wasted prevalence among children under 5 years of age   (% weight-for-height <-3 SD), survey-based estimates",2011,Rural,3.4,3.0,3.7
NUTRITION_WH_3,"Severe wasted prevalence among children under 5 years of age   (% weight-for-height <-3 SD), survey-based estimates",2003,Rural,5.2,4.3,6.4
NUTRITION_WH_3,"Severe wasted prevalence among children under 5 years of age   (% weight-for-height <-3 SD), survey-based estimates",1990,Rural,4.8,3.7,6.3
NUTRITION_WH_3,"Severe wasted prevalence among children under 5 years of age   (% weight-for-height <-3 SD), survey-based estimates",2020,Total (All ages),1.4,1.2,1.6
NUTRITION_WH_3,"Severe wasted prevalence among children under 5 years of age   (% weight-for-height <-3 SD), survey-based estimates",2021,Total (All ages),3.0,2.3,3.9
NUTRITION_WH_3,"Severe wasted prevalence among children under 5 years of age   (% weight-for-height <-3 SD), survey-based estimates",2003,Total (All ages),4.7,4.0,5.6
NUTRITION_WH_3,"Severe wasted prevalence among children under 5 years of age   (% weight-for-height <-3 SD), survey-based estimates",2014,Total (All ages),1.8,1.6,2.1
NUTRITION_WH_3,"Severe wasted prevalence among children under 5 years of age   (% weight-for-height <-3 SD), survey-based estimates",2011,Total (All ages),3.1,2.8,3.5
NUTRITION_WH_3,"Severe wasted prevalence among children under 5 years of age   (% weight-for-height <-3 SD), survey-based estimates",2018,Total (All ages),1.8,1.5,2.1
NUTRITION_WH_3,"Severe wasted prevalence among children under 5 years of age   (% weight-for-height <-3 SD), survey-based estimates",2015,Total (All ages),1.8,1.6,2.0
NUTRITION_WH_3,"Severe wasted prevalence among children under 5 years of age   (% weight-for-height <-3 SD), survey-based estimates",2016,Total (All ages),2.9,2.6,3.2
NUTRITION_WH_3,"Severe wasted prevalence among children under 5 years of age   (% weight-for-height <-3 SD), survey-based estimates",1990,Total (All ages),4.4,3.5,5.6
NUTRITION_WH_3,"Severe wasted prevalence among children under 5 years of age   (% weight-for-height <-3 SD), survey-based estimates",2018,Total,1.8,1.5,2.1
NUTRITION_WH_3,"Severe wasted prevalence among children under 5 years of age   (% weight-for-height <-3 SD), survey-based estimates",2016,Total,2.9,2.6,3.2
NUTRITION_WH_3,"Severe wasted prevalence among children under 5 years of age   (% weight-for-height <-3 SD), survey-based estimates",2011,Total,3.1,2.8,3.5
NUTRITION_WH_3,"Severe wasted prevalence among children under 5 years of age   (% weight-for-height <-3 SD), survey-based estimates",2015,Total,1.8,1.6,2.0
NUTRITION_WH_3,"Severe wasted prevalence among children under 5 years of age   (% weight-for-height <-3 SD), survey-based estimates",1990,Total,4.4,3.5,5.6
NUTRITION_WH_3,"Severe wasted prevalence among children under 5 years of age   (% weight-for-height <-3 SD), survey-based estimates",2003,Total,4.7,4.0,5.6
NUTRITION_WH_3,"Severe wasted prevalence among children under 5 years of age   (% weight-for-height <-3 SD), survey-based estimates",2021,Total,3.0,2.3,3.9
NUTRITION_WH_3,"Severe wasted prevalence among children under 5 years of age   (% weight-for-height <-3 SD), survey-based estimates",2020,Total,1.4,1.2,1.6
NUTRITION_WH_3,"Severe wasted prevalence among children under 5 years of age   (% weight-for-height <-3 SD), survey-based estimates",2014,Total,1.8,1.6,2.1
NUTRITION_WH_3,"Severe wasted prevalence among children under 5 years of age   (% weight-for-height <-3 SD), survey-based estimates",2014,0 to 11 months,3.4,2.8,4.0
NUTRITION_WH_3,"Severe wasted prevalence among children under 5 years of age   (% weight-for-height <-3 SD), survey-based estimates",2020,0 to 11 months,3.1,2.4,3.9
NUTRITION_WH_3,"Severe wasted prevalence among children under 5 years of age   (% weight-for-height <-3 SD), survey-based estimates",1990,0 to 11 months,6.4,4.3,9.3
NUTRITION_WH_3,"Severe wasted prevalence among children under 5 years of age   (% weight-for-height <-3 SD), survey-based estimates",2003,0 to 11 months,7.3,5.6,9.4
NUTRITION_WH_3,"Severe wasted prevalence among children under 5 years of age   (% weight-for-height <-3 SD), survey-based estimates",2018,0 to 11 months,2.8,2.1,3.7
NUTRITION_WH_3,"Severe wasted prevalence among children under 5 years of age   (% weight-for-height <-3 SD), survey-based estimates",2011,0 to 11 months,5.4,4.6,6.4
NUTRITION_WH_3,"Severe wasted prevalence among children under 5 years of age   (% weight-for-height <-3 SD), survey-based estimates",2016,0 to 11 months,5.2,4.1,6.4
NUTRITION_WH_3,"Severe wasted prevalence among children under 5 years of age   (% weight-for-height <-3 SD), survey-based estimates",2015,0 to 11 months,3.2,2.7,3.9
NUTRITION_WH_3,"Severe wasted prevalence among children under 5 years of age   (% weight-for-height <-3 SD), survey-based estimates",2015,36 to 41 months,0.5,0.3,1.0
NUTRITION_WH_3,"Severe wasted prevalence among children under 5 years of age   (% weight-for-height <-3 SD), survey-based estimates",2016,36 to 41 months,1.0,0.7,1.5
NUTRITION_WH_3,"Severe wasted prevalence among children under 5 years of age   (% weight-for-height <-3 SD), survey-based estimates",1990,36 to 41 months,4.1,2.1,7.9
NUTRITION_WH_3,"Severe wasted prevalence among children under 5 years of age   (% weight-for-height <-3 SD), survey-based estimates",2018,36 to 41 months,0.5,0.2,1.1
NUTRITION_WH_3,"Severe wasted prevalence among children under 5 years of age   (% weight-for-height <-3 SD), survey-based estimates",2011,36 to 41 months,1.1,0.7,1.7
NUTRITION_WH_3,"Severe wasted prevalence among children under 5 years of age   (% weight-for-height <-3 SD), survey-based estimates",2003,36 to 41 months,3.6,1.9,6.8
NUTRITION_WH_3,"Severe wasted prevalence among children under 5 years of age   (% weight-for-height <-3 SD), survey-based estimates",2014,36 to 41 months,0.6,0.4,1.1
NUTRITION_WH_3,"Severe wasted prevalence among children under 5 years of age   (% weight-for-height <-3 SD), survey-based estimates",2020,36 to 41 months,0.3,0.1,0.7
NUTRITION_WH_3,"Severe wasted prevalence among children under 5 years of age   (% weight-for-height <-3 SD), survey-based estimates",2018,Secondary education,1.1,0.8,1.6
NUTRITION_WH_3,"Severe wasted prevalence among children under 5 years of age   (% weight-for-height <-3 SD), survey-based estimates",2003,Secondary education,4.0,2.6,6.2
NUTRITION_WH_3,"Severe wasted prevalence among children under 5 years of age   (% weight-for-height <-3 SD), survey-based estimates",2016,Secondary education,2.6,2.1,3.2
NUTRITION_WH_3,"Severe wasted prevalence among children under 5 years of age   (% weight-for-height <-3 SD), survey-based estimates",2011,Secondary education,2.2,1.8,2.8
NUTRITION_WH_3,"Severe wasted prevalence among children under 5 years of age   (% weight-for-height <-3 SD), survey-based estimates",1990,Secondary education,1.8,1.0,3.0
NUTRITION_WH_3,"Severe wasted prevalence among children under 5 years of age   (% weight-for-height <-3 SD), survey-based estimates",2003,Wealth - Top 60%,3.6,2.9,4.6
NUTRITION_WH_3,"Severe wasted prevalence among children under 5 years of age   (% weight-for-height <-3 SD), survey-based estimates",2016,Wealth - Top 60%,2.3,1.9,2.8
NUTRITION_WH_3,"Severe wasted prevalence among children under 5 years of age   (% weight-for-height <-3 SD), survey-based estimates",2011,Wealth - Top 60%,2.4,2.0,2.9
NUTRITION_WH_3,"Severe wasted prevalence among children under 5 years of age   (% weight-for-height <-3 SD), survey-based estimates",2018,Wealth - Top 60%,1.3,0.9,1.8
NUTRITION_WH_3,"Severe wasted prevalence among children under 5 years of age   (% weight-for-height <-3 SD), survey-based estimates",2016,Wealth - Top 80%,2.5,2.2,2.9
NUTRITION_WH_3,"Severe wasted prevalence among children under 5 years of age   (% weight-for-height <-3 SD), survey-based estimates",2011,Wealth - Top 80%,2.7,2.4,3.1
NUTRITION_WH_3,"Severe wasted prevalence among children under 5 years of age   (% weight-for-height <-3 SD), survey-based estimates",2018,Wealth - Top 80%,1.5,1.2,1.9
NUTRITION_WH_3,"Severe wasted prevalence among children under 5 years of age   (% weight-for-height <-3 SD), survey-based estimates",2003,Wealth - Top 80%,4.3,3.6,5.2
NUTRITION_WH_3,"Severe wasted prevalence among children under 5 years of age   (% weight-for-height <-3 SD), survey-based estimates",2021,Q3,3.5,2.0,5.9
NUTRITION_WH_3,"Severe wasted prevalence among children under 5 years of age   (% weight-for-height <-3 SD), survey-based estimates",2016,Q3,2.1,1.6,2.8
NUTRITION_WH_3,"Severe wasted prevalence among children under 5 years of age   (% weight-for-height <-3 SD), survey-based estimates",2011,Q3,2.8,2.2,3.6
NUTRITION_WH_3,"Severe wasted prevalence among children under 5 years of age   (% weight-for-height <-3 SD), survey-based estimates",2003,Q3,4.5,3.0,6.6
NUTRITION_WH_3,"Severe wasted prevalence among children under 5 years of age   (% weight-for-height <-3 SD), survey-based estimates",2018,Q3,1.5,1.1,2.1
NUTRITION_WH_3,"Severe wasted prevalence among children under 5 years of age   (% weight-for-height <-3 SD), survey-based estimates",2018,12 to 23 months,3.3,2.3,4.7
NUTRITION_WH_3,"Severe wasted prevalence among children under 5 years of age   (% weight-for-height <-3 SD), survey-based estimates",1990,12 to 23 months,6.0,4.4,8.3
NUTRITION_WH_3,"Severe wasted prevalence among children under 5 years of age   (% weight-for-height <-3 SD), survey-based estimates",2015,12 to 23 months,3.4,2.8,4.0
NUTRITION_WH_3,"Severe wasted prevalence among children under 5 years of age   (% weight-for-height <-3 SD), survey-based estimates",2016,12 to 23 months,4.6,3.8,5.4
NUTRITION_WH_3,"Severe wasted prevalence among children under 5 years of age   (% weight-for-height <-3 SD), survey-based estimates",2011,12 to 23 months,4.2,3.4,5.1
NUTRITION_WH_3,"Severe wasted prevalence among children under 5 years of age   (% weight-for-height <-3 SD), survey-based estimates",2003,12 to 23 months,6.9,5.3,8.9
NUTRITION_WH_3,"Severe wasted prevalence among children under 5 years of age   (% weight-for-height <-3 SD), survey-based estimates",2020,12 to 23 months,1.8,1.4,2.4
NUTRITION_WH_3,"Severe wasted prevalence among children under 5 years of age   (% weight-for-height <-3 SD), survey-based estimates",2021,12 to 23 months,4.9,3.5,7.0
NUTRITION_WH_3,"Severe wasted prevalence among children under 5 years of age   (% weight-for-height <-3 SD), survey-based estimates",2014,12 to 23 months,3.0,2.5,3.7
NUTRITION_WH_3,"Severe wasted prevalence among children under 5 years of age   (% weight-for-height <-3 SD), survey-based estimates",2020,42 to 47 months,0.6,0.3,1.2
NUTRITION_WH_3,"Severe wasted prevalence among children under 5 years of age   (% weight-for-height <-3 SD), survey-based estimates",2014,42 to 47 months,0.5,0.2,1.0
NUTRITION_WH_3,"Severe wasted prevalence among children under 5 years of age   (% weight-for-height <-3 SD), survey-based estimates",2015,42 to 47 months,0.3,0.1,0.8
NUTRITION_WH_3,"Severe wasted prevalence among children under 5 years of age   (% weight-for-height <-3 SD), survey-based estimates",2016,42 to 47 months,1.7,1.1,2.6
NUTRITION_WH_3,"Severe wasted prevalence among children under 5 years of age   (% weight-for-height <-3 SD), survey-based estimates",2018,42 to 47 months,0.5,0.2,1.3
NUTRITION_WH_3,"Severe wasted prevalence among children under 5 years of age   (% weight-for-height <-3 SD), survey-based estimates",2011,42 to 47 months,2.5,1.6,3.7
NUTRITION_WH_3,"Severe wasted prevalence among children under 5 years of age   (% weight-for-height <-3 SD), survey-based estimates",2003,42 to 47 months,2.1,1.0,4.6
NUTRITION_WH_3,"Severe wasted prevalence among children under 5 years of age   (% weight-for-height <-3 SD), survey-based estimates",1990,42 to 47 months,1.5,0.6,3.7
NUTRITION_WH_3,"Severe wasted prevalence among children under 5 years of age   (% weight-for-height <-3 SD), survey-based estimates",2021,,3.0,2.3,3.9
NUTRITION_WH_3,"Severe wasted prevalence among children under 5 years of age   (% weight-for-height <-3 SD), survey-based estimates",2014,,1.8,1.6,2.1
NUTRITION_WH_3,"Severe wasted prevalence among children under 5 years of age   (% weight-for-height <-3 SD), survey-based estimates",2020,,1.4,1.2,1.6
NUTRITION_WH_3,"Severe wasted prevalence among children under 5 years of age   (% weight-for-height <-3 SD), survey-based estimates",1990,,4.4,3.5,5.6
NUTRITION_WH_3,"Severe wasted prevalence among children under 5 years of age   (% weight-for-height <-3 SD), survey-based estimates",2003,,4.7,4.0,5.6
NUTRITION_WH_3,"Severe wasted prevalence among children under 5 years of age   (% weight-for-height <-3 SD), survey-based estimates",2015,,1.8,1.6,2.0
NUTRITION_WH_3,"Severe wasted prevalence among children under 5 years of age   (% weight-for-height <-3 SD), survey-based estimates",2011,,3.1,2.8,3.5
NUTRITION_WH_3,"Severe wasted prevalence among children under 5 years of age   (% weight-for-height <-3 SD), survey-based estimates",2018,,1.8,1.5,2.1
NUTRITION_WH_3,"Severe wasted prevalence among children under 5 years of age   (% weight-for-height <-3 SD), survey-based estimates",2016,,2.9,2.6,3.2
NUTRITION_WH_3,"Severe wasted prevalence among children under 5 years of age   (% weight-for-height <-3 SD), survey-based estimates",2014,12 to 17 months,3.7,2.9,4.7
NUTRITION_WH_3,"Severe wasted prevalence among children under 5 years of age   (% weight-for-height <-3 SD), survey-based estimates",2020,12 to 17 months,2.5,1.8,3.5
NUTRITION_WH_3,"Severe wasted prevalence among children under 5 years of age   (% weight-for-height <-3 SD), survey-based estimates",2003,12 to 17 months,7.7,5.5,10.8
NUTRITION_WH_3,"Severe wasted prevalence among children under 5 years of age   (% weight-for-height <-3 SD), survey-based estimates",2018,12 to 17 months,4.3,2.7,6.8
NUTRITION_WH_3,"Severe wasted prevalence among children under 5 years of age   (% weight-for-height <-3 SD), survey-based estimates",2015,12 to 17 months,3.9,3.2,4.9
NUTRITION_WH_3,"Severe wasted prevalence among children under 5 years of age   (% weight-for-height <-3 SD), survey-based estimates",2011,12 to 17 months,3.9,3.1,4.9
NUTRITION_WH_3,"Severe wasted prevalence among children under 5 years of age   (% weight-for-height <-3 SD), survey-based estimates",2016,12 to 17 months,4.6,3.6,5.9
NUTRITION_WH_3,"Severe wasted prevalence among children under 5 years of age   (% weight-for-height <-3 SD), survey-based estimates",1990,12 to 17 months,7.0,4.5,10.7
NUTRITION_WH_3,"Severe wasted prevalence among children under 5 years of age   (% weight-for-height <-3 SD), survey-based estimates",2015,Both sexes,1.8,1.6,2.0
NUTRITION_WH_3,"Severe wasted prevalence among children under 5 years of age   (% weight-for-height <-3 SD), survey-based estimates",2011,Both sexes,3.1,2.8,3.5
NUTRITION_WH_3,"Severe wasted prevalence among children under 5 years of age   (% weight-for-height <-3 SD), survey-based estimates",2018,Both sexes,1.8,1.5,2.1
NUTRITION_WH_3,"Severe wasted prevalence among children under 5 years of age   (% weight-for-height <-3 SD), survey-based estimates",2016,Both sexes,2.9,2.6,3.2
NUTRITION_WH_3,"Severe wasted prevalence among children under 5 years of age   (% weight-for-height <-3 SD), survey-based estimates",2003,Both sexes,4.7,4.0,5.6
NUTRITION_WH_3,"Severe wasted prevalence among children under 5 years of age   (% weight-for-height <-3 SD), survey-based estimates",1990,Both sexes,4.4,3.5,5.6
NUTRITION_WH_3,"Severe wasted prevalence among children under 5 years of age   (% weight-for-height <-3 SD), survey-based estimates",2021,Both sexes,3.0,2.3,3.9
NUTRITION_WH_3,"Severe wasted prevalence among children under 5 years of age   (% weight-for-height <-3 SD), survey-based estimates",2014,Both sexes,1.8,1.6,2.1
NUTRITION_WH_3,"Severe wasted prevalence among children under 5 years of age   (% weight-for-height <-3 SD), survey-based estimates",2020,Both sexes,1.4,1.2,1.6
NUTRITION_WH_3,"Severe wasted prevalence among children under 5 years of age   (% weight-for-height <-3 SD), survey-based estimates",1990,Female,4.2,3.4,5.3
NUTRITION_WH_3,"Severe wasted prevalence among children under 5 years of age   (% weight-for-height <-3 SD), survey-based estimates",2015,Female,1.5,1.3,1.9
NUTRITION_WH_3,"Severe wasted prevalence among children under 5 years of age   (% weight-for-height <-3 SD), survey-based estimates",2016,Female,2.5,2.1,3.1
NUTRITION_WH_3,"Severe wasted prevalence among children under 5 years of age   (% weight-for-height <-3 SD), survey-based estimates",2011,Female,2.7,2.3,3.1
NUTRITION_WH_3,"Severe wasted prevalence among children under 5 years of age   (% weight-for-height <-3 SD), survey-based estimates",2018,Female,1.4,1.1,1.7
NUTRITION_WH_3,"Severe wasted prevalence among children under 5 years of age   (% weight-for-height <-3 SD), survey-based estimates",2003,Female,4.2,3.3,5.5
NUTRITION_WH_3,"Severe wasted prevalence among children under 5 years of age   (% weight-for-height <-3 SD), survey-based estimates",2020,Female,0.9,0.7,1.1
NUTRITION_WH_3,"Severe wasted prevalence among children under 5 years of age   (% weight-for-height <-3 SD), survey-based estimates",1990,Primary,2.3,1.5,3.4
NUTRITION_WH_3,"Severe wasted prevalence among children under 5 years of age   (% weight-for-height <-3 SD), survey-based estimates",2018,Primary,1.3,0.5,3.7
NUTRITION_WH_3,"Severe wasted prevalence among children under 5 years of age   (% weight-for-height <-3 SD), survey-based estimates",2016,Primary,2.3,1.7,3.0
NUTRITION_WH_3,"Severe wasted prevalence among children under 5 years of age   (% weight-for-height <-3 SD), survey-based estimates",2011,Primary,2.1,1.7,2.7
NUTRITION_WH_3,"Severe wasted prevalence among children under 5 years of age   (% weight-for-height <-3 SD), survey-based estimates",2003,Primary,5.1,3.6,7.2
NUTRITION_WH_3,"Severe wasted prevalence among children under 5 years of age   (% weight-for-height <-3 SD), survey-based estimates",2003,0 to 5 months,6.2,4.3,8.9
NUTRITION_WH_3,"Severe wasted prevalence among children under 5 years of age   (% weight-for-height <-3 SD), survey-based estimates",2014,0 to 5 months,3.0,2.3,4.0
NUTRITION_WH_3,"Severe wasted prevalence among children under 5 years of age   (% weight-for-height <-3 SD), survey-based estimates",2020,0 to 5 months,2.5,1.7,3.5
NUTRITION_WH_3,"Severe wasted prevalence among children under 5 years of age   (% weight-for-height <-3 SD), survey-based estimates",1990,0 to 5 months,7.2,4.0,12.5
NUTRITION_WH_3,"Severe wasted prevalence among children under 5 years of age   (% weight-for-height <-3 SD), survey-based estimates",2015,0 to 5 months,2.8,2.2,3.7
NUTRITION_WH_3,"Severe wasted prevalence among children under 5 years of age   (% weight-for-height <-3 SD), survey-based estimates",2018,0 to 5 months,2.4,1.4,3.8
NUTRITION_WH_3,"Severe wasted prevalence among children under 5 years of age   (% weight-for-height <-3 SD), survey-based estimates",2011,0 to 5 months,4.5,3.6,5.7
NUTRITION_WH_3,"Severe wasted prevalence among children under 5 years of age   (% weight-for-height <-3 SD), survey-based estimates",2016,0 to 5 months,5.4,4.1,7.2
NUTRITION_WH_3,"Severe wasted prevalence among children under 5 years of age   (% weight-for-height <-3 SD), survey-based estimates",2016,Higher education,1.6,1.0,2.4
NUTRITION_WH_3,"Severe wasted prevalence among children under 5 years of age   (% weight-for-height <-3 SD), survey-based estimates",2018,Higher education,0.7,0.4,1.5
NUTRITION_WH_3,"Severe wasted prevalence among children under 5 years of age   (% weight-for-height <-3 SD), survey-based estimates",1990,Higher education,0.9,0.1,7.1
NUTRITION_WH_3,"Severe wasted prevalence among children under 5 years of age   (% weight-for-height <-3 SD), survey-based estimates",2003,Higher education,1.3,0.4,4.5
NUTRITION_WH_3,"Severe wasted prevalence among children under 5 years of age   (% weight-for-height <-3 SD), survey-based estimates",2003,Wealth - Middle 60%,4.7,3.8,5.7
NUTRITION_WH_3,"Severe wasted prevalence among children under 5 years of age   (% weight-for-height <-3 SD), survey-based estimates",2018,Wealth - Middle 60%,1.9,1.5,2.4
NUTRITION_WH_3,"Severe wasted prevalence among children under 5 years of age   (% weight-for-height <-3 SD), survey-based estimates",2011,Wealth - Middle 60%,2.9,2.5,3.3
NUTRITION_WH_3,"Severe wasted prevalence among children under 5 years of age   (% weight-for-height <-3 SD), survey-based estimates",2016,Wealth - Middle 60%,2.5,2.1,2.9
NUTRITION_WH_3,"Severe wasted prevalence among children under 5 years of age   (% weight-for-height <-3 SD), survey-based estimates",2003,Q1 (Poorest),6.5,4.8,8.7
NUTRITION_WH_3,"Severe wasted prevalence among children under 5 years of age   (% weight-for-height <-3 SD), survey-based estimates",2021,Q1 (Poorest),3.7,2.4,5.4
NUTRITION_WH_3,"Severe wasted prevalence among children under 5 years of age   (% weight-for-height <-3 SD), survey-based estimates",2011,Q1 (Poorest),4.6,3.9,5.4
NUTRITION_WH_3,"Severe wasted prevalence among children under 5 years of age   (% weight-for-height <-3 SD), survey-based estimates",2016,Q1 (Poorest),4.2,3.6,5.0
NUTRITION_WH_3,"Severe wasted prevalence among children under 5 years of age   (% weight-for-height <-3 SD), survey-based estimates",2018,Q1 (Poorest),2.8,2.2,3.5
NUTRITION_WH_3,"Severe wasted prevalence among children under 5 years of age   (% weight-for-height <-3 SD), survey-based estimates",2011,24 to 29 months,2.8,2.1,3.8
NUTRITION_WH_3,"Severe wasted prevalence among children under 5 years of age   (% weight-for-height <-3 SD), survey-based estimates",2018,24 to 29 months,2.1,1.4,3.1
NUTRITION_WH_3,"Severe wasted prevalence among children under 5 years of age   (% weight-for-height <-3 SD), survey-based estimates",2016,24 to 29 months,2.7,2.1,3.6
NUTRITION_WH_3,"Severe wasted prevalence among children under 5 years of age   (% weight-for-height <-3 SD), survey-based estimates",2015,24 to 29 months,1.4,1.0,2.1
NUTRITION_WH_3,"Severe wasted prevalence among children under 5 years of age   (% weight-for-height <-3 SD), survey-based estimates",1990,24 to 29 months,4.5,2.8,7.1
NUTRITION_WH_3,"Severe wasted prevalence among children under 5 years of age   (% weight-for-height <-3 SD), survey-based estimates",2014,24 to 29 months,1.7,1.1,2.4
NUTRITION_WH_3,"Severe wasted prevalence among children under 5 years of age   (% weight-for-height <-3 SD), survey-based estimates",2020,24 to 29 months,1.2,0.7,1.9
NUTRITION_WH_3,"Severe wasted prevalence among children under 5 years of age   (% weight-for-height <-3 SD), survey-based estimates",2003,24 to 29 months,2.9,1.6,5.1
NUTRITION_WH_3,"Severe wasted prevalence among children under 5 years of age   (% weight-for-height <-3 SD), survey-based estimates",2003,Wealth - Bottom 60%,5.7,4.7,6.9
NUTRITION_WH_3,"Severe wasted prevalence among children under 5 years of age   (% weight-for-height <-3 SD), survey-based estimates",2011,Wealth - Bottom 60%,3.7,3.3,4.1
NUTRITION_WH_3,"Severe wasted prevalence among children under 5 years of age   (% weight-for-height <-3 SD), survey-based estimates",2018,Wealth - Bottom 60%,2.2,1.8,2.6
NUTRITION_WH_3,"Severe wasted prevalence among children under 5 years of age   (% weight-for-height <-3 SD), survey-based estimates",2016,Wealth - Bottom 60%,3.2,2.9,3.6
NUTRITION_WH_3,"Severe wasted prevalence among children under 5 years of age   (% weight-for-height <-3 SD), survey-based estimates",2014,30 to 35 months,0.6,0.3,1.2
NUTRITION_WH_3,"Severe wasted prevalence among children under 5 years of age   (% weight-for-height <-3 SD), survey-based estimates",2020,30 to 35 months,0.6,0.3,1.2
NUTRITION_WH_3,"Severe wasted prevalence among children under 5 years of age   (% weight-for-height <-3 SD), survey-based estimates",1990,30 to 35 months,2.0,0.8,4.7
NUTRITION_WH_3,"Severe wasted prevalence among children under 5 years of age   (% weight-for-height <-3 SD), survey-based estimates",2003,30 to 35 months,3.9,2.3,6.8
NUTRITION_WH_3,"Severe wasted prevalence among children under 5 years of age   (% weight-for-height <-3 SD), survey-based estimates",2011,30 to 35 months,2.6,1.9,3.5
NUTRITION_WH_3,"Severe wasted prevalence among children under 5 years of age   (% weight-for-height <-3 SD), survey-based estimates",2018,30 to 35 months,1.0,0.6,1.8
NUTRITION_WH_3,"Severe wasted prevalence among children under 5 years of age   (% weight-for-height <-3 SD), survey-based estimates",2016,30 to 35 months,1.9,1.2,2.8
NUTRITION_WH_3,"Severe wasted prevalence among children under 5 years of age   (% weight-for-height <-3 SD), survey-based estimates",2015,30 to 35 months,0.5,0.2,1.1
NUTRITION_WH_3,"Severe wasted prevalence among children under 5 years of age   (% weight-for-height <-3 SD), survey-based estimates",2020,24 to 59 months,0.6,0.4,0.8
NUTRITION_WH_3,"Severe wasted prevalence among children under 5 years of age   (% weight-for-height <-3 SD), survey-based estimates",1990,24 to 59 months,3.0,2.0,4.5
NUTRITION_WH_3,"Severe wasted prevalence among children under 5 years of age   (% weight-for-height <-3 SD), survey-based estimates",2014,24 to 59 months,0.8,0.6,1.0
NUTRITION_WH_3,"Severe wasted prevalence among children under 5 years of age   (% weight-for-height <-3 SD), survey-based estimates",2003,24 to 59 months,2.8,1.9,4.0
NUTRITION_WH_3,"Severe wasted prevalence among children under 5 years of age   (% weight-for-height <-3 SD), survey-based estimates",2018,24 to 59 months,0.9,0.7,1.1
NUTRITION_WH_3,"Severe wasted prevalence among children under 5 years of age   (% weight-for-height <-3 SD), survey-based estimates",2011,24 to 59 months,1.9,1.6,2.3
NUTRITION_WH_3,"Severe wasted prevalence among children under 5 years of age   (% weight-for-height <-3 SD), survey-based estimates",2016,24 to 59 months,1.6,1.3,1.9
NUTRITION_WH_3,"Severe wasted prevalence among children under 5 years of age   (% weight-for-height <-3 SD), survey-based estimates",2015,24 to 59 months,0.6,0.5,0.8
NUTRITION_WH_3,"Severe wasted prevalence among children under 5 years of age   (% weight-for-height <-3 SD), survey-based estimates",1990,18 to 23 months,4.5,2.7,7.3
NUTRITION_WH_3,"Severe wasted prevalence among children under 5 years of age   (% weight-for-height <-3 SD), survey-based estimates",2014,18 to 23 months,2.1,1.5,3.0
NUTRITION_WH_3,"Severe wasted prevalence among children under 5 years of age   (% weight-for-height <-3 SD), survey-based estimates",2020,18 to 23 months,1.1,0.7,1.8
NUTRITION_WH_3,"Severe wasted prevalence among children under 5 years of age   (% weight-for-height <-3 SD), survey-based estimates",2003,18 to 23 months,5.8,3.6,9.1
NUTRITION_WH_3,"Severe wasted prevalence among children under 5 years of age   (% weight-for-height <-3 SD), survey-based estimates",2011,18 to 23 months,4.5,3.2,6.2
NUTRITION_WH_3,"Severe wasted prevalence among children under 5 years of age   (% weight-for-height <-3 SD), survey-based estimates",2016,18 to 23 months,4.6,3.6,5.7
NUTRITION_WH_3,"Severe wasted prevalence among children under 5 years of age   (% weight-for-height <-3 SD), survey-based estimates",2015,18 to 23 months,2.7,1.9,3.6
NUTRITION_WH_3,"Severe wasted prevalence among children under 5 years of age   (% weight-for-height <-3 SD), survey-based estimates",2018,18 to 23 months,2.0,1.3,3.1
NUTRITION_WH_3,"Severe wasted prevalence among children under 5 years of age   (% weight-for-height <-3 SD), survey-based estimates",2018,24 to 35 months,1.6,1.2,2.2
NUTRITION_WH_3,"Severe wasted prevalence among children under 5 years of age   (% weight-for-height <-3 SD), survey-based estimates",2011,24 to 35 months,2.7,2.2,3.3
NUTRITION_WH_3,"Severe wasted prevalence among children under 5 years of age   (% weight-for-height <-3 SD), survey-based estimates",2016,24 to 35 months,2.3,1.9,2.9
NUTRITION_WH_3,"Severe wasted prevalence among children under 5 years of age   (% weight-for-height <-3 SD), survey-based estimates",2015,24 to 35 months,1.0,0.7,1.4
NUTRITION_WH_3,"Severe wasted prevalence among children under 5 years of age   (% weight-for-height <-3 SD), survey-based estimates",2003,24 to 35 months,3.3,2.3,4.9
NUTRITION_WH_3,"Severe wasted prevalence among children under 5 years of age   (% weight-for-height <-3 SD), survey-based estimates",2021,24 to 35 months,3.4,2.2,5.2
NUTRITION_WH_3,"Severe wasted prevalence among children under 5 years of age   (% weight-for-height <-3 SD), survey-based estimates",2014,24 to 35 months,1.2,0.9,1.7
NUTRITION_WH_3,"Severe wasted prevalence among children under 5 years of age   (% weight-for-height <-3 SD), survey-based estimates",2020,24 to 35 months,0.9,0.6,1.3
NUTRITION_WH_3,"Severe wasted prevalence among children under 5 years of age   (% weight-for-height <-3 SD), survey-based estimates",1990,24 to 35 months,3.5,2.3,5.1
NUTRITION_WH_3,"Severe wasted prevalence among children under 5 years of age   (% weight-for-height <-3 SD), survey-based estimates",2021,Q4,2.0,1.2,3.5
NUTRITION_WH_3,"Severe wasted prevalence among children under 5 years of age   (% weight-for-height <-3 SD), survey-based estimates",2003,Q4,3.3,2.3,4.8
NUTRITION_WH_3,"Severe wasted prevalence among children under 5 years of age   (% weight-for-height <-3 SD), survey-based estimates",2011,Q4,2.4,1.7,3.2
NUTRITION_WH_3,"Severe wasted prevalence among children under 5 years of age   (% weight-for-height <-3 SD), survey-based estimates",2018,Q4,1.8,1.0,3.3
NUTRITION_WH_3,"Severe wasted prevalence among children under 5 years of age   (% weight-for-height <-3 SD), survey-based estimates",2016,Q4,2.3,1.6,3.2
NUTRITION_WH_3,"Severe wasted prevalence among children under 5 years of age   (% weight-for-height <-3 SD), survey-based estimates",2018,48 to 59 months,0.5,0.3,1.0
NUTRITION_WH_3,"Severe wasted prevalence among children under 5 years of age   (% weight-for-height <-3 SD), survey-based estimates",2011,48 to 59 months,1.3,0.9,1.8
NUTRITION_WH_3,"Severe wasted prevalence among children under 5 years of age   (% weight-for-height <-3 SD), survey-based estimates",2016,48 to 59 months,1.1,0.8,1.5
NUTRITION_WH_3,"Severe wasted prevalence among children under 5 years of age   (% weight-for-height <-3 SD), survey-based estimates",2015,48 to 59 months,0.2,0.1,0.5
NUTRITION_WH_3,"Severe wasted prevalence among children under 5 years of age   (% weight-for-height <-3 SD), survey-based estimates",1990,48 to 59 months,2.3,1.0,5.4
NUTRITION_WH_3,"Severe wasted prevalence among children under 5 years of age   (% weight-for-height <-3 SD), survey-based estimates",2003,48 to 59 months,1.7,0.8,3.7
NUTRITION_WH_3,"Severe wasted prevalence among children under 5 years of age   (% weight-for-height <-3 SD), survey-based estimates",2021,48 to 59 months,0.5,0.1,1.7
NUTRITION_WH_3,"Severe wasted prevalence among children under 5 years of age   (% weight-for-height <-3 SD), survey-based estimates",2020,48 to 59 months,0.4,0.2,0.7
NUTRITION_WH_3,"Severe wasted prevalence among children under 5 years of age   (% weight-for-height <-3 SD), survey-based estimates",2014,48 to 59 months,0.4,0.2,0.8
NUTRITION_WH_3,"Severe wasted prevalence among children under 5 years of age   (% weight-for-height <-3 SD), survey-based estimates",1990,6 to 59 months,4.1,3.2,5.3
NUTRITION_WH_3,"Severe wasted prevalence among children under 5 years of age   (% weight-for-height <-3 SD), survey-based estimates",2014,6 to 59 months,1.7,1.4,1.9
NUTRITION_WH_3,"Severe wasted prevalence among children under 5 years of age   (% weight-for-height <-3 SD), survey-based estimates",2020,6 to 59 months,1.2,1.0,1.5
NUTRITION_WH_3,"Severe wasted prevalence among children under 5 years of age   (% weight-for-height <-3 SD), survey-based estimates",2003,6 to 59 months,4.4,3.6,5.4
NUTRITION_WH_3,"Severe wasted prevalence among children under 5 years of age   (% weight-for-height <-3 SD), survey-based estimates",2018,6 to 59 months,1.7,1.4,2.1
NUTRITION_WH_3,"Severe wasted prevalence among children under 5 years of age   (% weight-for-height <-3 SD), survey-based estimates",2011,6 to 59 months,3.0,2.7,3.3
NUTRITION_WH_3,"Severe wasted prevalence among children under 5 years of age   (% weight-for-height <-3 SD), survey-based estimates",2015,6 to 59 months,1.6,1.4,1.9
NUTRITION_WH_3,"Severe wasted prevalence among children under 5 years of age   (% weight-for-height <-3 SD), survey-based estimates",2016,6 to 59 months,2.6,2.3,2.9
NUTRITION_WH_3,"Severe wasted prevalence among children under 5 years of age   (% weight-for-height <-3 SD), survey-based estimates",2018,None and primary education,2.4,1.9,3.0
NUTRITION_WH_3,"Severe wasted prevalence among children under 5 years of age   (% weight-for-height <-3 SD), survey-based estimates",2016,None and primary education,2.8,2.3,3.2
NUTRITION_WH_3,"Severe wasted prevalence among children under 5 years of age   (% weight-for-height <-3 SD), survey-based estimates",2011,None and primary education,3.7,3.3,4.1
NUTRITION_WH_3,"Severe wasted prevalence among children under 5 years of age   (% weight-for-height <-3 SD), survey-based estimates",2003,None and primary education,5.2,4.3,6.4
NUTRITION_WH_3,"Severe wasted prevalence among children under 5 years of age   (% weight-for-height <-3 SD), survey-based estimates",1990,None and primary education,4.8,3.8,6.1
NUTRITION_WH_3,"Severe wasted prevalence among children under 5 years of age   (% weight-for-height <-3 SD), survey-based estimates",2003,Secondary or higher,3.6,2.4,5.5
NUTRITION_WH_3,"Severe wasted prevalence among children under 5 years of age   (% weight-for-height <-3 SD), survey-based estimates",1990,Secondary or higher,1.7,1.0,2.9
NUTRITION_WH_3,"Severe wasted prevalence among children under 5 years of age   (% weight-for-height <-3 SD), survey-based estimates",2011,Secondary or higher,2.2,1.8,2.8
NUTRITION_WH_3,"Severe wasted prevalence among children under 5 years of age   (% weight-for-height <-3 SD), survey-based estimates",2018,Secondary or higher,1.0,0.8,1.4
NUTRITION_WH_3,"Severe wasted prevalence among children under 5 years of age   (% weight-for-height <-3 SD), survey-based estimates",2016,Secondary or higher,2.3,1.9,2.8
NUTRITION_WH_3,"Severe wasted prevalence among children under 5 years of age   (% weight-for-height <-3 SD), survey-based estimates",2011,36 to 59 months,1.6,1.2,2.0
NUTRITION_WH_3,"Severe wasted prevalence among children under 5 years of age   (% weight-for-height <-3 SD), survey-based estimates",2018,36 to 59 months,0.5,0.4,0.8
NUTRITION_WH_3,"Severe wasted prevalence among children under 5 years of age   (% weight-for-height <-3 SD), survey-based estimates",2015,36 to 59 months,0.3,0.2,0.5
NUTRITION_WH_3,"Severe wasted prevalence among children under 5 years of age   (% weight-for-height <-3 SD), survey-based estimates",2016,36 to 59 months,1.2,1.0,1.5
NUTRITION_WH_3,"Severe wasted prevalence among children under 5 years of age   (% weight-for-height <-3 SD), survey-based estimates",1990,36 to 59 months,2.8,1.5,5.2
NUTRITION_WH_3,"Severe wasted prevalence among children under 5 years of age   (% weight-for-height <-3 SD), survey-based estimates",2003,36 to 59 months,2.4,1.5,3.9
NUTRITION_WH_3,"Severe wasted prevalence among children under 5 years of age   (% weight-for-height <-3 SD), survey-based estimates",2014,36 to 59 months,0.5,0.4,0.7
NUTRITION_WH_3,"Severe wasted prevalence among children under 5 years of age   (% weight-for-height <-3 SD), survey-based estimates",2020,36 to 59 months,0.4,0.3,0.6
NUTRITION_WH_3,"Severe wasted prevalence among children under 5 years of age   (% weight-for-height <-3 SD), survey-based estimates",2021,Female,2.9,2.0,4.3
NUTRITION_WH_3,"Severe wasted prevalence among children under 5 years of age   (% weight-for-height <-3 SD), survey-based estimates",2014,Female,1.6,1.3,1.9
NUTRITION_WH_3,"Severe wasted prevalence among children under 5 years of age   (% weight-for-height <-3 SD), survey-based estimates",2018,Male,2.2,1.7,2.8
NUTRITION_WH_3,"Severe wasted prevalence among children under 5 years of age   (% weight-for-height <-3 SD), survey-based estimates",2016,Male,3.3,2.9,3.7
NUTRITION_WH_3,"Severe wasted prevalence among children under 5 years of age   (% weight-for-height <-3 SD), survey-based estimates",2011,Male,3.6,3.1,4.1
NUTRITION_WH_3,"Severe wasted prevalence among children under 5 years of age   (% weight-for-height <-3 SD), survey-based estimates",2015,Male,2.0,1.8,2.4
NUTRITION_WH_3,"Severe wasted prevalence among children under 5 years of age   (% weight-for-height <-3 SD), survey-based estimates",2020,Male,1.9,1.5,2.3
NUTRITION_WH_3,"Severe wasted prevalence among children under 5 years of age   (% weight-for-height <-3 SD), survey-based estimates",2014,6 to 11 months,3.7,2.9,4.6
NUTRITION_WH_3,"Severe wasted prevalence among children under 5 years of age   (% weight-for-height <-3 SD), survey-based estimates",2021,6 to 11 months,6.5,3.4,12.0
NUTRITION_WH_3,"Severe wasted prevalence among children under 5 years of age   (% weight-for-height <-3 SD), survey-based estimates",2020,6 to 11 months,3.7,2.8,4.9
NUTRITION_WH_3,"Severe wasted prevalence among children under 5 years of age   (% weight-for-height <-3 SD), survey-based estimates",1990,6 to 11 months,5.5,3.8,8.0
NUTRITION_WH_3,"Severe wasted prevalence among children under 5 years of age   (% weight-for-height <-3 SD), survey-based estimates",2003,6 to 11 months,8.3,5.8,11.7
NUTRITION_WH_3,"Severe wasted prevalence among children under 5 years of age   (% weight-for-height <-3 SD), survey-based estimates",2015,6 to 11 months,3.6,2.8,4.6
NUTRITION_WH_3,"Severe wasted prevalence among children under 5 years of age   (% weight-for-height <-3 SD), survey-based estimates",2011,6 to 11 months,6.3,5.0,7.9
NUTRITION_WH_3,"Severe wasted prevalence among children under 5 years of age   (% weight-for-height <-3 SD), survey-based estimates",2016,6 to 11 months,4.9,3.9,6.1
NUTRITION_WH_3,"Severe wasted prevalence among children under 5 years of age   (% weight-for-height <-3 SD), survey-based estimates",2018,6 to 11 months,3.2,2.2,4.6
NUTRITION_WH_3,"Severe wasted prevalence among children under 5 years of age   (% weight-for-height <-3 SD), survey-based estimates",2011,0 to 23 months,4.8,4.2,5.5
NUTRITION_WH_3,"Severe wasted prevalence among children under 5 years of age   (% weight-for-height <-3 SD), survey-based estimates",2015,0 to 23 months,3.3,2.9,3.7
NUTRITION_WH_3,"Severe wasted prevalence among children under 5 years of age   (% weight-for-height <-3 SD), survey-based estimates",2018,0 to 23 months,3.0,2.4,3.9
NUTRITION_WH_3,"Severe wasted prevalence among children under 5 years of age   (% weight-for-height <-3 SD), survey-based estimates",2016,0 to 23 months,4.9,4.2,5.6
NUTRITION_WH_3,"Severe wasted prevalence among children under 5 years of age   (% weight-for-height <-3 SD), survey-based estimates",1990,0 to 23 months,6.2,4.6,8.4
NUTRITION_WH_3,"Severe wasted prevalence among children under 5 years of age   (% weight-for-height <-3 SD), survey-based estimates",2020,0 to 23 months,2.5,2.1,3.0
NUTRITION_WH_3,"Severe wasted prevalence among children under 5 years of age   (% weight-for-height <-3 SD), survey-based estimates",2014,0 to 23 months,3.2,2.8,3.7
NUTRITION_WH_3,"Severe wasted prevalence among children under 5 years of age   (% weight-for-height <-3 SD), survey-based estimates",2003,0 to 23 months,7.1,5.9,8.6
NUTRITION_WH_3,"Severe wasted prevalence among children under 5 years of age   (% weight-for-height <-3 SD), survey-based estimates",2016,Q2,3.1,2.6,3.7
NUTRITION_WH_3,"Severe wasted prevalence among children under 5 years of age   (% weight-for-height <-3 SD), survey-based estimates",2018,Q2,2.3,1.8,3.0
NUTRITION_WH_3,"Severe wasted prevalence among children under 5 years of age   (% weight-for-height <-3 SD), survey-based estimates",2011,Q2,3.5,2.9,4.3
NUTRITION_WH_3,"Severe wasted prevalence among children under 5 years of age   (% weight-for-height <-3 SD), survey-based estimates",2003,Q2,6.1,4.4,8.4
NUTRITION_WH_3,"Severe wasted prevalence among children under 5 years of age   (% weight-for-height <-3 SD), survey-based estimates",2021,Q2,2.4,1.3,4.2
NUTRITION_WH_3,"Severe wasted prevalence among children under 5 years of age   (% weight-for-height <-3 SD), survey-based estimates",2011,48 to 53 months,1.0,0.6,1.7
NUTRITION_WH_3,"Severe wasted prevalence among children under 5 years of age   (% weight-for-height <-3 SD), survey-based estimates",2015,48 to 53 months,0.2,0.1,0.5
NUTRITION_WH_3,"Severe wasted prevalence among children under 5 years of age   (% weight-for-height <-3 SD), survey-based estimates",2018,48 to 53 months,0.8,0.4,1.5
NUTRITION_WH_3,"Severe wasted prevalence among children under 5 years of age   (% weight-for-height <-3 SD), survey-based estimates",2016,48 to 53 months,1.2,0.8,1.9
NUTRITION_WH_3,"Severe wasted prevalence among children under 5 years of age   (% weight-for-height <-3 SD), survey-based estimates",2020,48 to 53 months,0.5,0.2,1.2
NUTRITION_WH_3,"Severe wasted prevalence among children under 5 years of age   (% weight-for-height <-3 SD), survey-based estimates",2014,48 to 53 months,0.6,0.3,1.1
NUTRITION_WH_3,"Severe wasted prevalence among children under 5 years of age   (% weight-for-height <-3 SD), survey-based estimates",1990,48 to 53 months,0.9,0.4,2.0
NUTRITION_WH_3,"Severe wasted prevalence among children under 5 years of age   (% weight-for-height <-3 SD), survey-based estimates",2003,48 to 53 months,2.0,0.8,5.0
NUTRITION_WH_3,"Severe wasted prevalence among children under 5 years of age   (% weight-for-height <-3 SD), survey-based estimates",2011,Wealth - Top 40%,2.2,1.8,2.8
NUTRITION_WH_3,"Severe wasted prevalence among children under 5 years of age   (% weight-for-height <-3 SD), survey-based estimates",2016,Wealth - Top 40%,2.4,1.9,3.0
NUTRITION_WH_3,"Severe wasted prevalence among children under 5 years of age   (% weight-for-height <-3 SD), survey-based estimates",2018,Wealth - Top 40%,1.2,0.7,1.9
NUTRITION_WH_3,"Severe wasted prevalence among children under 5 years of age   (% weight-for-height <-3 SD), survey-based estimates",2003,Wealth - Top 40%,3.2,2.3,4.4
NUTRITION_WH_3,"Severe wasted prevalence among children under 5 years of age   (% weight-for-height <-3 SD), survey-based estimates",1990,Urban,3.1,2.1,4.4
NUTRITION_WH_3,"Severe wasted prevalence among children under 5 years of age   (% weight-for-height <-3 SD), survey-based estimates",2021,Urban,3.3,2.2,5.0
NUTRITION_WH_3,"Severe wasted prevalence among children under 5 years of age   (% weight-for-height <-3 SD), survey-based estimates",2003,Urban,3.8,2.8,5.1
NUTRITION_WH_3,"Severe wasted prevalence among children under 5 years of age   (% weight-for-height <-3 SD), survey-based estimates",2011,Urban,2.6,2.0,3.4
NUTRITION_WH_3,"Severe wasted prevalence among children under 5 years of age   (% weight-for-height <-3 SD), survey-based estimates",2018,Urban,1.3,0.9,2.0
NUTRITION_WH_3,"Severe wasted prevalence among children under 5 years of age   (% weight-for-height <-3 SD), survey-based estimates",2016,Urban,2.6,2.0,3.4
NUTRITION_WH_3,"Severe wasted prevalence among children under 5 years of age   (% weight-for-height <-3 SD), survey-based estimates",2011,Q5 (Richest),2.1,1.4,3.0
NUTRITION_WH_3,"Severe wasted prevalence among children under 5 years of age   (% weight-for-height <-3 SD), survey-based estimates",2018,Q5 (Richest),0.5,0.3,0.9
NUTRITION_WH_3,"Severe wasted prevalence among children under 5 years of age   (% weight-for-height <-3 SD), survey-based estimates",2016,Q5 (Richest),2.5,2.0,3.3
NUTRITION_WH_3,"Severe wasted prevalence among children under 5 years of age   (% weight-for-height <-3 SD), survey-based estimates",2003,Q5 (Richest),3.1,2.0,5.0
NUTRITION_WH_3,"Severe wasted prevalence among children under 5 years of age   (% weight-for-height <-3 SD), survey-based estimates",2021,Q5 (Richest),3.6,2.2,5.7
NUTRITION_WH_3,"Severe wasted prevalence among children under 5 years of age   (% weight-for-height <-3 SD), survey-based estimates",2014,6 to 23 months,3.2,2.8,3.8
NUTRITION_WH_3,"Severe wasted prevalence among children under 5 years of age   (% weight-for-height <-3 SD), survey-based estimates",1990,6 to 23 months,5.8,4.6,7.5
NUTRITION_WH_3,"Severe wasted prevalence among children under 5 years of age   (% weight-for-height <-3 SD), survey-based estimates",2020,6 to 23 months,2.5,2.0,3.0
NUTRITION_WH_3,"Severe wasted prevalence among children under 5 years of age   (% weight-for-height <-3 SD), survey-based estimates",2015,6 to 23 months,3.4,3.0,4.0
NUTRITION_WH_3,"Severe wasted prevalence among children under 5 years of age   (% weight-for-height <-3 SD), survey-based estimates",2016,6 to 23 months,4.7,4.1,5.4
NUTRITION_WH_3,"Severe wasted prevalence among children under 5 years of age   (% weight-for-height <-3 SD), survey-based estimates",2003,6 to 23 months,7.5,6.1,9.2
NUTRITION_WH_3,"Severe wasted prevalence among children under 5 years of age   (% weight-for-height <-3 SD), survey-based estimates",2018,6 to 23 months,3.3,2.5,4.3
NUTRITION_WH_3,"Severe wasted prevalence among children under 5 years of age   (% weight-for-height <-3 SD), survey-based estimates",2011,6 to 23 months,4.9,4.2,5.7
NUTRITION_WH_3,"Severe wasted prevalence among children under 5 years of age   (% weight-for-height <-3 SD), survey-based estimates",2015,36 to 47 months,0.4,0.3,0.7
NUTRITION_WH_3,"Severe wasted prevalence among children under 5 years of age   (% weight-for-height <-3 SD), survey-based estimates",2018,36 to 47 months,0.5,0.3,0.9
NUTRITION_WH_3,"Severe wasted prevalence among children under 5 years of age   (% weight-for-height <-3 SD), survey-based estimates",2011,36 to 47 months,1.8,1.3,2.5
NUTRITION_WH_3,"Severe wasted prevalence among children under 5 years of age   (% weight-for-height <-3 SD), survey-based estimates",2016,36 to 47 months,1.3,1.0,1.8
NUTRITION_WH_3,"Severe wasted prevalence among children under 5 years of age   (% weight-for-height <-3 SD), survey-based estimates",2003,36 to 47 months,3.0,1.8,5.0
NUTRITION_WH_3,"Severe wasted prevalence among children under 5 years of age   (% weight-for-height <-3 SD), survey-based estimates",1990,36 to 47 months,3.2,1.9,5.4
NUTRITION_WH_3,"Severe wasted prevalence among children under 5 years of age   (% weight-for-height <-3 SD), survey-based estimates",2021,36 to 47 months,1.0,0.5,1.9
NUTRITION_WH_3,"Severe wasted prevalence among children under 5 years of age   (% weight-for-height <-3 SD), survey-based estimates",2014,36 to 47 months,0.6,0.4,0.9
NUTRITION_WH_3,"Severe wasted prevalence among children under 5 years of age   (% weight-for-height <-3 SD), survey-based estimates",2020,36 to 47 months,0.4,0.3,0.7
NUTRITION_WH_3,"Severe wasted prevalence among children under 5 years of age   (% weight-for-height <-3 SD), survey-based estimates",2003,Wealth - Bottom 40%,6.3,5.0,8.0
NUTRITION_WH_3,"Severe wasted prevalence among children under 5 years of age   (% weight-for-height <-3 SD), survey-based estimates",2016,Wealth - Bottom 40%,3.7,3.3,4.2
NUTRITION_WH_3,"Severe wasted prevalence among children under 5 years of age   (% weight-for-height <-3 SD), survey-based estimates",2011,Wealth - Bottom 40%,4.1,3.6,4.6
NUTRITION_WH_3,"Severe wasted prevalence among children under 5 years of age   (% weight-for-height <-3 SD), survey-based estimates",2018,Wealth - Bottom 40%,2.5,2.1,3.1
NUTRITION_WH_3,"Severe wasted prevalence among children under 5 years of age   (% weight-for-height <-3 SD), survey-based estimates",2011,12 to 59 months,2.5,2.2,2.9
NUTRITION_WH_3,"Severe wasted prevalence among children under 5 years of age   (% weight-for-height <-3 SD), survey-based estimates",2015,12 to 59 months,1.4,1.2,1.6
NUTRITION_WH_3,"Severe wasted prevalence among children under 5 years of age   (% weight-for-height <-3 SD), survey-based estimates",2016,12 to 59 months,2.3,2.1,2.6
NUTRITION_WH_3,"Severe wasted prevalence among children under 5 years of age   (% weight-for-height <-3 SD), survey-based estimates",2018,12 to 59 months,1.5,1.2,1.9
NUTRITION_WH_3,"Severe wasted prevalence among children under 5 years of age   (% weight-for-height <-3 SD), survey-based estimates",2020,12 to 59 months,0.9,0.7,1.1
NUTRITION_WH_3,"Severe wasted prevalence among children under 5 years of age   (% weight-for-height <-3 SD), survey-based estimates",2014,12 to 59 months,1.4,1.2,1.6
NUTRITION_WH_3,"Severe wasted prevalence among children under 5 years of age   (% weight-for-height <-3 SD), survey-based estimates",1990,12 to 59 months,3.8,2.8,5.2
NUTRITION_WH_3,"Severe wasted prevalence among children under 5 years of age   (% weight-for-height <-3 SD), survey-based estimates",2003,12 to 59 months,3.8,3.0,4.8
NUTRITION_WH_3,"Severe wasted prevalence among children under 5 years of age   (% weight-for-height <-3 SD), survey-based estimates",2014,54 to 59 months,0.3,0.1,0.8
NUTRITION_WH_3,"Severe wasted prevalence among children under 5 years of age   (% weight-for-height <-3 SD), survey-based estimates",1990,54 to 59 months,4.6,1.5,13.3
NUTRITION_WH_3,"Severe wasted prevalence among children under 5 years of age   (% weight-for-height <-3 SD), survey-based estimates",2020,54 to 59 months,0.3,0.1,0.7
NUTRITION_WH_3,"Severe wasted prevalence among children under 5 years of age   (% weight-for-height <-3 SD), survey-based estimates",2003,54 to 59 months,1.3,0.5,3.3
NUTRITION_WH_3,"Severe wasted prevalence among children under 5 years of age   (% weight-for-height <-3 SD), survey-based estimates",2016,54 to 59 months,1.0,0.6,1.5
NUTRITION_WH_3,"Severe wasted prevalence among children under 5 years of age   (% weight-for-height <-3 SD), survey-based estimates",2015,54 to 59 months,0.3,0.1,0.8
NUTRITION_WH_3,"Severe wasted prevalence among children under 5 years of age   (% weight-for-height <-3 SD), survey-based estimates",2011,54 to 59 months,1.5,1.0,2.3
NUTRITION_WH_3,"Severe wasted prevalence among children under 5 years of age   (% weight-for-height <-3 SD), survey-based estimates",2018,54 to 59 months,0.2,0.1,0.7
NUTRITION_WH_3,"Severe wasted prevalence among children under 5 years of age   (% weight-for-height <-3 SD), survey-based estimates",2014,Male,2.1,1.8,2.4
NUTRITION_WH_3,"Severe wasted prevalence among children under 5 years of age   (% weight-for-height <-3 SD), survey-based estimates",2021,Male,3.1,2.3,4.2
NUTRITION_WH_3,"Severe wasted prevalence among children under 5 years of age   (% weight-for-height <-3 SD), survey-based estimates",1990,Male,4.6,3.4,6.4
NUTRITION_WH_3,"Severe wasted prevalence among children under 5 years of age   (% weight-for-height <-3 SD), survey-based estimates",2003,Male,5.2,4.4,6.3
NCD_BMI_MINUS2C,"Thinness among children and adolescents, BMI-for-age < -2 standard deviations below the median (%)",2019,Male,11.735377,7.2333962,17.375541
NUTRITION_ANAEMIA_CHILDREN_NUM,Number of children aged 6-59 months with anaemia (thousands),2017,Severe,1250.0,879.0,1680.0
NCD_BMI_PLUS2C,"Obesity among children and adolescents, BMI-for-age > +2 standard deviations above the median (crude estimate) (%)",2005,Female,1.7847233,1.1342203,2.6545003
NUTRITION_ANAEMIA_CHILDREN_NUM,Number of children aged 6-59 months with anaemia (thousands),2012,Mild,7340.0,6790.0,7820.0
WHOSIS_000016,Mortality rate among children ages 5 to 9 years (per 1000 children aged 5),1999,Female,19.655307346,17.601809967,22.265859856
CM_01,Number of under-five deaths,1973,Both sexes,690259.0,618555.0,769433.0
NCD_BMI_PLUS1C,"Overweight among children and adolescents, BMI-for-age > +1 standard deviations above the median (crude estimate) (%)",2007,Male,4.0433723,2.8131995,5.529134
CHILDMORT5TO14,Mortality rate for 5-14 year-olds (probability of dying per 1000 children aged 5-14 years),1999,Female,30.224669714,26.805006092,34.445167139
MORT_100,"Number of deaths in children aged <5 years, by cause",2004,Both sexes,16522.49023,,
MDG_0000000007,Under-five mortality rate (probability of dying by age 5 per 1000 live births),1996,Both sexes,178.808017926,160.153183434,199.895703382
CHILDMORT5TO14,Mortality rate for 5-14 year-olds (probability of dying per 1000 children aged 5-14 years),2008,Both sexes,25.4353197,22.929959995,28.095286319
WHOSIS_000016,Mortality rate among children ages 5 to 9 years (per 1000 children aged 5),2010,Female,14.824564028,13.391098592,16.341637398
MORT_300,Distribution of causes of death among children aged < 5 years (%),2005,0-4 years of age,0.0343,,
NCD_BMI_PLUS1C,"Overweight among children and adolescents, BMI-for-age > +1 standard deviations above the median (crude estimate) (%)",2012,Female,7.9316229,6.5445513,9.5368966
NCD_BMI_PLUS2C,"Obesity among children and adolescents, BMI-for-age > +2 standard deviations above the median (crude estimate) (%)",2017,Female,2.5355564,1.45752,3.9787099
NCD_BMI_MINUS2C,"Thinness among children and adolescents, BMI-for-age < -2 standard deviations below the median (%)",2014,Female,8.8998064,6.7561261,11.316755
MORT_100,"Number of deaths in children aged <5 years, by cause",2000,Both sexes,0.0,,
MORT_100,"Number of deaths in children aged <5 years, by cause",2001,Both sexes,17426.90506,,
NCD_BMI_PLUS2C,"Obesity among children and adolescents, BMI-for-age > +2 standard deviations above the median (crude estimate) (%)",1995,Both sexes,1.0387556,0.47485721,1.9484835
MORT_100,"Number of deaths in children aged <5 years, by cause",2016,Both sexes,12077.68378,,
MDG_0000000007,Under-five mortality rate (probability of dying by age 5 per 1000 live births),2022,Both sexes,117.455259297,104.00574903,132.800081289
SDGPOISON,Mortality rate attributed to unintentional poisoning (per 100 000 population),2005,Female,0.743698816,0.450118227,1.068060531
MORT_300,Distribution of causes of death among children aged < 5 years (%),2010,0-27 days,0.00128,,
CM_01,Number of under-five deaths,2007,Both sexes,89271.0,81157.0,97989.0
NCD_BMI_PLUS2C,"Obesity among children and adolescents, BMI-for-age > +2 standard deviations above the median (crude estimate) (%)",1999,Female,1.6376331,0.72621885,3.0019924
MORT_100,"Number of deaths in children aged <5 years, by cause",2007,Both sexes,10730.37468,,
WHS4_117,Hepatitis B (HepB3) immunization coverage among 1-year-olds (%) (WUENIC),2014,,43.0,,
MDG_0000000001,Infant mortality rate (probability of dying between birth and age 1 per 1000 live births),1989,Both sexes,104.43050189,97.299918081,111.847548844
WHS4_543,BCG immunization coverage among 1-year-olds (%) (WUENIC),2020,,74.0,,
NCD_BMI_PLUS2C,"Obesity among children and adolescents, BMI-for-age > +2 standard deviations above the median (crude estimate) (%)",2014,Both sexes,2.2599397,1.5641032,3.1317592
CHILDDEATH5TO14,Number of deaths among children 5 to 14 years of age,2019,Female,61121.0,53189.0,70426.0
MORT_300,Distribution of causes of death among children aged < 5 years (%),2015,1-59 months,0.04483,,
WHS3_62,Measles - number of reported cases,1997,,21385.0,,
NCD_BMI_PLUS2C,"Obesity among children and adolescents, BMI-for-age > +2 standard deviations above the median (crude estimate) (%)",2011,Female,2.1976223,1.4658968,3.1449012
CHILDDEATH5TO14,Number of deaths among children 5 to 14 years of age,2020,Male,71911.0,62248.0,83906.0
MCV2,Measles-containing-vaccine second-dose (MCV2) immunization coverage by the locally recommended age (%) (WUENIC),2001,,0.0,,
MORT_100,"Number of deaths in children aged <5 years, by cause",2002,Both sexes,503.58053,,
NCD_BMI_MINUS2C,"Thinness among children and adolescents, BMI-for-age < -2 standard deviations below the median (%)",2008,Both sexes,13.761409,11.259077,16.344978
CHILDDEATH5TO14,Number of deaths among children 5 to 14 years of age,1996,Both sexes,104935.0,93892.0,120006.0
NCD_BMI_PLUS1C,"Overweight among children and adolescents, BMI-for-age > +1 standard deviations above the median (crude estimate) (%)",2015,Male,5.2615143,3.7279427,7.0942782
MORT_300,Distribution of causes of death among children aged < 5 years (%),2003,0-27 days,0.0,,
WHS4_129,Hib (Hib3) immunization coverage among 1-year-olds (%) (WUENIC),2014,,43.0,,
NCD_BMI_PLUS1C,"Overweight among children and adolescents, BMI-for-age > +1 standard deviations above the median (crude estimate) (%)",2014,Male,6.3471682,4.6006553,8.4545493
WHOSIS_000016,Mortality rate among children ages 5 to 9 years (per 1000 children aged 5),2013,Male,14.995802711,13.419494574,16.691961691
WHS8_110,Measles-containing-vaccine first-dose (MCV1) immunization coverage among 1-year-olds (%) (WUENIC),2000,,33.0,,
MORT_300,Distribution of causes of death among children aged < 5 years (%),2006,0-27 days,0.05602,,
WHOSIS_000016,Mortality rate among children ages 5 to 9 years (per 1000 children aged 5),2001,Both sexes,19.387713955,17.700063972,21.541086646
MDG_0000000001,Infant mortality rate (probability of dying between birth and age 1 per 1000 live births),1973,Both sexes,132.925085943,118.710456303,148.742458043
NUTRITION_ANAEMIA_CHILDREN_NUM,Number of children aged 6-59 months with anaemia (thousands),2003,Both sexes,17809.515,16121.0,19006.0
CHILDMORT5TO14,Mortality rate for 5-14 year-olds (probability of dying per 1000 children aged 5-14 years),2005,Female,26.339422154,23.577525766,29.267150821
NCD_BMI_PLUS2C,"Obesity among children and adolescents, BMI-for-age > +2 standard deviations above the median (crude estimate) (%)",2013,Male,2.9869648,1.5489469,5.190954
NCD_BMI_PLUS2C,"Obesity among children and adolescents, BMI-for-age > +2 standard deviations above the median (crude estimate) (%)",2003,Both sexes,1.030167,0.67560701,1.5350248
CM_01,Number of under-five deaths,2023,Both sexes,220639.0,188536.0,259458.0
MORT_300,Distribution of causes of death among children aged < 5 years (%),2008,0-4 years of age,0.01591,,
MORT_100,"Number of deaths in children aged <5 years, by cause",2013,Both sexes,6988.49767,,
WHS8_110,Measles-containing-vaccine first-dose (MCV1) immunization coverage among 1-year-olds (%) (WUENIC),2022,,51.0,,
WHS4_128,Neonates protected at birth against neonatal tetanus (PAB) (%),2004,,61.0,,
NUTOVERWEIGHTNUM,"Overweight numbers among children under 5 years of age (thousands), model-based estimates",2011,Both sexes,776.5,675.2,892.4
MORT_100,"Number of deaths in children aged <5 years, by cause",2010,Both sexes,0.0,,
CM_04,Number of deaths among children ages 5 to 9 years,1996,Female,34115.0,30121.0,39220.0
NUTRITION_ANAEMIA_CHILDREN_PREV,Prevalence of anaemia in children aged 6-59 months (%),2003,Moderate,47.7,41.2,52.6
NUTRITION_ANAEMIA_CHILDREN_PREV,Prevalence of anaemia in children aged 6-59 months (%),2004,Both sexes,76.6,69.5,81.8
WHS3_62,Measles - number of reported cases,1980,,162106.0,,
MALARIA_EST_MORTALITY,Estimated malaria mortality rate (per 100 000 population),2000,,178.9915619,168.9870118,189.4360464
MORT_100,"Number of deaths in children aged <5 years, by cause",2015,Both sexes,30741.548576799,,
CM_01,Number of under-five deaths,2013,Both sexes,86072.0,77681.0,95383.0
MORT_300,Distribution of causes of death among children aged < 5 years (%),2004,0-27 days,0.0,,
CM_01,Number of under-five deaths,2015,Both sexes,85953.0,77072.0,95902.0
MDG_0000000001,Infant mortality rate (probability of dying between birth and age 1 per 1000 live births),2018,Female,62.136556627,56.778317304,68.168427049
CHILDVIOL,Indicator 16.2.1: Proportion of children aged 1-17 years who experienced any physical punishment and/or psychological aggression by caregivers in the past month,2021,Female,90.4,,
WHOSIS_000003,Neonatal mortality rate (per 1000 live births),1992,Both sexes,49.749979457,44.804211766,55.048992777
MORT_100,"Number of deaths in children aged <5 years, by cause",2020,Both sexes,134401.3156,,
NCD_BMI_MINUS2C,"Thinness among children and adolescents, BMI-for-age < -2 standard deviations below the median (%)",2018,Male,20.142999,15.008226,25.633895
MDG_0000000007,Under-five mortality rate (probability of dying by age 5 per 1000 live births),1991,Both sexes,117.681671658,103.213248833,134.183404766
CM_01,Number of under-five deaths,2008,Both sexes,221834.0,204293.0,240293.0
NUTRITION_ANAEMIA_CHILDREN_NUM,Number of children aged 6-59 months with anaemia (thousands),2003,Mild,5140.0,4440.0,5790.0
NCD_BMI_PLUS1C,"Overweight among children and adolescents, BMI-for-age > +1 standard deviations above the median (crude estimate) (%)",2010,Both sexes,6.0392193,5.1880244,6.9910452
NCD_BMI_PLUS2C,"Obesity among children and adolescents, BMI-for-age > +2 standard deviations above the median (crude estimate) (%)",1992,Male,0.27321607,0.044683274,0.84716463
MORT_100,"Number of deaths in children aged <5 years, by cause",2005,Both sexes,154915.0514,,
NCD_BMI_MINUS2C,"Thinness among children and adolescents, BMI-for-age < -2 standard deviations below the median (%)",1998,Female,8.8517889,6.1117318,11.990224
CM_02,Number of infant deaths,1968,Female,246381.0,217910.0,279036.0
NCD_BMI_PLUS2C,"Obesity among children and adolescents, BMI-for-age > +2 standard deviations above the median (crude estimate) (%)",2016,Both sexes,1.8485654,1.2410998,2.625649
NCD_BMI_PLUS2C,"Obesity among children and adolescents, BMI-for-age > +2 standard deviations above the median (crude estimate) (%)",2021,Male,4.0663246,1.5012607,8.2368702
WHOSIS_000003,Neonatal mortality rate (per 1000 live births),2021,Both sexes,39.283577741,33.97726532,45.558898935
SDGPOISON,Mortality rate attributed to unintentional poisoning (per 100 000 population),2004,Both sexes,0.963727563,0.573554914,1.468448321
MDG_0000000007,Under-five mortality rate (probability of dying by age 5 per 1000 live births),2016,Male,123.385428798,113.854692717,133.851558654
CHILDDEATH5TO14,Number of deaths among children 5 to 14 years of age,2023,Male,74608.0,61313.0,94331.0
WHOSIS_000003,Neonatal mortality rate (per 1000 live births),1968,Both sexes,71.138239281,60.495373695,84.174924478
NCD_BMI_PLUS2C,"Obesity among children and adolescents, BMI-for-age > +2 standard deviations above the median (crude estimate) (%)",2004,Female,1.3410579,0.87194098,1.9448394
NCD_BMI_PLUS2C,"Obesity among children and adolescents, BMI-for-age > +2 standard deviations above the median (crude estimate) (%)",2010,Male,2.6756886,1.3613001,4.5883507
CM_01,Number of under-five deaths,1998,Both sexes,936826.0,882412.0,996496.0
MDG_0000000007,Under-five mortality rate (probability of dying by age 5 per 1000 live births),1991,Male,215.902977169,201.323200551,231.134740336
NUTRITION_ANAEMIA_CHILDREN_PREV,Prevalence of anaemia in children aged 6-59 months (%),2006,Both sexes,75.0,67.8,80.4
WHOSIS_000003,Neonatal mortality rate (per 1000 live births),1969,Both sexes,69.899757521,59.683468165,82.352293376
WHOSIS_000003,Neonatal mortality rate (per 1000 live births),1979,Both sexes,54.709781967,48.07696098,62.010813216
WHS4_543,BCG immunization coverage among 1-year-olds (%) (WUENIC),2022,,67.0,,
NCD_BMI_PLUS1C,"Overweight among children and adolescents, BMI-for-age > +1 standard deviations above the median (crude estimate) (%)",2007,Both sexes,7.1273491,5.5498466,9.0008289
CM_01,Number of under-five deaths,2017,Both sexes,134638.0,121046.0,149559.0
MCV2,Measles-containing-vaccine second-dose (MCV2) immunization coverage by the locally recommended age (%) (WUENIC),2005,,0.0,,
WHS4_129,Hib (Hib3) immunization coverage among 1-year-olds (%) (WUENIC),2012,,10.0,,
MDG_0000000001,Infant mortality rate (probability of dying between birth and age 1 per 1000 live births),2012,Male,75.754788026,70.404284909,81.429850946
WHS8_110,Measles-containing-vaccine first-dose (MCV1) immunization coverage among 1-year-olds (%) (WUENIC),2003,,34.0,,
WHS3_49,Poliomyelitis - number of reported cases,1983,,392.0,,
MDG_0000000001,Infant mortality rate (probability of dying between birth and age 1 per 1000 live births),1966,Both sexes,163.476267931,143.69196124,187.048864396
WHS4_129,Hib (Hib3) immunization coverage among 1-year-olds (%) (WUENIC),2022,,55.0,,
VACCINECOVERAGE_YFV,Yellow fever vaccine (YFV) immunization coverage among 1-year olds (%),2008,,50.0,,
NCD_BMI_PLUS2C,"Obesity among children and adolescents, BMI-for-age > +2 standard deviations above the median (crude estimate) (%)",2008,Female,2.036,1.340845,2.916578
MDG_0000000001,Infant mortality rate (probability of dying between birth and age 1 per 1000 live births),2005,Both sexes,80.027341807,75.351993792,85.015443369
CM_02,Number of infant deaths,1995,Female,221325.0,207347.0,236313.0
NCD_BMI_MINUS2C,"Thinness among children and adolescents, BMI-for-age < -2 standard deviations below the median (%)",2000,Female,8.4486969,6.1976284,10.926909
NCD_BMI_MINUS2C,"Thinness among children and adolescents, BMI-for-age < -2 standard deviations below the median (%)",1996,Male,21.325521,14.720336,28.347906
NCD_BMI_PLUS2C,"Obesity among children and adolescents, BMI-for-age > +2 standard deviations above the median (crude estimate) (%)",1990,Male,0.2244975,0.029056185,0.75681712
NCD_BMI_MINUS2C,"Thinness among children and adolescents, BMI-for-age < -2 standard deviations below the median (%)",2017,Female,8.9756064,6.602601,11.698091
NCD_BMI_PLUS2C,"Obesity among children and adolescents, BMI-for-age > +2 standard deviations above the median (crude estimate) (%)",1997,Male,0.65316255,0.18031707,1.6059045
MORT_300,Distribution of causes of death among children aged < 5 years (%),2016,0-27 days,0.31597,,
CHILDMORT5TO14,Mortality rate for 5-14 year-olds (probability of dying per 1000 children aged 5-14 years),2017,Both sexes,22.507236074,19.919631014,25.522882961
CM_03,Number of neonatal deaths,1994,Both sexes,235958.0,212970.0,260451.0
CHILDMORT5TO14,Mortality rate for 5-14 year-olds (probability of dying per 1000 children aged 5-14 years),2022,Male,23.689734691,19.646588833,29.179530604
MORT_100,"Number of deaths in children aged <5 years, by cause",2021,Both sexes,14804.916590964,,
MORT_300,Distribution of causes of death among children aged < 5 years (%),2012,0-4 years of age,0.03941,,
MORT_300,Distribution of causes of death among children aged < 5 years (%),2012,0-27 days,0.0392,,
NCD_BMI_PLUS2C,"Obesity among children and adolescents, BMI-for-age > +2 standard deviations above the median (crude estimate) (%)",1993,Both sexes,0.46403036,0.20378805,0.90493169
WHS8_110,Measles-containing-vaccine first-dose (MCV1) immunization coverage among 1-year-olds (%) (WUENIC),2016,,48.0,,
NCD_BMI_PLUS1C,"Overweight among children and adolescents, BMI-for-age > +1 standard deviations above the median (crude estimate) (%)",1992,Male,2.3806628,1.0588871,4.3919858
CHILDDEATH5TO14,Number of deaths among children 5 to 14 years of age,2017,Female,58983.0,52248.0,66776.0
NUTRITION_ANAEMIA_CHILDREN_NUM,Number of children aged 6-59 months with anaemia (thousands),2008,Both sexes,19427.613,17554.0,20809.0
MORT_300,Distribution of causes of death among children aged < 5 years (%),2001,1-59 months,0.25554,,
CM_01,Number of under-five deaths,1994,Both sexes,221106.0,197705.0,246466.0
NCD_BMI_PLUS1C,"Overweight among children and adolescents, BMI-for-age > +1 standard deviations above the median (crude estimate) (%)",2006,Male,3.8542282,2.6334219,5.3537525
MALARIA_EST_MORTALITY,Estimated malaria mortality rate (per 100 000 population),2005,,144.6751994,135.7879638,153.9492684
MORT_300,Distribution of causes of death among children aged < 5 years (%),2003,1-59 months,0.02472,,
NCD_BMI_PLUS2C,"Obesity among children and adolescents, BMI-for-age > +2 standard deviations above the median (crude estimate) (%)",2008,Male,2.4255266,1.1746135,4.3154582
MORT_300,Distribution of causes of death among children aged < 5 years (%),2013,0-27 days,0.06053,,
CM_02,Number of infant deaths,2013,Both sexes,493174.0,458808.0,530082.0
CM_01,Number of under-five deaths,1995,Both sexes,168395.0,150803.0,188462.0
NCD_BMI_MINUS2C,"Thinness among children and adolescents, BMI-for-age < -2 standard deviations below the median (%)",2007,Female,8.5331745,6.6263467,10.605048
WHS3_49,Poliomyelitis - number of reported cases,2002,,202.0,,
NCD_BMI_PLUS2C,"Obesity among children and adolescents, BMI-for-age > +2 standard deviations above the median (crude estimate) (%)",2022,Female,2.8840577,1.2338757,5.4704938
CHILDMORT5TO14,Mortality rate for 5-14 year-olds (probability of dying per 1000 children aged 5-14 years),1993,Female,34.428117161,29.846507628,40.415720416
CM_02,Number of infant deaths,1986,Male,219768.0,203449.0,237041.0
MORT_300,Distribution of causes of death among children aged < 5 years (%),2017,1-59 months,0.0,,
NUTRITION_ANAEMIA_CHILDREN_NUM,Number of children aged 6-59 months with anaemia (thousands),2014,Severe,1350.0,991.0,1760.0
MDG_0000000007,Under-five mortality rate (probability of dying by age 5 per 1000 live births),2017,Both sexes,58.916750412,52.405565518,66.343080716
NCD_BMI_PLUS2C,"Obesity among children and adolescents, BMI-for-age > +2 standard deviations above the median (crude estimate) (%)",2002,Male,1.5627202,0.58595985,3.2278314
NUTOVERWEIGHTNUM,"Overweight numbers among children under 5 years of age (thousands), model-based estimates",2023,Male,275.6,210.9,362.2
NUTRITION_ANAEMIA_CHILDREN_PREV,Prevalence of anaemia in children aged 6-59 months (%),2005,Severe,6.5,4.3,9.1
MALARIA_EST_MORTALITY,Estimated malaria mortality rate (per 100 000 population),2008,,140.1757545,130.5656631,150.2014683
NUTOVERWEIGHTNUM,"Overweight numbers among children under 5 years of age (thousands), model-based estimates",2008,Both sexes,982.0,833.8,1155.3
NUTOVERWEIGHTNUM,"Overweight numbers among children under 5 years of age (thousands), model-based estimates",2019,Female,220.2,195.1,250.1
CM_01,Number of under-five deaths,2009,Both sexes,219328.0,201110.0,238454.0
CM_02,Number of infant deaths,1966,Male,205348.0,180502.0,234880.0
MORT_300,Distribution of causes of death among children aged < 5 years (%),2017,0-27 days,0.00137,,
MDG_0000000007,Under-five mortality rate (probability of dying by age 5 per 1000 live births),2009,Both sexes,103.932149588,94.90713243,113.783513392
CM_01,Number of under-five deaths,1971,Male,358818.0,321070.0,400926.0
CM_01,Number of under-five deaths,2012,Both sexes,223079.0,203995.0,243473.0
MORT_100,"Number of deaths in children aged <5 years, by cause",2008,Both sexes,2176.15903,,
CM_01,Number of under-five deaths,1996,Both sexes,204872.0,189169.0,221992.0
CHILDMORT5TO14,Mortality rate for 5-14 year-olds (probability of dying per 1000 children aged 5-14 years),2021,Both sexes,22.374801063,18.953951887,26.767911786
NCD_BMI_PLUS1C,"Overweight among children and adolescents, BMI-for-age > +1 standard deviations above the median (crude estimate) (%)",2012,Both sexes,6.2657245,5.3697504,7.2650224
NCD_BMI_PLUS1C,"Overweight among children and adolescents, BMI-for-age > +1 standard deviations above the median (crude estimate) (%)",2011,Male,5.8598381,4.2646907,7.728868
CM_02,Number of infant deaths,1983,Female,172237.0,157442.0,187330.0
CM_01,Number of under-five deaths,1991,Male,465916.0,434749.0,498290.0
SDGPOISON,Mortality rate attributed to unintentional poisoning (per 100 000 population),2012,Both sexes,1.024325374,0.623160092,1.510139242
MORT_100,"Number of deaths in children aged <5 years, by cause",2019,Both sexes,41580.216110246,,
NCD_BMI_MINUS2C,"Thinness among children and adolescents, BMI-for-age < -2 standard deviations below the median (%)",2003,Male,16.606033,11.694635,21.986559
MORT_300,Distribution of causes of death among children aged < 5 years (%),2014,0-4 years of age,0.05166,,
MORT_100,"Number of deaths in children aged <5 years, by cause",2014,Both sexes,14255.6882,,
MORT_300,Distribution of causes of death among children aged < 5 years (%),2000,0-4 years of age,0.15091,,
ROTAC,Rotavirus vaccines completed dose (RotaC) immunization coverage among 1-year-olds (%),2021,,0.0,,
MORT_100,"Number of deaths in children aged <5 years, by cause",2003,Both sexes,69352.60982,,
NCD_BMI_MINUS2C,"Thinness among children and adolescents, BMI-for-age < -2 standard deviations below the median (%)",2014,Male,11.056097,7.4348748,15.306258
MORT_300,Distribution of causes of death among children aged < 5 years (%),2001,0-4 years of age,0.19061,,
NCD_BMI_PLUS1C,"Overweight among children and adolescents, BMI-for-age > +1 standard deviations above the median (crude estimate) (%)",2006,Female,7.1007036,5.9538577,8.3454259
NCD_BMI_PLUS1C,"Overweight among children and adolescents, BMI-for-age > +1 standard deviations above the median (crude estimate) (%)",2016,Both sexes,6.7634128,5.5887748,8.0486991
NCD_BMI_PLUS1C,"Overweight among children and adolescents, BMI-for-age > +1 standard deviations above the median (crude estimate) (%)",1997,Male,2.9664002,1.5914364,4.8591118
CM_01,Number of under-five deaths,2022,Female,398385.0,352026.0,451008.0
CHILDMORT5TO14,Mortality rate for 5-14 year-olds (probability of dying per 1000 children aged 5-14 years),1999,Male,32.190313693,28.714860476,36.545815067
MDG_0000000007,Under-five mortality rate (probability of dying by age 5 per 1000 live births),2015,Both sexes,155.728433807,142.022512816,170.853838398
CHILDDEATH5TO14,Number of deaths among children 5 to 14 years of age,2011,Both sexes,113599.0,102953.0,124840.0
MORT_300,Distribution of causes of death among children aged < 5 years (%),2004,0-4 years of age,0.02674,,
VACCINECOVERAGE_MENA_C,Meningococcal A conjugate (MENGA) vaccine immunization coverage (%) (WUENIC),2022,,48.0,,
NCD_BMI_MINUS2C,"Thinness among children and adolescents, BMI-for-age < -2 standard deviations below the median (%)",2016,Female,9.4805092,6.4388514,13.080896
NCD_BMI_MINUS2C,"Thinness among children and adolescents, BMI-for-age < -2 standard deviations below the median (%)",1995,Male,13.289778,7.7472039,19.958137
NCD_BMI_PLUS1C,"Overweight among children and adolescents, BMI-for-age > +1 standard deviations above the median (crude estimate) (%)",2015,Both sexes,6.6251755,5.5349983,7.8131594
NUTRITION_ANAEMIA_CHILDREN_NUM,Number of children aged 6-59 months with anaemia (thousands),2014,Mild,7800.0,7300.0,8240.0
NCD_BMI_PLUS2C,"Obesity among children and adolescents, BMI-for-age > +2 standard deviations above the median (crude estimate) (%)",2003,Male,0.8062887,0.32571668,1.6210666
NUTRITION_ANAEMIA_CHILDREN_NUM,Number of children aged 6-59 months with anaemia (thousands),2003,Severe,1700.0,1130.0,2310.0
NCD_BMI_PLUS1C,"Overweight among children and adolescents, BMI-for-age > +1 standard deviations above the median (crude estimate) (%)",2014,Both sexes,8.3334863,6.5113105,10.385894
NCD_BMI_PLUS1C,"Overweight among children and adolescents, BMI-for-age > +1 standard deviations above the median (crude estimate) (%)",2022,Both sexes,8.5656121,6.1622377,11.472644
CM_03,Number of neonatal deaths,1998,Both sexes,249684.0,226998.0,274256.0
MORT_300,Distribution of causes of death among children aged < 5 years (%),2000,0-27 days,0.10215,,
NUTRITION_ANAEMIA_CHILDREN_PREV,Prevalence of anaemia in children aged 6-59 months (%),2015,Mild,25.8,24.3,27.2
WHS3_62,Measles - number of reported cases,1985,,161768.0,,
CM_02,Number of infant deaths,1975,Both sexes,369738.0,332910.0,410021.0
CM_02,Number of infant deaths,2005,Female,216761.0,203478.0,230534.0
CM_04,Number of deaths among children ages 5 to 9 years,2022,Both sexes,87044.0,74380.0,100259.0
CM_02,Number of infant deaths,2012,Female,217607.0,201652.0,234014.0
CHILDMORT5TO14,Mortality rate for 5-14 year-olds (probability of dying per 1000 children aged 5-14 years),1996,Both sexes,33.38907463,29.628009153,38.468964412
WHS4_129,Hib (Hib3) immunization coverage among 1-year-olds (%) (WUENIC),2011,,0.0,,
NCD_BMI_PLUS1C,"Overweight among children and adolescents, BMI-for-age > +1 standard deviations above the median (crude estimate) (%)",2021,Male,9.9966735,5.8186311,15.166619
CHILDDEATH5TO14,Number of deaths among children 5 to 14 years of age,2021,Male,73156.0,62278.0,87161.0
MDG_0000000001,Infant mortality rate (probability of dying between birth and age 1 per 1000 live births),2019,Both sexes,69.115973409,63.178909895,75.689895418
NCD_BMI_PLUS2C,"Obesity among children and adolescents, BMI-for-age > +2 standard deviations above the median (crude estimate) (%)",2014,Female,3.0540068,1.6851436,4.9207926
MDG_0000000007,Under-five mortality rate (probability of dying by age 5 per 1000 live births),1984,Male,215.236171908,198.393819809,233.266740074
CM_02,Number of infant deaths,1969,Both sexes,522359.0,467660.0,585797.0
NCD_BMI_PLUS1C,"Overweight among children and adolescents, BMI-for-age > +1 standard deviations above the median (crude estimate) (%)",2001,Male,2.9246358,1.7564062,4.4586826
CHILDDEATH5TO14,Number of deaths among children 5 to 14 years of age,1991,Male,53509.0,46746.0,61647.0
CM_04,Number of deaths among children ages 5 to 9 years,1991,Male,37314.0,32397.0,43373.0
CM_04,Number of deaths among children ages 5 to 9 years,2001,Male,37494.0,33799.0,42117.0
MDG_0000000001,Infant mortality rate (probability of dying between birth and age 1 per 1000 live births),1992,Both sexes,104.701306135,98.025813022,111.753709308
MORT_300,Distribution of causes of death among children aged < 5 years (%),2014,1-59 months,0.04326,,
MALARIA_EST_MORTALITY,Estimated malaria mortality rate (per 100 000 population),2022,,84.1099024,62.9891155,117.063949
MORT_300,Distribution of causes of death among children aged < 5 years (%),2011,1-59 months,0.01881,,
MDG_0000000001,Infant mortality rate (probability of dying between birth and age 1 per 1000 live births),1974,Female,118.932716669,105.596217552,133.356192751
NUTRITION_ANAEMIA_CHILDREN_NUM,Number of children aged 6-59 months with anaemia (thousands),2000,Moderate,10500.0,9110.0,11500.0
WHOSIS_000016,Mortality rate among children ages 5 to 9 years (per 1000 children aged 5),2005,Female,16.856167682,15.32862265,18.599934609
CM_01,Number of under-five deaths,1983,Both sexes,749908.0,690710.0,812339.0
WHS3_49,Poliomyelitis - number of reported cases,1997,,383.0,,
NCD_BMI_PLUS2C,"Obesity among children and adolescents, BMI-for-age > +2 standard deviations above the median (crude estimate) (%)",2022,Both sexes,3.9991464,1.9890992,6.8675824
NCD_BMI_MINUS2C,"Thinness among children and adolescents, BMI-for-age < -2 standard deviations below the median (%)",2008,Male,15.859789,11.77781,20.293795
CM_04,Number of deaths among children ages 5 to 9 years,1990,Female,34315.0,29476.0,40042.0
CM_01,Number of under-five deaths,1985,Both sexes,777645.0,720442.0,838610.0
MDG_0000000007,Under-five mortality rate (probability of dying by age 5 per 1000 live births),1970,Female,376.876735713,334.582102967,425.055311856
CM_01,Number of under-five deaths,2016,Both sexes,86181.0,76827.0,96481.0
MDG_0000000007,Under-five mortality rate (probability of dying by age 5 per 1000 live births),1973,Both sexes,259.760012725,231.9820177,290.670060658
WHS3_62,Measles - number of reported cases,2005,,110927.0,,
CM_01,Number of under-five deaths,1973,Female,323638.0,289049.0,361031.0
MORT_300,Distribution of causes of death among children aged < 5 years (%),2003,0-4 years of age,0.14553,,
WHS4_128,Neonates protected at birth against neonatal tetanus (PAB) (%),2007,,63.0,,
NUTRITION_ANAEMIA_CHILDREN_NUM,Number of children aged 6-59 months with anaemia (thousands),2004,Severe,1650.0,1080.0,2270.0
SDGPOISON,Mortality rate attributed to unintentional poisoning (per 100 000 population),2019,Male,1.018379726,0.618511562,1.549909316
CM_01,Number of under-five deaths,2021,Male,454211.0,406489.0,506792.0
NCD_BMI_MINUS2C,"Thinness among children and adolescents, BMI-for-age < -2 standard deviations below the median (%)",1998,Both sexes,14.776705,11.394822,18.373188
CM_02,Number of infant deaths,1992,Both sexes,460348.0,431535.0,490773.0
CM_04,Number of deaths among children ages 5 to 9 years,2020,Male,46269.0,39897.0,53204.0
NCD_BMI_PLUS2C,"Obesity among children and adolescents, BMI-for-age > +2 standard deviations above the median (crude estimate) (%)",1998,Both sexes,1.3085844,0.67022708,2.2585478
CM_02,Number of infant deaths,1965,Female,172856.0,148647.0,201337.0
NUTRITION_ANAEMIA_CHILDREN_PREV,Prevalence of anaemia in children aged 6-59 months (%),2016,Moderate,40.8,36.2,44.7
CM_04,Number of deaths among children ages 5 to 9 years,1998,Female,34005.0,30308.0,38661.0
MORT_300,Distribution of causes of death among children aged < 5 years (%),2007,1-59 months,0.09661,,
MORT_300,Distribution of causes of death among children aged < 5 years (%),2011,0-27 days,0.13019,,
MORT_100,"Number of deaths in children aged <5 years, by cause",2018,Both sexes,6441.12208,,
WHS4_129,Hib (Hib3) immunization coverage among 1-year-olds (%) (WUENIC),2010,,0.0,,
CM_01,Number of under-five deaths,2003,Both sexes,153470.0,140535.0,167352.0
MORT_100,"Number of deaths in children aged <5 years, by cause",2009,Both sexes,0.0,,
WHOSIS_000003,Neonatal mortality rate (per 1000 live births),2007,Both sexes,38.779099249,35.173350188,42.645079619
MDG_0000000001,Infant mortality rate (probability of dying between birth and age 1 per 1000 live births),2008,Male,81.187104488,75.988405702,86.596711627
NCD_BMI_PLUS1C,"Overweight among children and adolescents, BMI-for-age > +1 standard deviations above the median (crude estimate) (%)",2017,Female,8.2978107,6.5153606,10.300365
MORT_300,Distribution of causes of death among children aged < 5 years (%),2005,1-59 months,0.04128,,
CM_02,Number of infant deaths,2011,Male,273814.0,254921.0,293513.0
NCD_BMI_MINUS2C,"Thinness among children and adolescents, BMI-for-age < -2 standard deviations below the median (%)",1998,Male,12.681016,7.6140359,18.771529
SDGPOISON,Mortality rate attributed to unintentional poisoning (per 100 000 population),2014,Male,1.08205173,0.64340297,1.663413884
CHILDMORT5TO14,Mortality rate for 5-14 year-olds (probability of dying per 1000 children aged 5-14 years),2004,Male,28.496028697,25.585479383,31.676945053
WHS3_49,Poliomyelitis - number of reported cases,2009,,543.0,,
NUTRITION_ANAEMIA_CHILDREN_PREV,Prevalence of anaemia in children aged 6-59 months (%),2000,Mild,21.1,17.9,24.2
NCD_BMI_PLUS1C,"Overweight among children and adolescents, BMI-for-age > +1 standard deviations above the median (crude estimate) (%)",2008,Both sexes,7.3452801,5.7587519,9.2237964
WHOSIS_000016,Mortality rate among children ages 5 to 9 years (per 1000 children aged 5),2013,Both sexes,14.442666232,13.046895535,15.911215136
CHILDMORT5TO14,Mortality rate for 5-14 year-olds (probability of dying per 1000 children aged 5-14 years),2007,Male,26.844156167,24.123087344,29.801506885
MDG_0000000007,Under-five mortality rate (probability of dying by age 5 per 1000 live births),1999,Male,191.77471026,180.478124335,203.990765548
MCV2,Measles-containing-vaccine second-dose (MCV2) immunization coverage by the locally recommended age (%) (WUENIC),2023,,33.0,,
CM_01,Number of under-five deaths,1974,Both sexes,696165.0,624639.0,773621.0
CM_01,Number of under-five deaths,2019,Both sexes,223014.0,199335.0,248348.0
NCD_BMI_MINUS2C,"Thinness among children and adolescents, BMI-for-age < -2 standard deviations below the median (%)",2020,Male,20.558251,14.47179,27.193123
CM_01,Number of under-five deaths,1977,Female,328749.0,296644.0,362761.0
MDG_0000000001,Infant mortality rate (probability of dying between birth and age 1 per 1000 live births),1998,Both sexes,100.170772186,94.309726511,106.615633748
MDG_0000000007,Under-five mortality rate (probability of dying by age 5 per 1000 live births),2018,Both sexes,59.276885944,52.562399917,67.009928562
CM_04,Number of deaths among children ages 5 to 9 years,2012,Male,40105.0,36031.0,44511.0
NCD_BMI_PLUS2C,"Obesity among children and adolescents, BMI-for-age > +2 standard deviations above the median (crude estimate) (%)",2005,Both sexes,1.5704213,1.0544302,2.2638101
MORT_300,Distribution of causes of death among children aged < 5 years (%),2005,0-27 days,0.01442,,
CHILDDEATH5TO14,Number of deaths among children 5 to 14 years of age,2016,Both sexes,123945.0,111122.0,138218.0
MDG_0000000001,Infant mortality rate (probability of dying between birth and age 1 per 1000 live births),1985,Female,94.656322277,87.057420793,102.574724799
NCD_BMI_PLUS2C,"Obesity among children and adolescents, BMI-for-age > +2 standard deviations above the median (crude estimate) (%)",1991,Female,0.9749406,0.27942024,2.3216331
CM_01,Number of under-five deaths,2014,Both sexes,86032.0,77370.0,95697.0
NCD_BMI_PLUS1C,"Overweight among children and adolescents, BMI-for-age > +1 standard deviations above the median (crude estimate) (%)",2017,Both sexes,8.8930294,6.7603268,11.334731
NCD_BMI_PLUS1C,"Overweight among children and adolescents, BMI-for-age > +1 standard deviations above the median (crude estimate) (%)",1999,Female,5.7375215,4.2888012,7.38208
CM_01,Number of under-five deaths,2012,Male,458171.0,426246.0,491942.0
NCD_BMI_MINUS2C,"Thinness among children and adolescents, BMI-for-age < -2 standard deviations below the median (%)",2004,Male,19.547631,14.313954,25.17975
CM_04,Number of deaths among children ages 5 to 9 years,2023,Female,39882.0,33131.0,46985.0
CHILDDEATH5TO14,Number of deaths among children 5 to 14 years of age,2002,Male,54665.0,49465.0,60682.0
NCD_BMI_PLUS2C,"Obesity among children and adolescents, BMI-for-age > +2 standard deviations above the median (crude estimate) (%)",2011,Male,2.7857898,1.4469368,4.7637999
NUTRITION_ANAEMIA_CHILDREN_NUM,Number of children aged 6-59 months with anaemia (thousands),2004,Both sexes,18116.006,16429.0,19350.0
NCD_BMI_PLUS2C,"Obesity among children and adolescents, BMI-for-age > +2 standard deviations above the median (crude estimate) (%)",1998,Male,0.71938471,0.21511156,1.6835207
CM_04,Number of deaths among children ages 5 to 9 years,2021,Both sexes,86560.0,74752.0,98956.0
NCD_BMI_MINUS2C,"Thinness among children and adolescents, BMI-for-age < -2 standard deviations below the median (%)",1994,Both sexes,15.336363,11.492147,19.479749
WHS4_543,BCG immunization coverage among 1-year-olds (%) (WUENIC),2000,,44.0,,
NUTRITION_ANAEMIA_CHILDREN_NUM,Number of children aged 6-59 months with anaemia (thousands),2016,Moderate,13000.0,11500.0,14200.0
NCD_BMI_MINUS2C,"Thinness among children and adolescents, BMI-for-age < -2 standard deviations below the median (%)",2004,Female,8.5784733,6.5006323,10.91344
CM_01,Number of under-five deaths,1994,Male,489678.0,460105.0,522048.0
MORT_300,Distribution of causes of death among children aged < 5 years (%),2016,0-4 years of age,0.05021,,
MORT_300,Distribution of causes of death among children aged < 5 years (%),2013,0-4 years of age,0.00983,,
MDG_0000000007,Under-five mortality rate (probability of dying by age 5 per 1000 live births),2007,Female,128.476894038,120.554365129,136.876362169
WHS3_49,Poliomyelitis - number of reported cases,1999,,981.0,,
CM_01,Number of under-five deaths,2016,Male,459378.0,423769.0,498051.0
MDG_0000000001,Infant mortality rate (probability of dying between birth and age 1 per 1000 live births),1981,Male,112.266506755,102.347820329,123.060804254
MORT_300,Distribution of causes of death among children aged < 5 years (%),2006,1-59 months,0.04514,,
MORT_300,Distribution of causes of death among children aged < 5 years (%),2010,1-59 months,0.0188,,
MDG_0000000007,Under-five mortality rate (probability of dying by age 5 per 1000 live births),1996,Male,206.541595727,194.065488498,220.259303086
MORT_300,Distribution of causes of death among children aged < 5 years (%),2009,0-27 days,0.0,,
NUTRITION_ANAEMIA_CHILDREN_NUM,Number of children aged 6-59 months with anaemia (thousands),2019,Both sexes,23027.863,20444.0,25083.0
WHOSIS_000003,Neonatal mortality rate (per 1000 live births),1975,Both sexes,59.953634214,52.024061322,69.135718153
MORT_300,Distribution of causes of death among children aged < 5 years (%),2008,1-59 months,0.01647,,
NCD_BMI_MINUS2C,"Thinness among children and adolescents, BMI-for-age < -2 standard deviations below the median (%)",2001,Male,12.043393,7.301423,17.692804
CM_01,Number of under-five deaths,1991,Both sexes,158305.0,140455.0,178128.0
MORT_300,Distribution of causes of death among children aged < 5 years (%),2002,0-4 years of age,0.01706,,
WHS4_129,Hib (Hib3) immunization coverage among 1-year-olds (%) (WUENIC),2006,,0.0,,
MDG_0000000001,Infant mortality rate (probability of dying between birth and age 1 per 1000 live births),1968,Female,207.144881042,182.746517136,235.594425447
MORT_300,Distribution of causes of death among children aged < 5 years (%),2004,1-59 months,0.03658,,
CM_02,Number of infant deaths,1993,Female,211519.0,197972.0,226096.0
CHILDMORT5TO14,Mortality rate for 5-14 year-olds (probability of dying per 1000 children aged 5-14 years),2009,Female,24.093311997,21.483031589,26.779930743
CHILDMORT5TO14,Mortality rate for 5-14 year-olds (probability of dying per 1000 children aged 5-14 years),2014,Male,23.997979785,21.273911683,26.90460649
SDGPOISON,Mortality rate attributed to unintentional poisoning (per 100 000 population),2002,Female,0.669304773,0.387821178,1.006064454
MDG_0000000007,Under-five mortality rate (probability of dying by age 5 per 1000 live births),2023,Both sexes,127.133367337,109.797232102,147.39458156
CM_02,Number of infant deaths,2015,Both sexes,498939.0,462242.0,538715.0
CM_04,Number of deaths among children ages 5 to 9 years,2005,Male,37781.0,34354.0,41735.0
MDG_0000000007,Under-five mortality rate (probability of dying by age 5 per 1000 live births),1985,Male,215.609579189,199.299316871,233.33836065
NCD_BMI_PLUS1C,"Overweight among children and adolescents, BMI-for-age > +1 standard deviations above the median (crude estimate) (%)",1991,Male,3.0357823,1.2782891,5.7914458
NCD_BMI_PLUS2C,"Obesity among children and adolescents, BMI-for-age > +2 standard deviations above the median (crude estimate) (%)",2005,Male,1.9893734,0.8549951,3.7508387
MORT_100,"Number of deaths in children aged <5 years, by cause",2017,Both sexes,179409.271156266,,
NCD_BMI_PLUS2C,"Obesity among children and adolescents, BMI-for-age > +2 standard deviations above the median (crude estimate) (%)",1996,Both sexes,0.78886915,0.39809183,1.4061835
NCD_BMI_MINUS2C,"Thinness among children and adolescents, BMI-for-age < -2 standard deviations below the median (%)",1997,Male,21.099624,14.635222,27.889711
NCD_BMI_MINUS2C,"Thinness among children and adolescents, BMI-for-age < -2 standard deviations below the median (%)",2022,Both sexes,11.268723,7.6426342,15.737708
WHS3_56,Neonatal tetanus - number of reported cases,1998,,1871.0,,
NCD_BMI_PLUS2C,"Obesity among children and adolescents, BMI-for-age > +2 standard deviations above the median (crude estimate) (%)",2022,Male,4.2412125,1.4398466,8.8305533
ROTAC,Rotavirus vaccines completed dose (RotaC) immunization coverage among 1-year-olds (%),2014,,0.0,,
ROTAC,Rotavirus vaccines completed dose (RotaC) immunization coverage among 1-year-olds (%),2016,,0.0,,
CM_04,Number of deaths among children ages 5 to 9 years,2000,Both sexes,71683.0,65207.0,80134.0
MCV2,Measles-containing-vaccine second-dose (MCV2) immunization coverage by the locally recommended age (%) (WUENIC),2017,,0.0,,
CM_04,Number of deaths among children ages 5 to 9 years,2021,Female,39767.0,33855.0,46056.0
WHOSIS_000016,Mortality rate among children ages 5 to 9 years (per 1000 children aged 5),1991,Both sexes,24.14186498,21.223437061,27.72113408
NCD_BMI_PLUS1C,"Overweight among children and adolescents, BMI-for-age > +1 standard deviations above the median (crude estimate) (%)",2003,Both sexes,6.1273459,4.6028204,7.9365909
MDG_0000000007,Under-five mortality rate (probability of dying by age 5 per 1000 live births),1999,Both sexes,164.258901657,148.736049894,181.205527838
MDG_0000000001,Infant mortality rate (probability of dying between birth and age 1 per 1000 live births),1991,Male,113.199933326,105.457017731,121.186880427
ROTAC,Rotavirus vaccines completed dose (RotaC) immunization coverage among 1-year-olds (%),2018,,0.0,,
CM_04,Number of deaths among children ages 5 to 9 years,2013,Male,40698.0,36391.0,45340.0
MORT_300,Distribution of causes of death among children aged < 5 years (%),2006,0-4 years of age,0.11801,,
CM_02,Number of infant deaths,2000,Male,280352.0,263893.0,297517.0
CM_01,Number of under-five deaths,1985,Male,414607.0,383293.0,448107.0
NUTRITION_ANAEMIA_CHILDREN_NUM,Number of children aged 6-59 months with anaemia (thousands),2009,Moderate,11700.0,10100.0,13000.0
WHS4_117,Hepatitis B (HepB3) immunization coverage among 1-year-olds (%) (WUENIC),2024,,63.0,,
WHOSIS_000016,Mortality rate among children ages 5 to 9 years (per 1000 children aged 5),2004,Both sexes,17.882371775,16.436047001,19.61595555
MDG_0000000001,Infant mortality rate (probability of dying between birth and age 1 per 1000 live births),1965,Female,155.90022,133.529372908,182.63225471
MDG_0000000001,Infant mortality rate (probability of dying between birth and age 1 per 1000 live births),2007,Both sexes,75.595673198,70.985404893,80.426558803
NCD_BMI_PLUS2C,"Obesity among children and adolescents, BMI-for-age > +2 standard deviations above the median (crude estimate) (%)",1993,Male,0.30135349,0.054384995,0.90310881
WHS4_117,Hepatitis B (HepB3) immunization coverage among 1-year-olds (%) (WUENIC),2015,,42.0,,
CM_01,Number of under-five deaths,1977,Both sexes,703060.0,636941.0,773873.0
MDG_0000000001,Infant mortality rate (probability of dying between birth and age 1 per 1000 live births),1980,Female,98.335540424,88.989980574,108.189828546
WHS3_56,Neonatal tetanus - number of reported cases,2010,,176.0,,
CM_01,Number of under-five deaths,2008,Male,459949.0,430788.0,490073.0
NCD_BMI_PLUS2C,"Obesity among children and adolescents, BMI-for-age > +2 standard deviations above the median (crude estimate) (%)",1991,Both sexes,0.76774023,0.28602949,1.6341101
WHOSIS_000003,Neonatal mortality rate (per 1000 live births),1977,Both sexes,57.269342185,50.099886742,65.479420581
MDG_0000000001,Infant mortality rate (probability of dying between birth and age 1 per 1000 live births),2023,Both sexes,70.130311353,61.113004319,80.759944332
NCD_BMI_PLUS2C,"Obesity among children and adolescents, BMI-for-age > +2 standard deviations above the median (crude estimate) (%)",2009,Both sexes,2.6476003,1.7319353,3.8454894
MDG_0000000007,Under-five mortality rate (probability of dying by age 5 per 1000 live births),1978,Female,213.017060021,192.215730916,234.675826718
NCD_BMI_PLUS2C,"Obesity among children and adolescents, BMI-for-age > +2 standard deviations above the median (crude estimate) (%)",2019,Both sexes,3.6101345,2.0642554,5.7482246
MDG_0000000001,Infant mortality rate (probability of dying between birth and age 1 per 1000 live births),1988,Male,112.377116,104.376474229,120.923026189
SDGPOISON,Mortality rate attributed to unintentional poisoning (per 100 000 population),2000,Male,1.123374509,0.658260591,1.790232444
MDG_0000000007,Under-five mortality rate (probability of dying by age 5 per 1000 live births),2001,Both sexes,150.291857175,136.992490305,164.624376656
WHOSIS_000016,Mortality rate among children ages 5 to 9 years (per 1000 children aged 5),1993,Female,22.581006418,19.711814595,26.182007863
WHS4_129,Hib (Hib3) immunization coverage among 1-year-olds (%) (WUENIC),2000,,0.0,,
WHS4_129,Hib (Hib3) immunization coverage among 1-year-olds (%) (WUENIC),2003,,0.0,,
WHOSIS_000016,Mortality rate among children ages 5 to 9 years (per 1000 children aged 5),2002,Male,19.439450648,17.59321542,21.684228088
MDG_0000000007,Under-five mortality rate (probability of dying by age 5 per 1000 live births),2020,Both sexes,153.1475864,136.140188371,172.214472343
CM_01,Number of under-five deaths,2021,Both sexes,850762.0,762526.0,948657.0
SDGPOISON,Mortality rate attributed to unintentional poisoning (per 100 000 population),2009,Male,1.233159679,0.727911405,1.875646404
CM_04,Number of deaths among children ages 5 to 9 years,2018,Female,38759.0,33852.0,44043.0
NUTRITION_ANAEMIA_CHILDREN_NUM,Number of children aged 6-59 months with anaemia (thousands),2005,Severe,1590.0,1040.0,2210.0
MORT_100,"Number of deaths in children aged <5 years, by cause",2012,Both sexes,11697.83008,,
MDG_0000000007,Under-five mortality rate (probability of dying by age 5 per 1000 live births),1990,Male,216.796384442,201.976417292,232.363776108
CM_01,Number of under-five deaths,1972,Both sexes,684379.0,613010.0,763823.0
MORT_300,Distribution of causes of death among children aged < 5 years (%),2007,0-4 years of age,0.11019,,
CM_02,Number of infant deaths,2004,Female,219291.0,205972.0,233142.0
NCD_BMI_MINUS2C,"Thinness among children and adolescents, BMI-for-age < -2 standard deviations below the median (%)",2022,Female,10.293328,5.8908902,15.743965
WHS4_543,BCG immunization coverage among 1-year-olds (%) (WUENIC),2012,,51.0,,
SDGPOISON,Mortality rate attributed to unintentional poisoning (per 100 000 population),2003,Female,0.759879466,0.454834686,1.104250278
NCD_BMI_MINUS2C,"Thinness among children and adolescents, BMI-for-age < -2 standard deviations below the median (%)",2015,Male,11.171265,7.423228,15.579563
MORT_300,Distribution of causes of death among children aged < 5 years (%),2015,0-4 years of age,0.11682,,
VACCINECOVERAGE_YFV,Yellow fever vaccine (YFV) immunization coverage among 1-year olds (%),2011,,38.0,,
MDG_0000000001,Infant mortality rate (probability of dying between birth and age 1 per 1000 live births),2016,Male,74.238312247,68.511022392,80.731411799
MDG_0000000001,Infant mortality rate (probability of dying between birth and age 1 per 1000 live births),1977,Both sexes,115.406548284,104.378188454,127.31582485
WHS4_128,Neonates protected at birth against neonatal tetanus (PAB) (%),2005,,62.0,,
MCV2,Measles-containing-vaccine second-dose (MCV2) immunization coverage by the locally recommended age (%) (WUENIC),2015,,0.0,,
CM_04,Number of deaths among children ages 5 to 9 years,2016,Both sexes,80726.0,72090.0,90039.0
MDG_0000000007,Under-five mortality rate (probability of dying by age 5 per 1000 live births),2008,Both sexes,68.771719966,62.249786948,75.907131467
NCD_BMI_PLUS2C,"Obesity among children and adolescents, BMI-for-age > +2 standard deviations above the median (crude estimate) (%)",2004,Male,0.88299206,0.37824851,1.7120622
WHS4_129,Hib (Hib3) immunization coverage among 1-year-olds (%) (WUENIC),2001,,0.0,,
NCD_BMI_MINUS2C,"Thinness among children and adolescents, BMI-for-age < -2 standard deviations below the median (%)",2003,Female,8.6093508,6.4379193,11.029921
CM_02,Number of infant deaths,1989,Both sexes,428592.0,399843.0,458436.0
WHOSIS_000016,Mortality rate among children ages 5 to 9 years (per 1000 children aged 5),2015,Both sexes,14.054952055,12.616402994,15.598474438
CM_03,Number of neonatal deaths,1976,Both sexes,187003.0,162920.0,214902.0
NUTRITION_ANAEMIA_CHILDREN_PREV,Prevalence of anaemia in children aged 6-59 months (%),2000,Moderate,49.7,43.2,54.6
NUTOVERWEIGHTNUM,"Overweight numbers among children under 5 years of age (thousands), model-based estimates",2017,Female,237.7,214.2,265.5
CM_01,Number of under-five deaths,2000,Both sexes,923928.0,870704.0,979392.0
CHILDMORT5TO14,Mortality rate for 5-14 year-olds (probability of dying per 1000 children aged 5-14 years),2016,Both sexes,22.639043621,20.061135589,25.469789549
WHS8_110,Measles-containing-vaccine first-dose (MCV1) immunization coverage among 1-year-olds (%) (WUENIC),2006,,44.0,,
NCD_BMI_MINUS2C,"Thinness among children and adolescents, BMI-for-age < -2 standard deviations below the median (%)",2021,Female,10.141029,6.0190119,15.176752
CM_01,Number of under-five deaths,1992,Male,473985.0,443579.0,506219.0
CM_01,Number of under-five deaths,1979,Male,378893.0,344654.0,415850.0
NCD_BMI_PLUS2C,"Obesity among children and adolescents, BMI-for-age > +2 standard deviations above the median (crude estimate) (%)",1996,Male,0.90415506,0.22679665,2.3192491
NCD_BMI_PLUS2C,"Obesity among children and adolescents, BMI-for-age > +2 standard deviations above the median (crude estimate) (%)",2000,Female,1.3019636,0.70106797,2.1408318
MDG_0000000007,Under-five mortality rate (probability of dying by age 5 per 1000 live births),1964,Male,336.725354338,285.132368214,400.838767956
NCD_BMI_PLUS1C,"Overweight among children and adolescents, BMI-for-age > +1 standard deviations above the median (crude estimate) (%)",1998,Male,3.1231465,1.7308611,5.019201
MDG_0000000001,Infant mortality rate (probability of dying between birth and age 1 per 1000 live births),1979,Female,100.617812552,90.769407866,111.04126368
NCD_BMI_MINUS2C,"Thinness among children and adolescents, BMI-for-age < -2 standard deviations below the median (%)",2013,Both sexes,10.072817,7.7578917,12.592645
MDG_0000000007,Under-five mortality rate (probability of dying by age 5 per 1000 live births),1966,Female,301.123146862,264.228511304,345.271625854
NUTRITION_ANAEMIA_CHILDREN_NUM,Number of children aged 6-59 months with anaemia (thousands),2001,Moderate,10700.0,9280.0,11800.0
NUTOVERWEIGHTNUM,"Overweight numbers among children under 5 years of age (thousands), model-based estimates",2024,Male,296.9,210.1,421.4
NCD_BMI_PLUS2C,"Obesity among children and adolescents, BMI-for-age > +2 standard deviations above the median (crude estimate) (%)",2010,Female,1.7153721,1.2134272,2.3099912
NCD_BMI_PLUS1C,"Overweight among children and adolescents, BMI-for-age > +1 standard deviations above the median (crude estimate) (%)",2001,Female,6.1475627,4.8183627,7.6997295
SDGPOISON,Mortality rate attributed to unintentional poisoning (per 100 000 population),2017,Both sexes,1.040802644,0.639859321,1.548848969
NCD_BMI_MINUS2C,"Thinness among children and adolescents, BMI-for-age < -2 standard deviations below the median (%)",2019,Both sexes,10.808977,7.8873053,14.357103
MDG_0000000007,Under-five mortality rate (probability of dying by age 5 per 1000 live births),1993,Both sexes,114.770645889,101.010415226,130.586299683
MDG_0000000007,Under-five mortality rate (probability of dying by age 5 per 1000 live births),1979,Both sexes,217.140731072,197.438884792,238.071839353
WHOSIS_000003,Neonatal mortality rate (per 1000 live births),2008,Both sexes,38.396228741,34.802838029,42.22348756
CM_02,Number of infant deaths,1991,Male,249017.0,232210.0,266174.0
MALARIA_EST_MORTALITY,Estimated malaria mortality rate (per 100 000 population),2023,,81.04555609,59.32068545,116.0078807
VACCINECOVERAGE_YFV,Yellow fever vaccine (YFV) immunization coverage among 1-year olds (%),2020,,59.0,,
NCD_BMI_PLUS1C,"Overweight among children and adolescents, BMI-for-age > +1 standard deviations above the median (crude estimate) (%)",2005,Male,3.6630381,2.4272054,5.1541891
NCD_BMI_PLUS2C,"Obesity among children and adolescents, BMI-for-age > +2 standard deviations above the median (crude estimate) (%)",2007,Both sexes,1.3396536,0.95033506,1.8383872
MORT_300,Distribution of causes of death among children aged < 5 years (%),2017,0-4 years of age,0.05714,,
WHS4_543,BCG immunization coverage among 1-year-olds (%) (WUENIC),2001,,41.0,,
NCD_BMI_PLUS1C,"Overweight among children and adolescents, BMI-for-age > +1 standard deviations above the median (crude estimate) (%)",1995,Male,2.6964268,1.3468124,4.623263
NCD_BMI_PLUS2C,"Obesity among children and adolescents, BMI-for-age > +2 standard deviations above the median (crude estimate) (%)",1990,Both sexes,0.71318615,0.25200685,1.58395
SDGPOISON,Mortality rate attributed to unintentional poisoning (per 100 000 population),2002,Male,1.108589146,0.648021598,1.735696443
NUTRITION_ANAEMIA_CHILDREN_PREV,Prevalence of anaemia in children aged 6-59 months (%),2015,Total,71.3,66.3,75.5
CM_02,Number of infant deaths,1994,Female,216409.0,202635.0,230816.0
MORT_300,Distribution of causes of death among children aged < 5 years (%),2001,0-27 days,0.05932,,
MDG_0000000001,Infant mortality rate (probability of dying between birth and age 1 per 1000 live births),2013,Female,61.565481476,57.028537118,66.402629771
NCD_BMI_MINUS2C,"Thinness among children and adolescents, BMI-for-age < -2 standard deviations below the median (%)",1992,Female,9.1991737,5.5694543,13.558452
CM_01,Number of under-five deaths,1999,Both sexes,166379.0,150692.0,183446.0
CM_01,Number of under-five deaths,2006,Male,465405.0,436971.0,494489.0
NCD_BMI_MINUS2C,"Thinness among children and adolescents, BMI-for-age < -2 standard deviations below the median (%)",2012,Male,19.100572,14.875227,23.454991
WHOSIS_000003,Neonatal mortality rate (per 1000 live births),2000,Both sexes,46.103676206,41.917522326,50.525409747
MDG_0000000007,Under-five mortality rate (probability of dying by age 5 per 1000 live births),2001,Male,178.284816651,167.847166596,189.332274671
MCV2,Measles-containing-vaccine second-dose (MCV2) immunization coverage by the locally recommended age (%) (WUENIC),2004,,0.0,,
NCD_BMI_PLUS2C,"Obesity among children and adolescents, BMI-for-age > +2 standard deviations above the median (crude estimate) (%)",2006,Female,2.4698341,1.3551459,4.0195044
NCD_BMI_MINUS2C,"Thinness among children and adolescents, BMI-for-age < -2 standard deviations below the median (%)",1990,Male,22.482826,14.668292,30.881935
NCD_BMI_MINUS2C,"Thinness among children and adolescents, BMI-for-age < -2 standard deviations below the median (%)",2011,Both sexes,9.95249,7.6598175,12.483121
NUTRITION_ANAEMIA_CHILDREN_PREV,Prevalence of anaemia in children aged 6-59 months (%),2011,Both sexes,72.2,66.3,76.9
CM_02,Number of infant deaths,1973,Both sexes,370757.0,331944.0,413753.0
NCD_BMI_PLUS2C,"Obesity among children and adolescents, BMI-for-age > +2 standard deviations above the median (crude estimate) (%)",1999,Male,0.54495712,0.16607143,1.2668098
WHOSIS_000003,Neonatal mortality rate (per 1000 live births),1986,Both sexes,49.348916619,43.686563163,55.277933281
WHS8_110,Measles-containing-vaccine first-dose (MCV1) immunization coverage among 1-year-olds (%) (WUENIC),2010,,56.0,,
WHOSIS_000003,Neonatal mortality rate (per 1000 live births),1985,Both sexes,49.598842543,43.985752359,55.62960048
WHS4_117,Hepatitis B (HepB3) immunization coverage among 1-year-olds (%) (WUENIC),2016,,53.0,,
WHS4_543,BCG immunization coverage among 1-year-olds (%) (WUENIC),2010,,62.0,,
NCD_BMI_PLUS1C,"Overweight among children and adolescents, BMI-for-age > +1 standard deviations above the median (crude estimate) (%)",2016,Female,8.1611283,6.5539151,9.9350572
NCD_BMI_PLUS1C,"Overweight among children and adolescents, BMI-for-age > +1 standard deviations above the median (crude estimate) (%)",2002,Female,6.4330578,4.9970884,8.1038028
SDGPOISON,Mortality rate attributed to unintentional poisoning (per 100 000 population),2014,Female,0.974199239,0.617476416,1.375049213
CM_02,Number of infant deaths,2020,Female,221412.0,199932.0,244942.0
NUTRITION_ANAEMIA_CHILDREN_PREV,Prevalence of anaemia in children aged 6-59 months (%),2003,Both sexes,77.4,70.0,82.6
CM_04,Number of deaths among children ages 5 to 9 years,2005,Female,34413.0,31271.0,38007.0
NUTRITION_ANAEMIA_CHILDREN_PREV,Prevalence of anaemia in children aged 6-59 months (%),2012,Moderate,42.0,37.0,46.3
NCD_BMI_PLUS1C,"Overweight among children and adolescents, BMI-for-age > +1 standard deviations above the median (crude estimate) (%)",2002,Male,5.1909938,3.1471096,7.9051375
CM_01,Number of under-five deaths,2020,Both sexes,86465.0,75429.0,99343.0
CM_01,Number of under-five deaths,2011,Both sexes,184831.0,170457.0,200061.0
NCD_BMI_PLUS1C,"Overweight among children and adolescents, BMI-for-age > +1 standard deviations above the median (crude estimate) (%)",1992,Both sexes,3.3933952,2.232701,4.8716832
NCD_BMI_PLUS1C,"Overweight among children and adolescents, BMI-for-age > +1 standard deviations above the median (crude estimate) (%)",2009,Female,7.9105385,5.8180042,10.405487
CM_04,Number of deaths among children ages 5 to 9 years,1997,Male,37755.0,33580.0,43083.0
WHOSIS_000016,Mortality rate among children ages 5 to 9 years (per 1000 children aged 5),2020,Male,14.58888764,12.592692713,16.757318966
NCD_BMI_MINUS2C,"Thinness among children and adolescents, BMI-for-age < -2 standard deviations below the median (%)",2006,Male,19.24755,14.367029,24.431379
CHILDMORT5TO14,Mortality rate for 5-14 year-olds (probability of dying per 1000 children aged 5-14 years),1997,Male,33.641144357,29.857401091,38.692978593
MORT_300,Distribution of causes of death among children aged < 5 years (%),2002,1-59 months,0.19398,,
NCD_BMI_PLUS1C,"Overweight among children and adolescents, BMI-for-age > +1 standard deviations above the median (crude estimate) (%)",2018,Female,8.6667404,6.506528,11.250957
NUTRITION_ANAEMIA_CHILDREN_PREV,Prevalence of anaemia in children aged 6-59 months (%),2011,Total,72.2,66.3,76.9
MDG_0000000001,Infant mortality rate (probability of dying between birth and age 1 per 1000 live births),1970,Female,196.308364575,173.275672321,222.457973633
MDG_0000000007,Under-five mortality rate (probability of dying by age 5 per 1000 live births),2008,Female,124.637177527,116.83688399,133.04408239
MDG_0000000001,Infant mortality rate (probability of dying between birth and age 1 per 1000 live births),2011,Both sexes,69.977597381,65.251799288,74.949622216
CM_02,Number of infant deaths,2009,Female,214431.0,200144.0,229059.0
CHILDDEATH5TO14,Number of deaths among children 5 to 14 years of age,2000,Both sexes,104607.0,94826.0,116595.0
MDG_0000000001,Infant mortality rate (probability of dying between birth and age 1 per 1000 live births),1983,Female,94.84826439,86.601845722,103.342225867
WHOSIS_000016,Mortality rate among children ages 5 to 9 years (per 1000 children aged 5),1994,Female,22.157415496,19.437403674,25.577512607
MCV2,Measles-containing-vaccine second-dose (MCV2) immunization coverage by the locally recommended age (%) (WUENIC),2008,,0.0,,
NCD_BMI_MINUS2C,"Thinness among children and adolescents, BMI-for-age < -2 standard deviations below the median (%)",2013,Male,10.964528,7.4413553,15.162292
IMMUNIZATION_VACCINATIONCARDSSEEN,Proportion of vaccination cards seen (%),2020,,56.0,,
CM_04,Number of deaths among children ages 5 to 9 years,2004,Female,34278.0,31149.0,37987.0
NCD_BMI_MINUS2C,"Thinness among children and adolescents, BMI-for-age < -2 standard deviations below the median (%)",2005,Both sexes,10.152109,7.5392827,13.062888
MDG_0000000007,Under-five mortality rate (probability of dying by age 5 per 1000 live births),2006,Both sexes,152.832892691,141.921175149,164.242716358
WHS3_62,Measles - number of reported cases,1999,,217151.0,,
WHS4_117,Hepatitis B (HepB3) immunization coverage among 1-year-olds (%) (WUENIC),2005,,18.0,,
WHS3_62,Measles - number of reported cases,2016,,17136.0,,
WHS4_128,Neonates protected at birth against neonatal tetanus (PAB) (%),2017,,55.0,,
CM_02,Number of infant deaths,1979,Both sexes,368936.0,336050.0,403755.0
NUTRITION_ANAEMIA_CHILDREN_NUM,Number of children aged 6-59 months with anaemia (thousands),2007,Both sexes,19134.108,17310.0,20502.0
NUTRITION_ANAEMIA_CHILDREN_NUM,Number of children aged 6-59 months with anaemia (thousands),2008,Total,19400.0,17600.0,20800.0
CHILDDEATH5TO14,Number of deaths among children 5 to 14 years of age,2014,Female,56074.0,50138.0,62533.0
WHS3_49,Poliomyelitis - number of reported cases,2007,,356.0,,
CM_01,Number of under-five deaths,2007,Male,461626.0,433038.0,491370.0
NCD_BMI_PLUS2C,"Obesity among children and adolescents, BMI-for-age > +2 standard deviations above the median (crude estimate) (%)",2001,Both sexes,1.1737948,0.71105696,1.8411553
NUTRITION_ANAEMIA_CHILDREN_PREV,Prevalence of anaemia in children aged 6-59 months (%),2004,Total,76.6,69.5,81.8
CM_03,Number of neonatal deaths,1978,Both sexes,190614.0,167168.0,217129.0
CM_02,Number of infant deaths,1982,Female,169305.0,154342.0,184971.0
WHS3_62,Measles - number of reported cases,1983,,136778.0,,
MDG_0000000001,Infant mortality rate (probability of dying between birth and age 1 per 1000 live births),2021,Female,63.237145043,56.529456845,70.81393386
NUTRITION_ANAEMIA_CHILDREN_PREV,Prevalence of anaemia in children aged 6-59 months (%),2009,Severe,5.3,3.5,7.3
WHS3_62,Measles - number of reported cases,1988,,75908.0,,
MDG_0000000001,Infant mortality rate (probability of dying between birth and age 1 per 1000 live births),1978,Both sexes,111.941099273,101.391436072,123.110630414
NCD_BMI_MINUS2C,"Thinness among children and adolescents, BMI-for-age < -2 standard deviations below the median (%)",2021,Both sexes,15.199724,11.434036,19.375564
NCD_BMI_MINUS2C,"Thinness among children and adolescents, BMI-for-age < -2 standard deviations below the median (%)",2011,Male,15.796733,12.017142,19.912009
CHILDDEATH5TO14,Number of deaths among children 5 to 14 years of age,2020,Female,62034.0,53266.0,72741.0
MDG_0000000007,Under-five mortality rate (probability of dying by age 5 per 1000 live births),1992,Both sexes,253.203688854,227.437788966,279.239812504
MORT_300,Distribution of causes of death among children aged < 5 years (%),2008,0-27 days,0.05594,,
NCD_BMI_PLUS2C,"Obesity among children and adolescents, BMI-for-age > +2 standard deviations above the median (crude estimate) (%)",2014,Male,2.1766867,1.1681757,3.5935968
NCD_BMI_PLUS1C,"Overweight among children and adolescents, BMI-for-age > +1 standard deviations above the median (crude estimate) (%)",1992,Female,4.424518,2.4658507,7.1769387
CM_03,Number of neonatal deaths,2013,Both sexes,275552.0,248318.0,304098.0
CM_03,Number of neonatal deaths,2002,Both sexes,253614.0,229657.0,278173.0
CM_01,Number of under-five deaths,2003,Female,414106.0,389762.0,439873.0
NUTOVERWEIGHTNUM,"Overweight numbers among children under 5 years of age (thousands), model-based estimates",2023,Both sexes,508.7,387.0,667.9
NCD_BMI_MINUS2C,"Thinness among children and adolescents, BMI-for-age < -2 standard deviations below the median (%)",2018,Both sexes,13.143046,10.417845,16.242163
WHS4_117,Hepatitis B (HepB3) immunization coverage among 1-year-olds (%) (WUENIC),2004,,8.0,,
NCD_BMI_PLUS2C,"Obesity among children and adolescents, BMI-for-age > +2 standard deviations above the median (crude estimate) (%)",2019,Female,2.6746625,1.3974032,4.447237
MDG_0000000007,Under-five mortality rate (probability of dying by age 5 per 1000 live births),1980,Both sexes,212.936944306,194.171276233,232.891420584
MDG_0000000001,Infant mortality rate (probability of dying between birth and age 1 per 1000 live births),1974,Male,137.051797346,122.281891723,153.541367432
NUTRITION_ANAEMIA_CHILDREN_NUM,Number of children aged 6-59 months with anaemia (thousands),2015,Moderate,12800.0,11500.0,14000.0
MDG_0000000007,Under-five mortality rate (probability of dying by age 5 per 1000 live births),2019,Both sexes,59.504603098,52.362304682,67.886824931
CM_02,Number of infant deaths,2016,Female,221551.0,203545.0,240502.0
MDG_0000000007,Under-five mortality rate (probability of dying by age 5 per 1000 live births),1992,Male,214.773131624,200.909297604,229.387597906
WHS3_56,Neonatal tetanus - number of reported cases,2024,,39.0,,
CM_02,Number of infant deaths,2005,Male,273641.0,257096.0,290979.0
CM_04,Number of deaths among children ages 5 to 9 years,2022,Female,39914.0,33602.0,46634.0
MDG_0000000007,Under-five mortality rate (probability of dying by age 5 per 1000 live births),2005,Both sexes,186.844181227,173.364729104,201.382877556
NCD_BMI_PLUS1C,"Overweight among children and adolescents, BMI-for-age > +1 standard deviations above the median (crude estimate) (%)",2021,Both sexes,9.7526796,6.9086358,13.131571
WHS3_62,Measles - number of reported cases,2019,,28094.0,,
VACCINECOVERAGE_YFV,Yellow fever vaccine (YFV) immunization coverage among 1-year olds (%),2018,,56.0,,
CM_03,Number of neonatal deaths,2005,Both sexes,251407.0,227561.0,276567.0
NUTRITION_ANAEMIA_CHILDREN_NUM,Number of children aged 6-59 months with anaemia (thousands),2011,Mild,7110.0,6520.0,7610.0
WHOSIS_000016,Mortality rate among children ages 5 to 9 years (per 1000 children aged 5),1992,Both sexes,23.793583518,20.993137001,27.290102088
CM_02,Number of infant deaths,2011,Both sexes,490579.0,457829.0,525011.0
NCD_BMI_MINUS2C,"Thinness among children and adolescents, BMI-for-age < -2 standard deviations below the median (%)",2011,Female,8.4000938,6.7376554,10.197178
CM_01,Number of under-five deaths,2022,Male,456987.0,403602.0,517629.0
CHILDDEATH5TO14,Number of deaths among children 5 to 14 years of age,1997,Female,50222.0,44524.0,57688.0
CM_04,Number of deaths among children ages 5 to 9 years,2013,Female,36598.0,32676.0,40765.0
NCD_BMI_PLUS1C,"Overweight among children and adolescents, BMI-for-age > +1 standard deviations above the median (crude estimate) (%)",2017,Male,5.5742983,3.7669301,7.7217095
CM_04,Number of deaths among children ages 5 to 9 years,2018,Male,44601.0,39151.0,50650.0
WHOSIS_000016,Mortality rate among children ages 5 to 9 years (per 1000 children aged 5),2018,Female,12.990975816,11.355789372,14.748946373
MDG_0000000007,Under-five mortality rate (probability of dying by age 5 per 1000 live births),2016,Both sexes,58.919033704,52.518774168,65.951484373
MDG_0000000001,Infant mortality rate (probability of dying between birth and age 1 per 1000 live births),2005,Male,87.504863754,82.1755435,93.186130686
NCD_BMI_MINUS2C,"Thinness among children and adolescents, BMI-for-age < -2 standard deviations below the median (%)",1997,Female,8.9135729,6.0348012,12.224765
CM_04,Number of deaths among children ages 5 to 9 years,1996,Both sexes,71851.0,64309.0,81618.0
NCD_BMI_PLUS1C,"Overweight among children and adolescents, BMI-for-age > +1 standard deviations above the median (crude estimate) (%)",2015,Female,8.2433008,6.5774396,10.128912
MDG_0000000001,Infant mortality rate (probability of dying between birth and age 1 per 1000 live births),2006,Female,69.739091755,65.385411729,74.340514797
MORT_300,Distribution of causes of death among children aged < 5 years (%),2000,1-59 months,0.16331,,
MDG_0000000001,Infant mortality rate (probability of dying between birth and age 1 per 1000 live births),1969,Both sexes,212.337034855,189.326709358,239.267661144
NCD_BMI_MINUS2C,"Thinness among children and adolescents, BMI-for-age < -2 standard deviations below the median (%)",2010,Both sexes,13.767596,11.384513,16.229612
TB_e_inc_num_014,Number of incident tuberculosis cases in children aged 0 - 14,2024,,61000.0,25000.0,98000.0
CHILDDEATH5TO14,Number of deaths among children 5 to 14 years of age,1993,Female,50403.0,44030.0,58720.0
NCD_BMI_PLUS2C,"Obesity among children and adolescents, BMI-for-age > +2 standard deviations above the median (crude estimate) (%)",2017,Both sexes,3.3732548,2.0367846,5.1992524
NCD_BMI_MINUS2C,"Thinness among children and adolescents, BMI-for-age < -2 standard deviations below the median (%)",2005,Male,16.239245,11.694618,21.319978
CHILDDEATH5TO14,Number of deaths among children 5 to 14 years of age,1991,Female,50294.0,43615.0,58563.0
CM_04,Number of deaths among children ages 5 to 9 years,2012,Both sexes,76429.0,69294.0,83993.0
WHS8_110,Measles-containing-vaccine first-dose (MCV1) immunization coverage among 1-year-olds (%) (WUENIC),2013,,43.0,,
NCD_BMI_PLUS1C,"Overweight among children and adolescents, BMI-for-age > +1 standard deviations above the median (crude estimate) (%)",1998,Female,5.5698209,3.9860614,7.48965
MDG_0000000007,Under-five mortality rate (probability of dying by age 5 per 1000 live births),1994,Both sexes,221.413244675,204.134661883,240.266145359
CHILDMORT5TO14,Mortality rate for 5-14 year-olds (probability of dying per 1000 children aged 5-14 years),2002,Male,29.795598953,26.717442777,33.344080792
NUTRITION_ANAEMIA_CHILDREN_PREV,Prevalence of anaemia in children aged 6-59 months (%),2008,Total,73.6,66.5,78.9
NUTOVERWEIGHTNUM,"Overweight numbers among children under 5 years of age (thousands), model-based estimates",2002,Both sexes,1404.6,1142.1,1722.9
NCD_BMI_MINUS2C,"Thinness among children and adolescents, BMI-for-age < -2 standard deviations below the median (%)",1992,Male,13.824551,7.8360409,21.13333
NUTRITION_ANAEMIA_CHILDREN_PREV,Prevalence of anaemia in children aged 6-59 months (%),2004,Moderate,46.9,40.5,51.9
NCD_BMI_PLUS2C,"Obesity among children and adolescents, BMI-for-age > +2 standard deviations above the median (crude estimate) (%)",2016,Female,3.2088529,1.6848553,5.3111285
NCD_BMI_PLUS2C,"Obesity among children and adolescents, BMI-for-age > +2 standard deviations above the median (crude estimate) (%)",2013,Both sexes,2.9870136,1.9416168,4.3366279
CHILDMORT5TO14,Mortality rate for 5-14 year-olds (probability of dying per 1000 children aged 5-14 years),2013,Male,24.199371676,21.49640723,27.087314422
NCD_BMI_PLUS1C,"Overweight among children and adolescents, BMI-for-age > +1 standard deviations above the median (crude estimate) (%)",1993,Female,4.5900822,2.8920466,6.817586
NCD_BMI_PLUS1C,"Overweight among children and adolescents, BMI-for-age > +1 standard deviations above the median (crude estimate) (%)",1991,Female,4.2623412,2.4561759,6.7278296
MDG_0000000007,Under-five mortality rate (probability of dying by age 5 per 1000 live births),2003,Both sexes,170.857995568,158.560460889,183.760003531
CM_02,Number of infant deaths,1993,Both sexes,471543.0,442569.0,502124.0
NCD_BMI_PLUS2C,"Obesity among children and adolescents, BMI-for-age > +2 standard deviations above the median (crude estimate) (%)",2012,Female,2.2448629,1.4936881,3.2206211
MORT_300,Distribution of causes of death among children aged < 5 years (%),2010,0-4 years of age,0.08621,,
WHS4_543,BCG immunization coverage among 1-year-olds (%) (WUENIC),2019,,75.0,,
MDG_0000000007,Under-five mortality rate (probability of dying by age 5 per 1000 live births),1990,Both sexes,119.091568804,104.643115434,135.821642172
CM_02,Number of infant deaths,1994,Both sexes,482333.0,453480.0,513300.0
NCD_BMI_PLUS1C,"Overweight among children and adolescents, BMI-for-age > +1 standard deviations above the median (crude estimate) (%)",2011,Female,7.6637685,6.5438651,8.8795118
NCD_BMI_PLUS2C,"Obesity among children and adolescents, BMI-for-age > +2 standard deviations above the median (crude estimate) (%)",2018,Male,1.8721538,0.82110344,3.4862626
MDG_0000000007,Under-five mortality rate (probability of dying by age 5 per 1000 live births),1970,Male,397.313787582,353.154330203,448.617138248
NUTOVERWEIGHTNUM,"Overweight numbers among children under 5 years of age (thousands), model-based estimates",2010,Male,454.5,392.8,528.9
WHOSIS_000016,Mortality rate among children ages 5 to 9 years (per 1000 children aged 5),1997,Both sexes,21.547532547,19.411404497,24.379230682
WHOSIS_000003,Neonatal mortality rate (per 1000 live births),1987,Both sexes,49.283088664,43.682700022,55.110809359
MDG_0000000001,Infant mortality rate (probability of dying between birth and age 1 per 1000 live births),2014,Female,61.461904561,56.80471102,66.367421464
NCD_BMI_PLUS1C,"Overweight among children and adolescents, BMI-for-age > +1 standard deviations above the median (crude estimate) (%)",1997,Female,5.3610846,3.7549201,7.3543109
VACCINECOVERAGE_YFV,Yellow fever vaccine (YFV) immunization coverage among 1-year olds (%),2002,,0.0,,
CM_01,Number of under-five deaths,2022,Both sexes,137746.0,118819.0,160354.0
NCD_BMI_MINUS2C,"Thinness among children and adolescents, BMI-for-age < -2 standard deviations below the median (%)",2010,Female,8.5881516,6.7261957,10.649253
NCD_BMI_PLUS2C,"Obesity among children and adolescents, BMI-for-age > +2 standard deviations above the median (crude estimate) (%)",2021,Both sexes,2.844893,1.5530181,4.6114843
WHS4_129,Hib (Hib3) immunization coverage among 1-year-olds (%) (WUENIC),2016,,53.0,,
SDGPOISON,Mortality rate attributed to unintentional poisoning (per 100 000 population),2017,Male,1.063460769,0.643857843,1.607180353
WHOSIS_000016,Mortality rate among children ages 5 to 9 years (per 1000 children aged 5),2011,Female,14.475463814,13.021619303,16.01364625
NCD_BMI_PLUS1C,"Overweight among children and adolescents, BMI-for-age > +1 standard deviations above the median (crude estimate) (%)",1993,Male,1.9647373,0.88173477,3.6047291
SDGPOISON,Mortality rate attributed to unintentional poisoning (per 100 000 population),2003,Both sexes,0.961478976,0.567174432,1.459394454
WHOSIS_000003,Neonatal mortality rate (per 1000 live births),2006,Both sexes,39.310905677,35.595177765,43.250110568
NCD_BMI_PLUS1C,"Overweight among children and adolescents, BMI-for-age > +1 standard deviations above the median (crude estimate) (%)",1999,Male,4.4112127,2.4474302,7.1291246
MDG_0000000001,Infant mortality rate (probability of dying between birth and age 1 per 1000 live births),2022,Female,63.488331014,55.925111572,72.156673639
MDG_0000000007,Under-five mortality rate (probability of dying by age 5 per 1000 live births),2000,Both sexes,225.685959497,206.983380352,245.249897549
NCD_BMI_MINUS2C,"Thinness among children and adolescents, BMI-for-age < -2 standard deviations below the median (%)",2016,Male,11.303578,7.4319094,15.926519
NCD_BMI_MINUS2C,"Thinness among children and adolescents, BMI-for-age < -2 standard deviations below the median (%)",2002,Female,8.3657876,6.3304879,10.610516
MDG_0000000001,Infant mortality rate (probability of dying between birth and age 1 per 1000 live births),1994,Male,112.603864116,105.577194256,120.262646803
SDGPOISON,Mortality rate attributed to unintentional poisoning (per 100 000 population),2007,Male,1.134887316,0.643765795,1.770306825
NCD_BMI_PLUS1C,"Overweight among children and adolescents, BMI-for-age > +1 standard deviations above the median (crude estimate) (%)",2001,Both sexes,4.9353871,3.874677,6.1409775
NUTRITION_ANAEMIA_CHILDREN_PREV,Prevalence of anaemia in children aged 6-59 months (%),2009,Both sexes,73.1,66.3,78.2
MDG_0000000007,Under-five mortality rate (probability of dying by age 5 per 1000 live births),2023,Female,110.762813102,96.360652074,127.816130607
NCD_BMI_MINUS2C,"Thinness among children and adolescents, BMI-for-age < -2 standard deviations below the median (%)",2005,Female,8.5545279,6.5698415,10.82776
ROTAC,Rotavirus vaccines completed dose (RotaC) immunization coverage among 1-year-olds (%),2006,,0.0,,
NCD_BMI_PLUS1C,"Overweight among children and adolescents, BMI-for-age > +1 standard deviations above the median (crude estimate) (%)",1993,Both sexes,3.9472207,2.5049632,5.7742074
MDG_0000000001,Infant mortality rate (probability of dying between birth and age 1 per 1000 live births),2018,Male,74.869443016,68.579027586,82.005716511
NCD_BMI_PLUS1C,"Overweight among children and adolescents, BMI-for-age > +1 standard deviations above the median (crude estimate) (%)",1997,Both sexes,4.6839058,3.2524884,6.4592533
MDG_0000000001,Infant mortality rate (probability of dying between birth and age 1 per 1000 live births),1994,Both sexes,104.565482002,98.2062987,111.402063037
CM_04,Number of deaths among children ages 5 to 9 years,2005,Both sexes,72194.0,66415.0,78913.0
NUTRITION_ANAEMIA_CHILDREN_NUM,Number of children aged 6-59 months with anaemia (thousands),2017,Moderate,13000.0,11400.0,14400.0
MORT_300,Distribution of causes of death among children aged < 5 years (%),2015,0-27 days,0.0,,
NCD_BMI_PLUS1C,"Overweight among children and adolescents, BMI-for-age > +1 standard deviations above the median (crude estimate) (%)",2010,Female,7.5826317,6.4883932,8.7675497
NCD_BMI_MINUS2C,"Thinness among children and adolescents, BMI-for-age < -2 standard deviations below the median (%)",1993,Female,9.1451988,5.6748051,13.276614
WHS3_56,Neonatal tetanus - number of reported cases,2002,,752.0,,
CHILDDEATH5TO14,Number of deaths among children 5 to 14 years of age,1991,Both sexes,103803.0,91227.0,119523.0
CM_03,Number of neonatal deaths,1968,Both sexes,178997.0,152235.0,211770.0
NCD_BMI_MINUS2C,"Thinness among children and adolescents, BMI-for-age < -2 standard deviations below the median (%)",1991,Female,9.6384667,5.2469194,15.105295
WHOSIS_000016,Mortality rate among children ages 5 to 9 years (per 1000 children aged 5),2022,Both sexes,13.661477816,11.685542887,15.719199938
NCD_BMI_PLUS1C,"Overweight among children and adolescents, BMI-for-age > +1 standard deviations above the median (crude estimate) (%)",2002,Both sexes,5.1523909,4.0893782,6.3566543
WHOSIS_000016,Mortality rate among children ages 5 to 9 years (per 1000 children aged 5),1999,Both sexes,20.487609497,18.589636447,22.991271916
NCD_BMI_PLUS1C,"Overweight among children and adolescents, BMI-for-age > +1 standard deviations above the median (crude estimate) (%)",2021,Female,9.5020741,6.1183844,13.921341
CHILDDEATH5TO14,Number of deaths among children 5 to 14 years of age,2014,Both sexes,119230.0,107327.0,131970.0
CHILDDEATH5TO14,Number of deaths among children 5 to 14 years of age,1995,Female,50356.0,44345.0,58465.0
NUTOVERWEIGHTNUM,"Overweight numbers among children under 5 years of age (thousands), model-based estimates",2018,Female,227.5,204.5,254.7
WHS4_543,BCG immunization coverage among 1-year-olds (%) (WUENIC),2023,,71.0,,
CM_02,Number of infant deaths,2007,Female,213773.0,200489.0,227825.0
NUTRITION_ANAEMIA_CHILDREN_NUM,Number of children aged 6-59 months with anaemia (thousands),2007,Moderate,11500.0,9820.0,12700.0
CM_02,Number of infant deaths,1976,Female,167114.0,149594.0,185685.0
CM_03,Number of neonatal deaths,2006,Both sexes,252717.0,228841.0,278030.0
MDG_0000000001,Infant mortality rate (probability of dying between birth and age 1 per 1000 live births),2013,Both sexes,68.490762925,63.672728781,73.678295653
CM_01,Number of under-five deaths,1990,Both sexes,208938.0,186858.0,231240.0
SDGPOISON,Mortality rate attributed to unintentional poisoning (per 100 000 population),2018,Female,1.021220184,0.64185355,1.523694141
WHS3_49,Poliomyelitis - number of reported cases,1985,,959.0,,
MDG_0000000007,Under-five mortality rate (probability of dying by age 5 per 1000 live births),1984,Both sexes,206.563927464,190.593620861,223.291018186
NCD_BMI_MINUS2C,"Thinness among children and adolescents, BMI-for-age < -2 standard deviations below the median (%)",2004,Both sexes,10.24972,7.5622365,13.259239
MALARIA_EST_MORTALITY,Estimated malaria mortality rate (per 100 000 population),2007,,151.1457819,141.2029866,161.5191975
WHS4_117,Hepatitis B (HepB3) immunization coverage among 1-year-olds (%) (WUENIC),2019,,66.0,,
CM_01,Number of under-five deaths,1996,Male,501773.0,471788.0,534827.0
SDGPOISON,Mortality rate attributed to unintentional poisoning (per 100 000 population),2013,Both sexes,1.008894318,0.616081171,1.474193609
WHS8_110,Measles-containing-vaccine first-dose (MCV1) immunization coverage among 1-year-olds (%) (WUENIC),2005,,41.0,,
NUTRITION_ANAEMIA_CHILDREN_PREV,Prevalence of anaemia in children aged 6-59 months (%),2016,Both sexes,70.9,65.8,75.2
SDGPOISON,Mortality rate attributed to unintentional poisoning (per 100 000 population),2021,Male,1.111863663,0.659822197,1.749740691
WHS3_56,Neonatal tetanus - number of reported cases,2016,,34.0,,
WHS3_62,Measles - number of reported cases,2010,,8491.0,,
CM_01,Number of under-five deaths,1978,Male,376613.0,341425.0,414361.0
CM_02,Number of infant deaths,1974,Female,167940.0,149379.0,187749.0
NUTRITION_ANAEMIA_CHILDREN_PREV,Prevalence of anaemia in children aged 6-59 months (%),2015,Moderate,41.2,36.8,45.1
NUTRITION_ANAEMIA_CHILDREN_PREV,Prevalence of anaemia in children aged 6-59 months (%),2010,Both sexes,72.6,66.3,77.6
CM_01,Number of under-five deaths,1988,Female,382544.0,354909.0,410882.0
CM_01,Number of under-five deaths,1989,Both sexes,838347.0,781758.0,897693.0
CM_02,Number of infant deaths,2010,Both sexes,488444.0,456554.0,521028.0
CHILDDEATH5TO14,Number of deaths among children 5 to 14 years of age,1993,Both sexes,104515.0,92551.0,120466.0
MDG_0000000007,Under-five mortality rate (probability of dying by age 5 per 1000 live births),2023,Male,122.629673595,106.652296239,141.361064827
CM_02,Number of infant deaths,1979,Female,166996.0,150918.0,183967.0
CHILDDEATH5TO14,Number of deaths among children 5 to 14 years of age,2004,Male,55159.0,49982.0,60859.0
CHILDDEATH5TO14,Number of deaths among children 5 to 14 years of age,2003,Both sexes,105299.0,95767.0,115775.0
MDG_0000000007,Under-five mortality rate (probability of dying by age 5 per 1000 live births),1989,Male,217.268435152,202.181940535,232.938222226
MORT_300,Distribution of causes of death among children aged < 5 years (%),2016,1-59 months,0.02831,,
NCD_BMI_PLUS1C,"Overweight among children and adolescents, BMI-for-age > +1 standard deviations above the median (crude estimate) (%)",1996,Male,2.2401333,1.1329887,3.8484458
CM_04,Number of deaths among children ages 5 to 9 years,1992,Both sexes,71835.0,63290.0,82536.0
WHS3_62,Measles - number of reported cases,1986,,115743.0,,
NCD_BMI_MINUS2C,"Thinness among children and adolescents, BMI-for-age < -2 standard deviations below the median (%)",2010,Male,15.776689,11.952235,19.989158
MDG_0000000007,Under-five mortality rate (probability of dying by age 5 per 1000 live births),2014,Both sexes,157.11976756,143.491978696,171.951134003
MDG_0000000001,Infant mortality rate (probability of dying between birth and age 1 per 1000 live births),1996,Female,95.029117146,88.957317382,101.529177231
MDG_0000000001,Infant mortality rate (probability of dying between birth and age 1 per 1000 live births),2001,Male,99.197205112,93.237364696,105.410351959
MDG_0000000007,Under-five mortality rate (probability of dying by age 5 per 1000 live births),2007,Both sexes,177.028739428,163.260175261,191.318554932
NCD_BMI_PLUS1C,"Overweight among children and adolescents, BMI-for-age > +1 standard deviations above the median (crude estimate) (%)",1995,Both sexes,3.5304382,2.5005443,4.7579039
CM_02,Number of infant deaths,2012,Both sexes,492146.0,458394.0,527906.0
MDG_0000000001,Infant mortality rate (probability of dying between birth and age 1 per 1000 live births),2009,Both sexes,72.326578799,67.694931025,77.090312807
NCD_BMI_PLUS1C,"Overweight among children and adolescents, BMI-for-age > +1 standard deviations above the median (crude estimate) (%)",2011,Both sexes,6.1538998,5.2862391,7.1283266
CHILDDEATH5TO14,Number of deaths among children 5 to 14 years of age,2018,Both sexes,128943.0,114632.0,145893.0
NCD_BMI_PLUS2C,"Obesity among children and adolescents, BMI-for-age > +2 standard deviations above the median (crude estimate) (%)",2017,Male,2.4356598,1.1865293,4.2938281
WHOSIS_000016,Mortality rate among children ages 5 to 9 years (per 1000 children aged 5),2009,Male,16.251698092,14.727218256,17.902858477
MDG_0000000007,Under-five mortality rate (probability of dying by age 5 per 1000 live births),1975,Both sexes,243.326065346,218.600976761,270.478725972
SDGPOISON,Mortality rate attributed to unintentional poisoning (per 100 000 population),2010,Male,1.269461968,0.808390398,1.868619348
SDGPOISON,Mortality rate attributed to unintentional poisoning (per 100 000 population),2015,Female,0.949497725,0.599784495,1.35785962
NCD_BMI_PLUS2C,"Obesity among children and adolescents, BMI-for-age > +2 standard deviations above the median (crude estimate) (%)",2018,Female,2.60498,1.4493161,4.2188153
NCD_BMI_PLUS1C,"Overweight among children and adolescents, BMI-for-age > +1 standard deviations above the median (crude estimate) (%)",2022,Male,10.28447,5.7754204,15.947138
NUTRITION_ANAEMIA_CHILDREN_PREV,Prevalence of anaemia in children aged 6-59 months (%),2007,Moderate,44.5,38.1,49.4
CM_04,Number of deaths among children ages 5 to 9 years,2019,Both sexes,84607.0,74480.0,95518.0
NUTRITION_ANAEMIA_CHILDREN_PREV,Prevalence of anaemia in children aged 6-59 months (%),2015,Severe,4.3,3.1,5.5
CM_02,Number of infant deaths,1966,Female,172675.0,151068.0,197830.0
WHOSIS_000003,Neonatal mortality rate (per 1000 live births),1988,Both sexes,49.245706034,43.789996961,54.999907656
MDG_0000000001,Infant mortality rate (probability of dying between birth and age 1 per 1000 live births),1974,Both sexes,128.257698145,114.753637911,142.994964706
CM_02,Number of infant deaths,2015,Male,276939.0,256084.0,299477.0
CM_02,Number of infant deaths,1972,Female,169440.0,150172.0,190587.0
NUTRITION_ANAEMIA_CHILDREN_PREV,Prevalence of anaemia in children aged 6-59 months (%),2013,Moderate,41.8,37.0,45.9
WHS3_62,Measles - number of reported cases,2015,,12423.0,,
NUTRITION_ANAEMIA_CHILDREN_NUM,Number of children aged 6-59 months with anaemia (thousands),2016,Total,22600.0,20900.0,23900.0
NCD_BMI_PLUS2C,"Obesity among children and adolescents, BMI-for-age > +2 standard deviations above the median (crude estimate) (%)",1992,Both sexes,0.82743848,0.32579894,1.6990343
WHS3_49,Poliomyelitis - number of reported cases,2004,,782.0,,
CM_04,Number of deaths among children ages 5 to 9 years,2023,Both sexes,86969.0,73496.0,100827.0
CM_02,Number of infant deaths,2016,Both sexes,498287.0,460739.0,539728.0
WHS4_128,Neonates protected at birth against neonatal tetanus (PAB) (%),2002,,60.0,,
CHILDDEATH5TO14,Number of deaths among children 5 to 14 years of age,2008,Both sexes,109651.0,99931.0,119984.0
WHOSIS_000003,Neonatal mortality rate (per 1000 live births),1972,Both sexes,64.070805515,54.947173525,74.930672513
MDG_0000000007,Under-five mortality rate (probability of dying by age 5 per 1000 live births),2011,Both sexes,161.419408398,147.746267698,176.516347682
WHOSIS_000016,Mortality rate among children ages 5 to 9 years (per 1000 children aged 5),2010,Both sexes,15.346327254,14.020617387,16.737193379
NCD_BMI_PLUS2C,"Obesity among children and adolescents, BMI-for-age > +2 standard deviations above the median (crude estimate) (%)",2012,Male,2.0285491,1.1134746,3.3129059
WHOSIS_000016,Mortality rate among children ages 5 to 9 years (per 1000 children aged 5),2014,Male,14.844181206,13.238238234,16.537487076
ROTAC,Rotavirus vaccines completed dose (RotaC) immunization coverage among 1-year-olds (%),2019,,0.0,,
NUTOVERWEIGHTNUM,"Overweight numbers among children under 5 years of age (thousands), model-based estimates",2021,Female,216.4,182.5,258.3
CM_02,Number of infant deaths,1980,Both sexes,368822.0,336886.0,402672.0
CHILDMORT5TO14,Mortality rate for 5-14 year-olds (probability of dying per 1000 children aged 5-14 years),2015,Both sexes,22.789973235,20.233726123,25.558373171
NCD_BMI_MINUS2C,"Thinness among children and adolescents, BMI-for-age < -2 standard deviations below the median (%)",2016,Both sexes,14.39698,11.841902,17.168993
CM_01,Number of under-five deaths,1971,Female,318301.0,284429.0,355420.0
MDG_0000000007,Under-five mortality rate (probability of dying by age 5 per 1000 live births),1982,Male,216.303154269,198.283145913,235.766451439
CHILDDEATH5TO14,Number of deaths among children 5 to 14 years of age,2009,Female,52792.0,47626.0,58069.0
NUTRITION_ANAEMIA_CHILDREN_NUM,Number of children aged 6-59 months with anaemia (thousands),2013,Moderate,12500.0,11000.0,13700.0
NCD_BMI_PLUS2C,"Obesity among children and adolescents, BMI-for-age > +2 standard deviations above the median (crude estimate) (%)",1995,Female,0.72206259,0.30586561,1.3929147
WHS3_49,Poliomyelitis - number of reported cases,1982,,395.0,,
NCD_BMI_PLUS1C,"Overweight among children and adolescents, BMI-for-age > +1 standard deviations above the median (crude estimate) (%)",2019,Male,5.9157934,3.7215453,8.4846616
NCD_BMI_MINUS2C,"Thinness among children and adolescents, BMI-for-age < -2 standard deviations below the median (%)",2007,Male,15.959212,11.736207,20.593964
CM_01,Number of under-five deaths,1976,Male,373392.0,336695.0,413213.0
WHS3_56,Neonatal tetanus - number of reported cases,2006,,1667.0,,
CHILDDEATH5TO14,Number of deaths among children 5 to 14 years of age,1992,Both sexes,104325.0,92039.0,119992.0
CHILDDEATH5TO14,Number of deaths among children 5 to 14 years of age,2016,Female,57949.0,51527.0,65177.0
MDG_0000000001,Infant mortality rate (probability of dying between birth and age 1 per 1000 live births),2001,Female,84.038813246,78.924262296,89.435637918
CM_01,Number of under-five deaths,1975,Male,372363.0,335000.0,413496.0
CM_02,Number of infant deaths,1969,Male,279189.0,248481.0,314675.0
NCD_BMI_PLUS2C,"Obesity among children and adolescents, BMI-for-age > +2 standard deviations above the median (crude estimate) (%)",1996,Female,0.98871682,0.44219256,1.8740937
CM_02,Number of infant deaths,1999,Male,278680.0,262387.0,296267.0
NCD_BMI_PLUS1C,"Overweight among children and adolescents, BMI-for-age > +1 standard deviations above the median (crude estimate) (%)",2018,Male,7.0737652,4.6889056,9.9217504
NCD_BMI_MINUS2C,"Thinness among children and adolescents, BMI-for-age < -2 standard deviations below the median (%)",2009,Male,19.008273,14.530122,23.68077
CM_02,Number of infant deaths,1982,Both sexes,374669.0,344367.0,406740.0
MDG_0000000007,Under-five mortality rate (probability of dying by age 5 per 1000 live births),2021,Male,123.186336909,110.381547574,137.505151292
NCD_BMI_PLUS2C,"Obesity among children and adolescents, BMI-for-age > +2 standard deviations above the median (crude estimate) (%)",2016,Male,1.7153515,0.82861343,3.0219547
CM_02,Number of infant deaths,1981,Both sexes,370544.0,339223.0,403624.0
CM_03,Number of neonatal deaths,1984,Both sexes,192013.0,170164.0,215282.0
SDGPOISON,Mortality rate attributed to unintentional poisoning (per 100 000 population),2001,Male,1.152432269,0.673094687,1.848791831
WHS4_128,Neonates protected at birth against neonatal tetanus (PAB) (%),2020,,65.0,,
WHS4_543,BCG immunization coverage among 1-year-olds (%) (WUENIC),2015,,53.0,,
CM_01,Number of under-five deaths,1979,Female,332554.0,301898.0,364722.0
MDG_0000000001,Infant mortality rate (probability of dying between birth and age 1 per 1000 live births),1967,Male,170.038561018,150.006236521,193.583946308
MDG_0000000001,Infant mortality rate (probability of dying between birth and age 1 per 1000 live births),1981,Both sexes,104.709479104,95.710573356,114.24780967
WHS3_56,Neonatal tetanus - number of reported cases,1996,,1117.0,,
SDGPOISON,Mortality rate attributed to unintentional poisoning (per 100 000 population),2007,Both sexes,0.965021531,0.559329539,1.466101715
CM_01,Number of under-five deaths,2007,Female,394338.0,370034.0,419917.0
CHILDMORT5TO14,Mortality rate for 5-14 year-olds (probability of dying per 1000 children aged 5-14 years),2012,Male,24.465117779,21.767633606,27.340723503
CM_02,Number of infant deaths,1982,Male,205364.0,188020.0,223830.0
CHILDDEATH5TO14,Number of deaths among children 5 to 14 years of age,1997,Male,54673.0,48888.0,62401.0
MDG_0000000007,Under-five mortality rate (probability of dying by age 5 per 1000 live births),1974,Male,261.148427769,233.537291844,291.640924048
NCD_BMI_MINUS2C,"Thinness among children and adolescents, BMI-for-age < -2 standard deviations below the median (%)",2009,Both sexes,9.9287242,7.6087169,12.513076
MDG_0000000007,Under-five mortality rate (probability of dying by age 5 per 1000 live births),1975,Male,252.847420445,226.842619127,281.440704676
NCD_BMI_PLUS2C,"Obesity among children and adolescents, BMI-for-age > +2 standard deviations above the median (crude estimate) (%)",2007,Male,1.124172,0.55708005,1.9911546
MDG_0000000001,Infant mortality rate (probability of dying between birth and age 1 per 1000 live births),1976,Female,110.453710577,98.729637498,123.069908028
NCD_BMI_MINUS2C,"Thinness among children and adolescents, BMI-for-age < -2 standard deviations below the median (%)",1996,Female,8.6922675,5.8949225,11.90699
NUTOVERWEIGHTNUM,"Overweight numbers among children under 5 years of age (thousands), model-based estimates",2004,Male,697.2,576.8,846.1
NUTRITION_ANAEMIA_CHILDREN_PREV,Prevalence of anaemia in children aged 6-59 months (%),2009,Mild,24.6,22.1,26.7
MDG_0000000001,Infant mortality rate (probability of dying between birth and age 1 per 1000 live births),1971,Male,151.864781761,134.74705551,171.679349187
VACCINECOVERAGE_YFV,Yellow fever vaccine (YFV) immunization coverage among 1-year olds (%),2017,,54.0,,
NCD_BMI_MINUS2C,"Thinness among children and adolescents, BMI-for-age < -2 standard deviations below the median (%)",1995,Female,9.4861127,5.6354441,14.019161
WHS4_129,Hib (Hib3) immunization coverage among 1-year-olds (%) (WUENIC),2008,,0.0,,
NUTRITION_ANAEMIA_CHILDREN_NUM,Number of children aged 6-59 months with anaemia (thousands),2008,Severe,1450.0,959.0,2030.0
WHOSIS_000016,Mortality rate among children ages 5 to 9 years (per 1000 children aged 5),1993,Both sexes,23.397861047,20.723786752,26.753608764
NCD_BMI_MINUS2C,"Thinness among children and adolescents, BMI-for-age < -2 standard deviations below the median (%)",1995,Both sexes,13.773003,10.250248,17.600559
NUTRITION_ANAEMIA_CHILDREN_PREV,Prevalence of anaemia in children aged 6-59 months (%),2013,Total,71.8,66.5,76.2
NCD_BMI_PLUS2C,"Obesity among children and adolescents, BMI-for-age > +2 standard deviations above the median (crude estimate) (%)",2000,Male,0.87234452,0.2993755,1.8829551
MDG_0000000007,Under-five mortality rate (probability of dying by age 5 per 1000 live births),2006,Male,148.594036076,139.561391953,158.031474119
WHS3_49,Poliomyelitis - number of reported cases,2014,,36.0,,
CM_01,Number of under-five deaths,1986,Female,369785.0,341781.0,398572.0
CHILDDEATH5TO14,Number of deaths among children 5 to 14 years of age,2015,Female,56977.0,50819.0,63708.0
MDG_0000000007,Under-five mortality rate (probability of dying by age 5 per 1000 live births),2010,Female,119.080479513,111.134278851,127.331747272
CM_02,Number of infant deaths,2002,Both sexes,504516.0,475757.0,534829.0
MDG_0000000001,Infant mortality rate (probability of dying between birth and age 1 per 1000 live births),1978,Male,119.957433176,108.3128035,132.478623459
CHILDDEATH5TO14,Number of deaths among children 5 to 14 years of age,2015,Male,64508.0,57591.0,71964.0
NCD_BMI_PLUS1C,"Overweight among children and adolescents, BMI-for-age > +1 standard deviations above the median (crude estimate) (%)",2005,Female,7.2406135,5.2043639,9.6648239
WHS8_110,Measles-containing-vaccine first-dose (MCV1) immunization coverage among 1-year-olds (%) (WUENIC),2019,,58.0,,
NCD_BMI_PLUS1C,"Overweight among children and adolescents, BMI-for-age > +1 standard deviations above the median (crude estimate) (%)",1994,Female,4.7906492,2.826182,7.4217536
MDG_0000000001,Infant mortality rate (probability of dying between birth and age 1 per 1000 live births),1970,Male,216.269326382,191.885694183,245.172606633
CHILDMORT5TO14,Mortality rate for 5-14 year-olds (probability of dying per 1000 children aged 5-14 years),1994,Both sexes,34.69637261,30.564227117,40.173547175
NUTRITION_ANAEMIA_CHILDREN_PREV,Prevalence of anaemia in children aged 6-59 months (%),2006,Mild,23.6,20.8,26.1
CM_01,Number of under-five deaths,1997,Both sexes,941372.0,886453.0,1001901.0
CHILDDEATH5TO14,Number of deaths among children 5 to 14 years of age,2020,Both sexes,133945.0,116555.0,155448.0
CM_02,Number of infant deaths,1970,Female,242667.0,214960.0,273546.0
CM_02,Number of infant deaths,1993,Male,260024.0,243819.0,277511.0
CM_03,Number of neonatal deaths,1986,Both sexes,194790.0,172452.0,218175.0
CHILDMORT5TO14,Mortality rate for 5-14 year-olds (probability of dying per 1000 children aged 5-14 years),2017,Female,21.348642901,18.72783632,24.418560428
NCD_BMI_MINUS2C,"Thinness among children and adolescents, BMI-for-age < -2 standard deviations below the median (%)",2012,Both sexes,12.341008,10.161733,14.622325
CHILDDEATH5TO14,Number of deaths among children 5 to 14 years of age,2022,Both sexes,137830.0,115754.0,168061.0
MDG_0000000007,Under-five mortality rate (probability of dying by age 5 per 1000 live births),1995,Both sexes,200.994406326,189.035080506,214.049443967
WHS3_56,Neonatal tetanus - number of reported cases,2022,,55.0,,
MDG_0000000007,Under-five mortality rate (probability of dying by age 5 per 1000 live births),1986,Female,198.175206311,183.069801681,213.77710167
NCD_BMI_PLUS2C,"Obesity among children and adolescents, BMI-for-age > +2 standard deviations above the median (crude estimate) (%)",2015,Male,2.2564212,1.1797146,3.8165808
WHOSIS_000016,Mortality rate among children ages 5 to 9 years (per 1000 children aged 5),2006,Both sexes,16.984693673,15.638295506,18.495570599
CM_02,Number of infant deaths,2006,Female,214801.0,201369.0,228642.0
WHS3_49,Poliomyelitis - number of reported cases,1993,,1083.0,,
SDGPOISON,Mortality rate attributed to unintentional poisoning (per 100 000 population),2009,Both sexes,1.127952076,0.685038522,1.65176365
CM_02,Number of infant deaths,2013,Male,275107.0,255295.0,295747.0
NCD_BMI_PLUS2C,"Obesity among children and adolescents, BMI-for-age > +2 standard deviations above the median (crude estimate) (%)",1990,Female,0.51570032,0.15087218,1.2253791
WHOSIS_000016,Mortality rate among children ages 5 to 9 years (per 1000 children aged 5),2012,Female,14.165561646,12.703955046,15.720061849
MCV2,Measles-containing-vaccine second-dose (MCV2) immunization coverage by the locally recommended age (%) (WUENIC),2024,,35.0,,
WHS3_49,Poliomyelitis - number of reported cases,1981,,335.0,,
NUTRITION_ANAEMIA_CHILDREN_NUM,Number of children aged 6-59 months with anaemia (thousands),2005,Mild,5640.0,4930.0,6270.0
CM_01,Number of under-five deaths,1999,Male,496928.0,468062.0,528342.0
MCV2,Measles-containing-vaccine second-dose (MCV2) immunization coverage by the locally recommended age (%) (WUENIC),2020,,16.0,,
NCD_BMI_MINUS2C,"Thinness among children and adolescents, BMI-for-age < -2 standard deviations below the median (%)",2006,Both sexes,10.069529,7.5531684,12.885873
SDGPOISON,Mortality rate attributed to unintentional poisoning (per 100 000 population),2000,Female,0.650827447,0.372606834,0.992178554
WHS4_129,Hib (Hib3) immunization coverage among 1-year-olds (%) (WUENIC),2002,,0.0,,
WHOSIS_000003,Neonatal mortality rate (per 1000 live births),1971,Both sexes,65.515055243,55.985903218,76.961826705
NCD_BMI_MINUS2C,"Thinness among children and adolescents, BMI-for-age < -2 standard deviations below the median (%)",2020,Both sexes,10.954784,7.8444004,14.756721
NUTOVERWEIGHTNUM,"Overweight numbers among children under 5 years of age (thousands), model-based estimates",2002,Male,759.3,617.8,936.1
WHOSIS_000016,Mortality rate among children ages 5 to 9 years (per 1000 children aged 5),1992,Female,23.014934222,19.998474112,26.716333422
WHS3_56,Neonatal tetanus - number of reported cases,2020,,55.0,,
NUTRITION_ANAEMIA_CHILDREN_PREV,Prevalence of anaemia in children aged 6-59 months (%),2018,Severe,3.6,2.3,5.1
NCD_BMI_MINUS2C,"Thinness among children and adolescents, BMI-for-age < -2 standard deviations below the median (%)",2021,Male,12.049299,6.887868,18.677102
CM_04,Number of deaths among children ages 5 to 9 years,2006,Both sexes,72715.0,66905.0,79243.0
NCD_BMI_PLUS1C,"Overweight among children and adolescents, BMI-for-age > +1 standard deviations above the median (crude estimate) (%)",1999,Both sexes,4.1568935,3.197312,5.2578505
WHOSIS_000016,Mortality rate among children ages 5 to 9 years (per 1000 children aged 5),2017,Both sexes,13.831618099,12.308589899,15.461653164
MDG_0000000001,Infant mortality rate (probability of dying between birth and age 1 per 1000 live births),1972,Female,127.941790336,113.107656024,144.296198523
NCD_BMI_PLUS1C,"Overweight among children and adolescents, BMI-for-age > +1 standard deviations above the median (crude estimate) (%)",2009,Both sexes,7.536684,5.9294693,9.4238855
CM_03,Number of neonatal deaths,2004,Both sexes,250787.0,226543.0,276037.0
NUTOVERWEIGHTNUM,"Overweight numbers among children under 5 years of age (thousands), model-based estimates",2010,Both sexes,839.7,728.7,967.0
NCD_BMI_PLUS2C,"Obesity among children and adolescents, BMI-for-age > +2 standard deviations above the median (crude estimate) (%)",2006,Male,1.0430903,0.49101193,1.9018196
NCD_BMI_PLUS2C,"Obesity among children and adolescents, BMI-for-age > +2 standard deviations above the median (crude estimate) (%)",1992,Female,0.76155001,0.26447985,1.6699878
ROTAC,Rotavirus vaccines completed dose (RotaC) immunization coverage among 1-year-olds (%),2013,,0.0,,
MDG_0000000007,Under-five mortality rate (probability of dying by age 5 per 1000 live births),1968,Female,396.142365064,351.370196172,448.34362343
CHILDVIOL,Indicator 16.2.1: Proportion of children aged 1-17 years who experienced any physical punishment and/or psychological aggression by caregivers in the past month,2021,Male,90.4,,
WHOSIS_000016,Mortality rate among children ages 5 to 9 years (per 1000 children aged 5),2004,Female,17.314948012,15.746611375,19.17048511
CM_02,Number of infant deaths,1984,Both sexes,387235.0,357763.0,418012.0
CM_02,Number of infant deaths,1980,Male,201948.0,183685.0,221440.0
MDG_0000000001,Infant mortality rate (probability of dying between birth and age 1 per 1000 live births),1990,Male,113.008845198,105.297745646,121.143359838
MCV2,Measles-containing-vaccine second-dose (MCV2) immunization coverage by the locally recommended age (%) (WUENIC),2014,,0.0,,
NUTRITION_ANAEMIA_CHILDREN_NUM,Number of children aged 6-59 months with anaemia (thousands),2010,Both sexes,20113.626,18376.0,21489.0
MDG_0000000007,Under-five mortality rate (probability of dying by age 5 per 1000 live births),2002,Both sexes,177.905558306,165.181981437,191.474227982
NUTRITION_ANAEMIA_CHILDREN_NUM,Number of children aged 6-59 months with anaemia (thousands),2003,Total,17800.0,16100.0,19000.0
WHS4_128,Neonates protected at birth against neonatal tetanus (PAB) (%),2008,,64.0,,
MDG_0000000001,Infant mortality rate (probability of dying between birth and age 1 per 1000 live births),1998,Female,91.776686794,86.106530198,97.986460981
VACCINECOVERAGE_MENA_C,Meningococcal A conjugate (MENGA) vaccine immunization coverage (%) (WUENIC),2024,,56.0,,
NCD_BMI_PLUS2C,"Obesity among children and adolescents, BMI-for-age > +2 standard deviations above the median (crude estimate) (%)",2013,Female,2.9870639,1.6799711,4.7849
NUTRITION_ANAEMIA_CHILDREN_NUM,Number of children aged 6-59 months with anaemia (thousands),2002,Both sexes,17485.584,15820.0,18672.0
NUTRITION_ANAEMIA_CHILDREN_PREV,Prevalence of anaemia in children aged 6-59 months (%),2017,Moderate,40.2,35.2,44.4
MDG_0000000001,Infant mortality rate (probability of dying between birth and age 1 per 1000 live births),2015,Female,61.541523994,56.728570658,66.699461101
CM_02,Number of infant deaths,2008,Both sexes,485494.0,455781.0,516982.0
CHILDDEATH5TO14,Number of deaths among children 5 to 14 years of age,2022,Female,63656.0,52882.0,78063.0
VACCINECOVERAGE_MENA_C,Meningococcal A conjugate (MENGA) vaccine immunization coverage (%) (WUENIC),2017,,0.0,,
SDGPOISON,Mortality rate attributed to unintentional poisoning (per 100 000 population),2010,Both sexes,1.099184299,0.704396448,1.580994992
WHS3_62,Measles - number of reported cases,1977,,282897.0,,
CM_01,Number of under-five deaths,2010,Both sexes,220609.0,201994.0,240456.0
MDG_0000000001,Infant mortality rate (probability of dying between birth and age 1 per 1000 live births),2019,Male,75.345306773,68.620126469,82.820504946
MDG_0000000007,Under-five mortality rate (probability of dying by age 5 per 1000 live births),1983,Male,215.25283088,198.07999631,234.007279309
WHOSIS_000016,Mortality rate among children ages 5 to 9 years (per 1000 children aged 5),2016,Both sexes,13.935537953,12.453940682,15.530789225
CM_01,Number of under-five deaths,1992,Both sexes,218118.0,196034.0,240464.0
MDG_0000000007,Under-five mortality rate (probability of dying by age 5 per 1000 live births),2020,Female,111.347491239,100.82729059,123.174782941
NUTRITION_ANAEMIA_CHILDREN_NUM,Number of children aged 6-59 months with anaemia (thousands),2013,Mild,7570.0,7060.0,8030.0
ROTAC,Rotavirus vaccines completed dose (RotaC) immunization coverage among 1-year-olds (%),2011,,0.0,,
NUTRITION_ANAEMIA_CHILDREN_NUM,Number of children aged 6-59 months with anaemia (thousands),2014,Total,21800.0,20300.0,23100.0
NCD_BMI_PLUS1C,"Overweight among children and adolescents, BMI-for-age > +1 standard deviations above the median (crude estimate) (%)",2009,Male,5.4943018,3.9383579,7.3225521
MDG_0000000007,Under-five mortality rate (probability of dying by age 5 per 1000 live births),2013,Both sexes,130.22590742,119.787914265,141.323125357
WHOSIS_000016,Mortality rate among children ages 5 to 9 years (per 1000 children aged 5),2022,Male,14.589192188,12.337981467,17.005835744
NCD_BMI_PLUS2C,"Obesity among children and adolescents, BMI-for-age > +2 standard deviations above the median (crude estimate) (%)",2018,Both sexes,2.5700158,1.5983118,3.8456067
CM_01,Number of under-five deaths,2004,Both sexes,149529.0,137379.0,162549.0
NUTRITION_ANAEMIA_CHILDREN_NUM,Number of children aged 6-59 months with anaemia (thousands),2012,Moderate,12200.0,10800.0,13500.0
NUTRITION_ANAEMIA_CHILDREN_NUM,Number of children aged 6-59 months with anaemia (thousands),2003,Moderate,11000.0,9490.0,12100.0
MDG_0000000001,Infant mortality rate (probability of dying between birth and age 1 per 1000 live births),1971,Female,132.309097327,116.701806825,149.659413584
CHILDDEATH5TO14,Number of deaths among children 5 to 14 years of age,1990,Both sexes,103150.0,90010.0,118691.0
CHILDDEATH5TO14,Number of deaths among children 5 to 14 years of age,2017,Both sexes,126372.0,113026.0,141960.0
WHOSIS_000016,Mortality rate among children ages 5 to 9 years (per 1000 children aged 5),2000,Female,19.222037655,17.285610471,21.678724364
NCD_BMI_MINUS2C,"Thinness among children and adolescents, BMI-for-age < -2 standard deviations below the median (%)",1999,Female,8.793325,6.185383,11.736199
NUTOVERWEIGHTNUM,"Overweight numbers among children under 5 years of age (thousands), model-based estimates",2022,Female,221.9,179.2,276.3
NUTRITION_ANAEMIA_CHILDREN_PREV,Prevalence of anaemia in children aged 6-59 months (%),2004,Mild,22.7,19.7,25.5
NCD_BMI_MINUS2C,"Thinness among children and adolescents, BMI-for-age < -2 standard deviations below the median (%)",2001,Both sexes,14.356379,11.270073,17.618288
NUTRITION_ANAEMIA_CHILDREN_PREV,Prevalence of anaemia in children aged 6-59 months (%),2001,Moderate,49.1,42.7,54.1
MALARIA_EST_MORTALITY,Estimated malaria mortality rate (per 100 000 population),2002,,172.5215931,162.531407,182.9163023
CM_04,Number of deaths among children ages 5 to 9 years,2020,Both sexes,85710.0,74785.0,97295.0
CM_01,Number of under-five deaths,1993,Male,481952.0,451745.0,514515.0
VACCINECOVERAGE_YFV,Yellow fever vaccine (YFV) immunization coverage among 1-year olds (%),2009,,69.0,,
CHILDDEATH5TO14,Number of deaths among children 5 to 14 years of age,2001,Male,54532.0,49257.0,60871.0
NCD_BMI_MINUS2C,"Thinness among children and adolescents, BMI-for-age < -2 standard deviations below the median (%)",2013,Female,8.5657358,6.7503877,10.518324
CM_02,Number of infant deaths,2000,Both sexes,508820.0,479652.0,539096.0
NUTRITION_ANAEMIA_CHILDREN_NUM,Number of children aged 6-59 months with anaemia (thousands),2014,Moderate,12700.0,11300.0,13900.0
NUTRITION_ANAEMIA_CHILDREN_NUM,Number of children aged 6-59 months with anaemia (thousands),2019,Total,23000.0,20400.0,25100.0
NCD_BMI_MINUS2C,"Thinness among children and adolescents, BMI-for-age < -2 standard deviations below the median (%)",2017,Male,19.936006,15.06528,25.090927
CHILDDEATH5TO14,Number of deaths among children 5 to 14 years of age,2017,Male,67389.0,59902.0,76053.0
NUTRITION_ANAEMIA_CHILDREN_NUM,Number of children aged 6-59 months with anaemia (thousands),2017,Mild,8520.0,8020.0,8990.0
CM_01,Number of under-five deaths,1993,Female,420444.0,393893.0,448523.0
MDG_0000000001,Infant mortality rate (probability of dying between birth and age 1 per 1000 live births),1967,Female,148.346863277,130.590866232,169.565120931
CHILDDEATH5TO14,Number of deaths among children 5 to 14 years of age,2006,Female,51186.0,46209.0,56445.0
NUTOVERWEIGHTNUM,"Overweight numbers among children under 5 years of age (thousands), model-based estimates",2007,Male,573.1,484.0,682.0
CM_03,Number of neonatal deaths,1999,Both sexes,252490.0,229723.0,277212.0
CM_01,Number of under-five deaths,2001,Both sexes,161262.0,147063.0,176637.0
SDGPOISON,Mortality rate attributed to unintentional poisoning (per 100 000 population),2021,Both sexes,1.068970593,0.636131918,1.70630958
CM_01,Number of under-five deaths,1970,Male,511629.0,454495.0,578099.0
WHOSIS_000016,Mortality rate among children ages 5 to 9 years (per 1000 children aged 5),1995,Both sexes,22.534826406,20.104984091,25.626000531
WHS3_56,Neonatal tetanus - number of reported cases,2018,,130.0,,
NUTOVERWEIGHTNUM,"Overweight numbers among children under 5 years of age (thousands), model-based estimates",2004,Female,592.2,487.9,721.8
MDG_0000000001,Infant mortality rate (probability of dying between birth and age 1 per 1000 live births),1975,Male,132.161946694,118.516129312,147.715428291
MDG_0000000007,Under-five mortality rate (probability of dying by age 5 per 1000 live births),1997,Both sexes,244.119012199,221.345729958,268.213586214
CM_04,Number of deaths among children ages 5 to 9 years,2002,Both sexes,71784.0,65672.0,79389.0
NCD_BMI_MINUS2C,"Thinness among children and adolescents, BMI-for-age < -2 standard deviations below the median (%)",2000,Male,12.255446,7.4124217,18.031299
WHOSIS_000003,Neonatal mortality rate (per 1000 live births),2005,Both sexes,40.020923928,36.223162795,44.028026697
CHILDDEATH5TO14,Number of deaths among children 5 to 14 years of age,2006,Both sexes,107432.0,97902.0,117679.0
NUTOVERWEIGHTNUM,"Overweight numbers among children under 5 years of age (thousands), model-based estimates",2008,Male,531.3,455.1,623.8
MDG_0000000007,Under-five mortality rate (probability of dying by age 5 per 1000 live births),2013,Female,112.972001707,104.855687968,121.634998098
SDGPOISON,Mortality rate attributed to unintentional poisoning (per 100 000 population),2011,Male,1.056689126,0.61907549,1.623834971
NUTOVERWEIGHTNUM,"Overweight numbers among children under 5 years of age (thousands), model-based estimates",2009,Both sexes,908.5,777.2,1061.1
NCD_BMI_PLUS1C,"Overweight among children and adolescents, BMI-for-age > +1 standard deviations above the median (crude estimate) (%)",2013,Male,8.0355376,5.5231106,11.121687
MDG_0000000001,Infant mortality rate (probability of dying between birth and age 1 per 1000 live births),1997,Male,109.876607545,103.210301026,117.195035502
WHOSIS_000003,Neonatal mortality rate (per 1000 live births),2017,Both sexes,38.477787533,34.508334887,43.122360334
CM_02,Number of infant deaths,2021,Both sexes,502722.0,451344.0,559772.0
CM_01,Number of under-five deaths,2013,Female,394190.0,365815.0,424378.0
MDG_0000000007,Under-five mortality rate (probability of dying by age 5 per 1000 live births),1987,Both sexes,208.030285023,193.220466699,223.567058698
WHS4_129,Hib (Hib3) immunization coverage among 1-year-olds (%) (WUENIC),2004,,0.0,,
CM_04,Number of deaths among children ages 5 to 9 years,2015,Both sexes,79407.0,71229.0,88196.0
CHILDDEATH5TO14,Number of deaths among children 5 to 14 years of age,2018,Male,68843.0,60785.0,78314.0
WHS3_62,Measles - number of reported cases,1990,,115682.0,,
MDG_0000000001,Infant mortality rate (probability of dying between birth and age 1 per 1000 live births),1975,Both sexes,123.603115123,111.043433256,137.395938479
NCD_BMI_PLUS2C,"Obesity among children and adolescents, BMI-for-age > +2 standard deviations above the median (crude estimate) (%)",1998,Female,0.89190658,0.45067463,1.5516968
WHOSIS_000016,Mortality rate among children ages 5 to 9 years (per 1000 children aged 5),1992,Male,24.555732902,21.441043532,28.424164107
NUTRITION_ANAEMIA_CHILDREN_NUM,Number of children aged 6-59 months with anaemia (thousands),2002,Total,17500.0,15800.0,18700.0
WHS8_110,Measles-containing-vaccine first-dose (MCV1) immunization coverage among 1-year-olds (%) (WUENIC),2001,,32.0,,
WHS8_110,Measles-containing-vaccine first-dose (MCV1) immunization coverage among 1-year-olds (%) (WUENIC),2024,,57.0,,
NCD_BMI_MINUS2C,"Thinness among children and adolescents, BMI-for-age < -2 standard deviations below the median (%)",2015,Female,9.0052843,6.7349687,11.557738
CM_02,Number of infant deaths,1989,Female,191813.0,178095.0,206264.0
CHILDMORT5TO14,Mortality rate for 5-14 year-olds (probability of dying per 1000 children aged 5-14 years),2003,Both sexes,28.378363403,25.548545493,31.4583004
WHS3_49,Poliomyelitis - number of reported cases,2000,,638.0,,
MDG_0000000007,Under-five mortality rate (probability of dying by age 5 per 1000 live births),1998,Both sexes,229.519218223,208.058246922,252.886236971
MDG_0000000007,Under-five mortality rate (probability of dying by age 5 per 1000 live births),1994,Female,194.208368774,181.960675814,207.152157736
CM_02,Number of infant deaths,2007,Male,271805.0,254874.0,289384.0
NCD_BMI_MINUS2C,"Thinness among children and adolescents, BMI-for-age < -2 standard deviations below the median (%)",2002,Both sexes,10.485016,7.6765671,13.665581
MDG_0000000001,Infant mortality rate (probability of dying between birth and age 1 per 1000 live births),2023,Male,76.492773908,66.50281609,88.317806615
MALARIA_EST_MORTALITY,Estimated malaria mortality rate (per 100 000 population),2015,,88.66121306,77.62335041,102.5940621
CM_01,Number of under-five deaths,1970,Female,464892.0,412257.0,524499.0
CM_01,Number of under-five deaths,1983,Male,399447.0,367582.0,433871.0
VACCINECOVERAGE_MENA_C,Meningococcal A conjugate (MENGA) vaccine immunization coverage (%) (WUENIC),2023,,49.0,,
NCD_BMI_MINUS2C,"Thinness among children and adolescents, BMI-for-age < -2 standard deviations below the median (%)",1993,Male,18.768457,12.225547,25.897729
NUTRITION_ANAEMIA_CHILDREN_PREV,Prevalence of anaemia in children aged 6-59 months (%),2014,Severe,4.4,3.3,5.8
NUTRITION_ANAEMIA_CHILDREN_NUM,Number of children aged 6-59 months with anaemia (thousands),2009,Both sexes,19745.314,17922.0,21129.0
CM_02,Number of infant deaths,1980,Female,166874.0,151133.0,183162.0
CHILDMORT5TO14,Mortality rate for 5-14 year-olds (probability of dying per 1000 children aged 5-14 years),2013,Female,22.344714881,19.754659633,25.01760513
CHILDMORT5TO14,Mortality rate for 5-14 year-olds (probability of dying per 1000 children aged 5-14 years),2018,Male,23.585789951,20.633715412,27.061104145
WHS3_56,Neonatal tetanus - number of reported cases,2009,,90.0,,
NCD_BMI_PLUS2C,"Obesity among children and adolescents, BMI-for-age > +2 standard deviations above the median (crude estimate) (%)",2000,Both sexes,1.0844777,0.63879038,1.7333657
SDGPOISON,Mortality rate attributed to unintentional poisoning (per 100 000 population),2013,Male,1.072387297,0.636016237,1.619641464
WHS8_110,Measles-containing-vaccine first-dose (MCV1) immunization coverage among 1-year-olds (%) (WUENIC),2020,,60.0,,
NUTRITION_ANAEMIA_CHILDREN_NUM,Number of children aged 6-59 months with anaemia (thousands),2012,Total,20900.0,19300.0,22300.0
CM_04,Number of deaths among children ages 5 to 9 years,2021,Male,46793.0,39979.0,54331.0
CM_02,Number of infant deaths,1979,Male,201940.0,183292.0,222006.0
CHILDMORT5TO14,Mortality rate for 5-14 year-olds (probability of dying per 1000 children aged 5-14 years),2015,Male,23.830228547,21.067950296,26.829021503
NUTOVERWEIGHTNUM,"Overweight numbers among children under 5 years of age (thousands), model-based estimates",2006,Both sexes,1138.4,947.6,1365.5
WHS4_543,BCG immunization coverage among 1-year-olds (%) (WUENIC),2005,,49.0,,
WHOSIS_000003,Neonatal mortality rate (per 1000 live births),1991,Both sexes,49.638519793,44.602803054,55.043014939
NUTRITION_ANAEMIA_CHILDREN_NUM,Number of children aged 6-59 months with anaemia (thousands),2011,Total,20500.0,18800.0,21900.0
NCD_BMI_PLUS1C,"Overweight among children and adolescents, BMI-for-age > +1 standard deviations above the median (crude estimate) (%)",2006,Both sexes,5.4516751,4.5973815,6.397675
NUTRITION_ANAEMIA_CHILDREN_NUM,Number of children aged 6-59 months with anaemia (thousands),2019,Severe,1140.0,651.0,1740.0
CM_03,Number of neonatal deaths,2021,Both sexes,287722.0,248868.0,333662.0
NUTRITION_ANAEMIA_CHILDREN_PREV,Prevalence of anaemia in children aged 6-59 months (%),2016,Total,70.9,65.8,75.2
CHILDMORT5TO14,Mortality rate for 5-14 year-olds (probability of dying per 1000 children aged 5-14 years),1990,Female,36.288349018,30.794863607,42.620864673
CM_02,Number of infant deaths,2008,Male,272151.0,254903.0,289975.0
CM_03,Number of neonatal deaths,2014,Both sexes,279929.0,252429.0,309814.0
NUTRITION_ANAEMIA_CHILDREN_PREV,Prevalence of anaemia in children aged 6-59 months (%),2009,Moderate,43.3,37.4,48.0
ORALHEALTH_UNTREATEDCARIESDECIDUOUS,Prevalence of untreated caries of deciduous teeth in children 1-9 years (%),2019,,35.48586,,
WHS8_110,Measles-containing-vaccine first-dose (MCV1) immunization coverage among 1-year-olds (%) (WUENIC),2017,,54.0,,
MDG_0000000007,Under-five mortality rate (probability of dying by age 5 per 1000 live births),2019,Female,111.190218938,101.446464613,122.100905089
CHILDMORT5TO14,Mortality rate for 5-14 year-olds (probability of dying per 1000 children aged 5-14 years),1998,Female,30.961360758,27.363768803,35.531895295
CM_04,Number of deaths among children ages 5 to 9 years,2018,Both sexes,83360.0,73746.0,93612.0
CM_02,Number of infant deaths,1983,Male,209623.0,192374.0,228012.0
CM_02,Number of infant deaths,1984,Male,212897.0,196054.0,230730.0
SDGPOISON,Mortality rate attributed to unintentional poisoning (per 100 000 population),2020,Both sexes,1.040206433,0.62892758,1.622578006
NCD_BMI_PLUS1C,"Overweight among children and adolescents, BMI-for-age > +1 standard deviations above the median (crude estimate) (%)",2005,Both sexes,5.8062639,4.746487,7.0036449
CM_01,Number of under-five deaths,2005,Male,468582.0,440661.0,497736.0
CM_02,Number of infant deaths,1984,Female,174338.0,159845.0,189182.0
NUTOVERWEIGHTNUM,"Overweight numbers among children under 5 years of age (thousands), model-based estimates",2009,Female,416.8,358.5,487.5
WHS3_49,Poliomyelitis - number of reported cases,2001,,56.0,,
MDG_0000000007,Under-five mortality rate (probability of dying by age 5 per 1000 live births),1973,Male,269.615349321,240.333907519,302.301523737
ROTAC,Rotavirus vaccines completed dose (RotaC) immunization coverage among 1-year-olds (%),2015,,0.0,,
MDG_0000000007,Under-five mortality rate (probability of dying by age 5 per 1000 live births),1972,Male,277.87083784,247.186304005,312.55950172
MALARIA_EST_MORTALITY,Estimated malaria mortality rate (per 100 000 population),2001,,174.3334959,164.3960308,184.6536347
NUTRITION_ANAEMIA_CHILDREN_NUM,Number of children aged 6-59 months with anaemia (thousands),2018,Severe,1190.0,766.0,1680.0
NUTRITION_ANAEMIA_CHILDREN_NUM,Number of children aged 6-59 months with anaemia (thousands),2006,Mild,5910.0,5210.0,6540.0
WHOSIS_000016,Mortality rate among children ages 5 to 9 years (per 1000 children aged 5),2011,Male,15.49132857,13.963396737,17.120459685
MDG_0000000007,Under-five mortality rate (probability of dying by age 5 per 1000 live births),1975,Female,233.494311348,209.03599145,259.780720863
CHILDMORT5TO14,Mortality rate for 5-14 year-olds (probability of dying per 1000 children aged 5-14 years),2006,Male,27.370097084,24.594690116,30.3934711
WHS3_49,Poliomyelitis - number of reported cases,2015,,1.0,,
CHILDMORT5TO14,Mortality rate for 5-14 year-olds (probability of dying per 1000 children aged 5-14 years),1994,Female,33.805905269,29.431295901,39.569162167
CM_02,Number of infant deaths,2021,Female,223726.0,199868.0,249873.0
NUTOVERWEIGHTNUM,"Overweight numbers among children under 5 years of age (thousands), model-based estimates",2023,Female,233.1,177.0,308.6
NUTOVERWEIGHTNUM,"Overweight numbers among children under 5 years of age (thousands), model-based estimates",2001,Female,663.3,538.2,820.1
CM_01,Number of under-five deaths,2018,Both sexes,223583.0,201551.0,247134.0
NCD_BMI_MINUS2C,"Thinness among children and adolescents, BMI-for-age < -2 standard deviations below the median (%)",2015,Both sexes,12.68356,10.403861,15.192084
NCD_BMI_PLUS1C,"Overweight among children and adolescents, BMI-for-age > +1 standard deviations above the median (crude estimate) (%)",1996,Both sexes,4.4819281,3.0513886,6.2606364
WHS3_62,Measles - number of reported cases,1998,,143098.0,,
CHILDMORT5TO14,Mortality rate for 5-14 year-olds (probability of dying per 1000 children aged 5-14 years),1990,Male,37.674443414,32.298120647,43.815975152
WHS3_56,Neonatal tetanus - number of reported cases,2011,,82.0,,
MDG_0000000007,Under-five mortality rate (probability of dying by age 5 per 1000 live births),1992,Female,196.278404484,183.487266556,209.868199248
NCD_BMI_PLUS2C,"Obesity among children and adolescents, BMI-for-age > +2 standard deviations above the median (crude estimate) (%)",2003,Female,1.2602569,0.79523157,1.8699491
MORT_300,Distribution of causes of death among children aged < 5 years (%),2014,0-27 days,0.31738,,
NCD_BMI_PLUS1C,"Overweight among children and adolescents, BMI-for-age > +1 standard deviations above the median (crude estimate) (%)",2018,Both sexes,9.1029331,6.8153687,11.751251
NCD_BMI_PLUS1C,"Overweight among children and adolescents, BMI-for-age > +1 standard deviations above the median (crude estimate) (%)",2008,Male,4.2240359,3.0070443,5.6966975
CM_01,Number of under-five deaths,2006,Both sexes,142932.0,131743.0,155093.0
NUTRITION_ANAEMIA_CHILDREN_NUM,Number of children aged 6-59 months with anaemia (thousands),2007,Mild,6170.0,5470.0,6790.0
MDG_0000000001,Infant mortality rate (probability of dying between birth and age 1 per 1000 live births),2007,Female,67.828787076,63.612604568,72.383420889
CM_03,Number of neonatal deaths,2022,Both sexes,291114.0,247524.0,343054.0
MDG_0000000007,Under-five mortality rate (probability of dying by age 5 per 1000 live births),2010,Both sexes,165.317914383,151.469617925,179.769903413
WHOSIS_000003,Neonatal mortality rate (per 1000 live births),2009,Both sexes,38.066636163,34.430103143,41.938646995
CM_02,Number of infant deaths,1987,Both sexes,406681.0,378184.0,436434.0
NCD_BMI_PLUS1C,"Overweight among children and adolescents, BMI-for-age > +1 standard deviations above the median (crude estimate) (%)",2008,Female,7.7842623,5.7116561,10.247687
CM_04,Number of deaths among children ages 5 to 9 years,2003,Female,34295.0,31077.0,38186.0
WHS8_110,Measles-containing-vaccine first-dose (MCV1) immunization coverage among 1-year-olds (%) (WUENIC),2002,,30.0,,
CM_01,Number of under-five deaths,1971,Both sexes,677119.0,606834.0,754292.0
NCD_BMI_PLUS1C,"Overweight among children and adolescents, BMI-for-age > +1 standard deviations above the median (crude estimate) (%)",1996,Female,5.1925834,3.231461,7.7418342
MDG_0000000007,Under-five mortality rate (probability of dying by age 5 per 1000 live births),2008,Male,140.195440386,131.201999272,149.390236097
NUTRITION_ANAEMIA_CHILDREN_PREV,Prevalence of anaemia in children aged 6-59 months (%),2010,Moderate,42.8,37.3,47.4
MDG_0000000007,Under-five mortality rate (probability of dying by age 5 per 1000 live births),2000,Female,169.048015671,158.90537808,179.687059894
NCD_BMI_MINUS2C,"Thinness among children and adolescents, BMI-for-age < -2 standard deviations below the median (%)",2002,Male,11.836732,7.2303183,17.251775
WHS3_56,Neonatal tetanus - number of reported cases,2005,,1903.0,,
NUTRITION_ANAEMIA_CHILDREN_NUM,Number of children aged 6-59 months with anaemia (thousands),2000,Mild,4450.0,3780.0,5100.0
CM_02,Number of infant deaths,1991,Both sexes,449999.0,421144.0,480257.0
NCD_BMI_PLUS1C,"Overweight among children and adolescents, BMI-for-age > +1 standard deviations above the median (crude estimate) (%)",2004,Male,4.3627128,2.8638782,6.1954424
CM_02,Number of infant deaths,1997,Male,278107.0,261359.0,296075.0
CM_01,Number of under-five deaths,2000,Female,430205.0,404539.0,456864.0
CHILDDEATH5TO14,Number of deaths among children 5 to 14 years of age,1999,Male,54729.0,49242.0,61727.0
NUTOVERWEIGHTNUM,"Overweight numbers among children under 5 years of age (thousands), model-based estimates",2014,Female,285.1,253.7,322.5
SDGPOISON,Mortality rate attributed to unintentional poisoning (per 100 000 population),2004,Female,0.765355131,0.455641612,1.119047649
NUTRITION_ANAEMIA_CHILDREN_NUM,Number of children aged 6-59 months with anaemia (thousands),2006,Moderate,11400.0,9720.0,12600.0
WHS3_62,Measles - number of reported cases,2018,,7063.0,,
SDGPOISON,Mortality rate attributed to unintentional poisoning (per 100 000 population),2019,Female,0.949011861,0.58849313,1.445594647
NCD_BMI_PLUS1C,"Overweight among children and adolescents, BMI-for-age > +1 standard deviations above the median (crude estimate) (%)",1990,Male,2.2050299,0.88574104,4.3425247
NUTOVERWEIGHTNUM,"Overweight numbers among children under 5 years of age (thousands), model-based estimates",2020,Male,255.5,221.4,296.6
MDG_0000000007,Under-five mortality rate (probability of dying by age 5 per 1000 live births),2019,Male,123.107131636,112.330508523,135.111792947
WHS4_117,Hepatitis B (HepB3) immunization coverage among 1-year-olds (%) (WUENIC),2018,,61.0,,
NCD_BMI_PLUS2C,"Obesity among children and adolescents, BMI-for-age > +2 standard deviations above the median (crude estimate) (%)",2015,Female,2.4038631,1.5037575,3.5698164
WHS4_117,Hepatitis B (HepB3) immunization coverage among 1-year-olds (%) (WUENIC),2001,,0.0,,
NUTOVERWEIGHTNUM,"Overweight numbers among children under 5 years of age (thousands), model-based estimates",2003,Male,731.3,600.6,893.7
SDGPOISON,Mortality rate attributed to unintentional poisoning (per 100 000 population),2010,Female,0.926547263,0.600236042,1.292468642
MDG_0000000001,Infant mortality rate (probability of dying between birth and age 1 per 1000 live births),2012,Female,62.168004137,57.593816042,66.944019355
CHILDDEATH5TO14,Number of deaths among children 5 to 14 years of age,2012,Male,60609.0,54564.0,67136.0
VACCINECOVERAGE_MENA_C,Meningococcal A conjugate (MENGA) vaccine immunization coverage (%) (WUENIC),2019,,22.0,,
NUTRITION_ANAEMIA_CHILDREN_PREV,Prevalence of anaemia in children aged 6-59 months (%),2016,Mild,26.0,24.5,27.4
MDG_0000000007,Under-five mortality rate (probability of dying by age 5 per 1000 live births),1990,Female,197.706079564,184.123012878,211.80139373
WHS4_543,BCG immunization coverage among 1-year-olds (%) (WUENIC),2011,,57.0,,
MDG_0000000001,Infant mortality rate (probability of dying between birth and age 1 per 1000 live births),2021,Male,76.105513614,68.127333516,85.174186539
CM_01,Number of under-five deaths,1978,Female,330927.0,298885.0,363950.0
CM_02,Number of infant deaths,2001,Female,227794.0,214095.0,242197.0
CM_02,Number of infant deaths,2011,Female,216765.0,201215.0,232777.0
WHOSIS_000016,Mortality rate among children ages 5 to 9 years (per 1000 children aged 5),2021,Female,12.747391263,10.862582239,14.748634195
CM_01,Number of under-five deaths,1985,Female,363038.0,334961.0,392256.0
NCD_BMI_PLUS1C,"Overweight among children and adolescents, BMI-for-age > +1 standard deviations above the median (crude estimate) (%)",2012,Male,7.8352071,5.4063804,10.799974
MDG_0000000001,Infant mortality rate (probability of dying between birth and age 1 per 1000 live births),1980,Male,114.194430475,103.742828072,125.556239372
WHS3_56,Neonatal tetanus - number of reported cases,2014,,104.0,,
NCD_BMI_PLUS1C,"Overweight among children and adolescents, BMI-for-age > +1 standard deviations above the median (crude estimate) (%)",2004,Female,6.8564907,5.4590356,8.4599845
NUTRITION_ANAEMIA_CHILDREN_NUM,Number of children aged 6-59 months with anaemia (thousands),2008,Mild,6410.0,5730.0,7000.0
WHOSIS_000016,Mortality rate among children ages 5 to 9 years (per 1000 children aged 5),2007,Male,17.136471031,15.614422655,18.830277779
CM_04,Number of deaths among children ages 5 to 9 years,1993,Both sexes,71772.0,63484.0,82205.0
CM_02,Number of infant deaths,1978,Male,201932.0,182555.0,222386.0
CM_02,Number of infant deaths,2001,Both sexes,508546.0,479350.0,538734.0
NUTOVERWEIGHTNUM,"Overweight numbers among children under 5 years of age (thousands), model-based estimates",2019,Both sexes,480.3,424.4,543.3
MALARIA_EST_MORTALITY,Estimated malaria mortality rate (per 100 000 population),2009,,134.8335222,125.0315614,145.1971017
WHOSIS_000003,Neonatal mortality rate (per 1000 live births),1970,Both sexes,68.566646344,58.724853201,80.564927916
NUTOVERWEIGHTNUM,"Overweight numbers among children under 5 years of age (thousands), model-based estimates",2003,Both sexes,1352.7,1108.4,1647.0
CM_01,Number of under-five deaths,1982,Female,343663.0,314501.0,374408.0
NCD_BMI_MINUS2C,"Thinness among children and adolescents, BMI-for-age < -2 standard deviations below the median (%)",1997,Both sexes,11.161159,7.8405544,14.885046
NUTRITION_ANAEMIA_CHILDREN_PREV,Prevalence of anaemia in children aged 6-59 months (%),2005,Total,75.8,68.6,81.1
CM_04,Number of deaths among children ages 5 to 9 years,2014,Both sexes,78276.0,70461.0,86635.0
WHS4_117,Hepatitis B (HepB3) immunization coverage among 1-year-olds (%) (WUENIC),2011,,45.0,,
MDG_0000000001,Infant mortality rate (probability of dying between birth and age 1 per 1000 live births),2016,Both sexes,68.073367443,62.889618659,73.803541125
CM_04,Number of deaths among children ages 5 to 9 years,1995,Female,34137.0,30005.0,39385.0
NUTRITION_ANAEMIA_CHILDREN_PREV,Prevalence of anaemia in children aged 6-59 months (%),2002,Mild,21.9,18.9,24.8
CM_02,Number of infant deaths,1972,Male,203322.0,180877.0,228960.0
MDG_0000000007,Under-five mortality rate (probability of dying by age 5 per 1000 live births),1965,Female,307.927405018,265.475807792,358.8315557
CHILDDEATH5TO14,Number of deaths among children 5 to 14 years of age,2007,Female,51553.0,46569.0,56744.0
NCD_BMI_PLUS2C,"Obesity among children and adolescents, BMI-for-age > +2 standard deviations above the median (crude estimate) (%)",1999,Both sexes,0.74889213,0.42890217,1.2235225
CHILDMORT5TO14,Mortality rate for 5-14 year-olds (probability of dying per 1000 children aged 5-14 years),2021,Female,21.035943081,17.606374921,25.329072737
VACCINECOVERAGE_YFV,Yellow fever vaccine (YFV) immunization coverage among 1-year olds (%),2007,,51.0,,
CHILDMORT5TO14,Mortality rate for 5-14 year-olds (probability of dying per 1000 children aged 5-14 years),2019,Male,23.613259846,20.47882869,27.408172308
NUTRITION_ANAEMIA_CHILDREN_NUM,Number of children aged 6-59 months with anaemia (thousands),2010,Moderate,11900.0,10300.0,13100.0
CM_04,Number of deaths among children ages 5 to 9 years,2002,Male,37488.0,33896.0,41864.0
NUTOVERWEIGHTNUM,"Overweight numbers among children under 5 years of age (thousands), model-based estimates",2014,Both sexes,621.2,550.8,700.5
MDG_0000000001,Infant mortality rate (probability of dying between birth and age 1 per 1000 live births),1965,Male,178.597255819,154.204299243,208.963342043
NUTRITION_ANAEMIA_CHILDREN_NUM,Number of children aged 6-59 months with anaemia (thousands),2004,Total,18100.0,16400.0,19400.0
CM_04,Number of deaths among children ages 5 to 9 years,1993,Female,34254.0,29858.0,39789.0
CHILDDEATH5TO14,Number of deaths among children 5 to 14 years of age,1992,Female,50441.0,43903.0,58808.0
CM_04,Number of deaths among children ages 5 to 9 years,1991,Both sexes,71691.0,62932.0,82470.0
NCD_BMI_PLUS1C,"Overweight among children and adolescents, BMI-for-age > +1 standard deviations above the median (crude estimate) (%)",2003,Male,5.4757763,3.3874467,8.2199551
WHOSIS_000016,Mortality rate among children ages 5 to 9 years (per 1000 children aged 5),2020,Both sexes,13.698333899,11.962560097,15.535682745
MDG_0000000007,Under-five mortality rate (probability of dying by age 5 per 1000 live births),2000,Male,185.089163841,174.294972456,196.567822897
NCD_BMI_MINUS2C,"Thinness among children and adolescents, BMI-for-age < -2 standard deviations below the median (%)",2019,Female,9.4434477,6.3966438,12.991446
MDG_0000000007,Under-five mortality rate (probability of dying by age 5 per 1000 live births),1996,Female,189.359040051,177.658491434,201.888275535
CM_04,Number of deaths among children ages 5 to 9 years,2002,Female,34296.0,30941.0,38306.0
CM_04,Number of deaths among children ages 5 to 9 years,2015,Female,37271.0,33028.0,41851.0
SDGPOISON,Mortality rate attributed to unintentional poisoning (per 100 000 population),2009,Female,1.021365843,0.642644909,1.427913991
NCD_BMI_PLUS2C,"Obesity among children and adolescents, BMI-for-age > +2 standard deviations above the median (crude estimate) (%)",2011,Both sexes,1.5771421,1.1482816,2.1002011
MDG_0000000007,Under-five mortality rate (probability of dying by age 5 per 1000 live births),1979,Male,226.240144377,205.463718188,248.686789183
WHS3_56,Neonatal tetanus - number of reported cases,2012,,110.0,,
SDGPOISON,Mortality rate attributed to unintentional poisoning (per 100 000 population),2015,Both sexes,0.999891068,0.609528862,1.469671984
WHS3_62,Measles - number of reported cases,2020,,8877.0,,
NCD_BMI_PLUS2C,"Obesity among children and adolescents, BMI-for-age > +2 standard deviations above the median (crude estimate) (%)",2009,Male,1.2750646,0.66949413,2.1484533
CM_04,Number of deaths among children ages 5 to 9 years,2014,Male,41425.0,36914.0,46190.0
WHS4_128,Neonates protected at birth against neonatal tetanus (PAB) (%),2010,,69.0,,
SDGPOISON,Mortality rate attributed to unintentional poisoning (per 100 000 population),2021,Female,1.025162311,0.612180781,1.662688097
WHS4_543,BCG immunization coverage among 1-year-olds (%) (WUENIC),2009,,76.0,,
CHILDDEATH5TO14,Number of deaths among children 5 to 14 years of age,2010,Both sexes,112250.0,101909.0,123059.0
CHILDDEATH5TO14,Number of deaths among children 5 to 14 years of age,1999,Both sexes,104687.0,94578.0,117390.0
MDG_0000000001,Infant mortality rate (probability of dying between birth and age 1 per 1000 live births),1985,Both sexes,102.998051833,95.356431805,111.143285997
NUTRITION_ANAEMIA_CHILDREN_PREV,Prevalence of anaemia in children aged 6-59 months (%),2005,Moderate,46.1,39.8,51.2
CM_02,Number of infant deaths,2004,Both sexes,494529.0,466187.0,524813.0
WHS4_128,Neonates protected at birth against neonatal tetanus (PAB) (%),2011,,60.0,,
CM_01,Number of under-five deaths,2011,Female,393337.0,366028.0,421461.0
NUTOVERWEIGHTNUM,"Overweight numbers among children under 5 years of age (thousands), model-based estimates",2004,Both sexes,1289.3,1060.2,1564.7
MDG_0000000001,Infant mortality rate (probability of dying between birth and age 1 per 1000 live births),2003,Both sexes,85.590062996,80.680126057,90.928854629
WHS3_49,Poliomyelitis - number of reported cases,2012,,130.0,,
NCD_BMI_PLUS1C,"Overweight among children and adolescents, BMI-for-age > +1 standard deviations above the median (crude estimate) (%)",2014,Female,7.9278491,6.6242307,9.3872927
CHILDDEATH5TO14,Number of deaths among children 5 to 14 years of age,2008,Female,52163.0,47145.0,57440.0
SDGPOISON,Mortality rate attributed to unintentional poisoning (per 100 000 population),2003,Male,1.161630718,0.681038047,1.817935639
WHOSIS_000016,Mortality rate among children ages 5 to 9 years (per 1000 children aged 5),2001,Female,18.766951774,16.910724722,21.069497432
NUTRITION_ANAEMIA_CHILDREN_PREV,Prevalence of anaemia in children aged 6-59 months (%),2007,Total,74.3,67.2,79.6
WHS3_56,Neonatal tetanus - number of reported cases,1992,,896.0,,
MCV2,Measles-containing-vaccine second-dose (MCV2) immunization coverage by the locally recommended age (%) (WUENIC),2021,,23.0,,
WHOSIS_000016,Mortality rate among children ages 5 to 9 years (per 1000 children aged 5),1998,Male,21.851266684,19.536554734,24.851086881
WHOSIS_000003,Neonatal mortality rate (per 1000 live births),1990,Both sexes,49.497573538,44.352158392,54.92852496
WHS4_129,Hib (Hib3) immunization coverage among 1-year-olds (%) (WUENIC),2015,,42.0,,
CM_02,Number of infant deaths,2021,Male,278996.0,249622.0,311294.0
NCD_BMI_MINUS2C,"Thinness among children and adolescents, BMI-for-age < -2 standard deviations below the median (%)",1993,Both sexes,15.462711,11.510232,19.720326
MDG_0000000007,Under-five mortality rate (probability of dying by age 5 per 1000 live births),1968,Both sexes,406.763693061,362.547490015,458.576302948
NCD_BMI_PLUS1C,"Overweight among children and adolescents, BMI-for-age > +1 standard deviations above the median (crude estimate) (%)",2007,Female,7.257247,6.1258614,8.4744968
MDG_0000000001,Infant mortality rate (probability of dying between birth and age 1 per 1000 live births),1986,Female,94.966222017,87.592731709,102.825519053
NCD_BMI_PLUS2C,"Obesity among children and adolescents, BMI-for-age > +2 standard deviations above the median (crude estimate) (%)",2001,Male,0.66520958,0.23430563,1.437556
NUTRITION_ANAEMIA_CHILDREN_NUM,Number of children aged 6-59 months with anaemia (thousands),2000,Both sexes,16704.222,15128.0,17795.0
MDG_0000000007,Under-five mortality rate (probability of dying by age 5 per 1000 live births),1978,Both sexes,222.647022311,201.664102602,244.862838175
MCV2,Measles-containing-vaccine second-dose (MCV2) immunization coverage by the locally recommended age (%) (WUENIC),2002,,0.0,,
VACCINECOVERAGE_YFV,Yellow fever vaccine (YFV) immunization coverage among 1-year olds (%),2023,,53.0,,
MDG_0000000001,Infant mortality rate (probability of dying between birth and age 1 per 1000 live births),1972,Both sexes,137.684471881,122.686996215,154.595636151
NUTOVERWEIGHTNUM,"Overweight numbers among children under 5 years of age (thousands), model-based estimates",2012,Female,329.9,290.8,376.6
SDGPOISON,Mortality rate attributed to unintentional poisoning (per 100 000 population),2015,Male,1.04942783,0.619699571,1.581384634
MDG_0000000001,Infant mortality rate (probability of dying between birth and age 1 per 1000 live births),1964,Male,183.25083051,154.832212196,219.054770417
CHILDDEATH5TO14,Number of deaths among children 5 to 14 years of age,2012,Female,54623.0,49078.0,60443.0
NCD_BMI_PLUS2C,"Obesity among children and adolescents, BMI-for-age > +2 standard deviations above the median (crude estimate) (%)",2006,Both sexes,1.2647886,0.88455863,1.7672416
NUTRITION_ANAEMIA_CHILDREN_NUM,Number of children aged 6-59 months with anaemia (thousands),2013,Both sexes,21384.145,19822.0,22717.0
MDG_0000000007,Under-five mortality rate (probability of dying by age 5 per 1000 live births),1980,Female,203.493817578,184.984786977,223.166461223
NCD_BMI_PLUS1C,"Overweight among children and adolescents, BMI-for-age > +1 standard deviations above the median (crude estimate) (%)",2020,Male,6.0952764,3.7077177,8.9592271
CHILDDEATH5TO14,Number of deaths among children 5 to 14 years of age,2001,Both sexes,104718.0,95172.0,116277.0
MDG_0000000007,Under-five mortality rate (probability of dying by age 5 per 1000 live births),1973,Female,249.537583659,221.961525476,279.775778347
CM_02,Number of infant deaths,1990,Both sexes,440182.0,410920.0,470138.0
MDG_0000000001,Infant mortality rate (probability of dying between birth and age 1 per 1000 live births),1993,Both sexes,104.704532934,98.168224784,111.628054577
NUTRITION_ANAEMIA_CHILDREN_PREV,Prevalence of anaemia in children aged 6-59 months (%),2015,Both sexes,71.3,66.3,75.5
NUTOVERWEIGHTNUM,"Overweight numbers among children under 5 years of age (thousands), model-based estimates",2005,Both sexes,1216.4,1006.9,1466.9
NCD_BMI_MINUS2C,"Thinness among children and adolescents, BMI-for-age < -2 standard deviations below the median (%)",1991,Both sexes,14.194454,10.126738,18.593866
NCD_BMI_MINUS2C,"Thinness among children and adolescents, BMI-for-age < -2 standard deviations below the median (%)",2001,Female,8.4029771,6.27257,10.767338
CM_01,Number of under-five deaths,1969,Both sexes,991094.0,880849.0,1120102.0
CM_01,Number of under-five deaths,1986,Male,423117.0,392161.0,456562.0
NCD_BMI_PLUS1C,"Overweight among children and adolescents, BMI-for-age > +1 standard deviations above the median (crude estimate) (%)",2003,Female,6.6494428,5.2166734,8.2753442
NCD_BMI_PLUS1C,"Overweight among children and adolescents, BMI-for-age > +1 standard deviations above the median (crude estimate) (%)",1991,Both sexes,3.0314343,1.9251108,4.4636577
ROTAC,Rotavirus vaccines completed dose (RotaC) immunization coverage among 1-year-olds (%),2009,,0.0,,
CHILDDEATH5TO14,Number of deaths among children 5 to 14 years of age,1998,Male,54709.0,49081.0,62213.0
WHOSIS_000003,Neonatal mortality rate (per 1000 live births),2015,Both sexes,37.98596912,34.202187202,42.182614522
CM_01,Number of under-five deaths,1998,Male,501157.0,471652.0,533058.0
ROTAC,Rotavirus vaccines completed dose (RotaC) immunization coverage among 1-year-olds (%),2023,,49.0,,
WHOSIS_000016,Mortality rate among children ages 5 to 9 years (per 1000 children aged 5),1995,Female,21.679984074,19.080869879,24.971681703
NCD_BMI_PLUS2C,"Obesity among children and adolescents, BMI-for-age > +2 standard deviations above the median (crude estimate) (%)",2008,Both sexes,1.8578392,1.2997776,2.5742279
NCD_BMI_PLUS2C,"Obesity among children and adolescents, BMI-for-age > +2 standard deviations above the median (crude estimate) (%)",2015,Both sexes,2.3289448,1.5784273,3.2880075
MDG_0000000001,Infant mortality rate (probability of dying between birth and age 1 per 1000 live births),1965,Both sexes,167.552107304,145.055079811,195.28108329
WHS4_543,BCG immunization coverage among 1-year-olds (%) (WUENIC),2007,,53.0,,
WHOSIS_000016,Mortality rate among children ages 5 to 9 years (per 1000 children aged 5),2016,Female,13.220011465,11.691435656,14.883772546
CM_01,Number of under-five deaths,2014,Female,396577.0,367373.0,427616.0
NUTOVERWEIGHTNUM,"Overweight numbers among children under 5 years of age (thousands), model-based estimates",2014,Male,336.1,299.4,379.6
MDG_0000000001,Infant mortality rate (probability of dying between birth and age 1 per 1000 live births),1989,Male,112.700642249,104.802527127,120.978029225
WHOSIS_000016,Mortality rate among children ages 5 to 9 years (per 1000 children aged 5),2018,Both sexes,13.774279182,12.195347678,15.455164439
CHILDDEATH5TO14,Number of deaths among children 5 to 14 years of age,2004,Female,50556.0,45589.0,55826.0
CM_02,Number of infant deaths,2002,Male,278981.0,262406.0,296342.0
NCD_BMI_PLUS2C,"Obesity among children and adolescents, BMI-for-age > +2 standard deviations above the median (crude estimate) (%)",2009,Female,2.0983797,1.3974296,2.9979384
CHILDDEATH5TO14,Number of deaths among children 5 to 14 years of age,1990,Female,50059.0,43075.0,58254.0
MDG_0000000007,Under-five mortality rate (probability of dying by age 5 per 1000 live births),1985,Both sexes,206.905526463,191.554814611,223.267913254
WHS8_110,Measles-containing-vaccine first-dose (MCV1) immunization coverage among 1-year-olds (%) (WUENIC),2007,,41.0,,
NUTRITION_ANAEMIA_CHILDREN_PREV,Prevalence of anaemia in children aged 6-59 months (%),2001,Severe,8.2,5.5,11.0
CM_01,Number of under-five deaths,1990,Male,457974.0,426671.0,490372.0
CM_02,Number of infant deaths,2006,Both sexes,487862.0,459068.0,517973.0
NUTRITION_ANAEMIA_CHILDREN_PREV,Prevalence of anaemia in children aged 6-59 months (%),2000,Total,79.3,71.8,84.4
CHILDMORT5TO14,Mortality rate for 5-14 year-olds (probability of dying per 1000 children aged 5-14 years),1996,Female,32.416006534,28.440318032,37.723764055
NCD_BMI_PLUS2C,"Obesity among children and adolescents, BMI-for-age > +2 standard deviations above the median (crude estimate) (%)",1997,Both sexes,0.85370801,0.45107389,1.4787455
MDG_0000000007,Under-five mortality rate (probability of dying by age 5 per 1000 live births),1995,Male,209.339937792,196.817786594,223.180364298
NUTOVERWEIGHTNUM,"Overweight numbers among children under 5 years of age (thousands), model-based estimates",2006,Male,615.8,516.9,737.2
WHS3_49,Poliomyelitis - number of reported cases,1990,,1873.0,,
CM_01,Number of under-five deaths,1976,Both sexes,701877.0,634019.0,774946.0
WHS4_117,Hepatitis B (HepB3) immunization coverage among 1-year-olds (%) (WUENIC),2012,,42.0,,
NUTOVERWEIGHTNUM,"Overweight numbers among children under 5 years of age (thousands), model-based estimates",2001,Male,780.1,631.6,966.1
MDG_0000000007,Under-five mortality rate (probability of dying by age 5 per 1000 live births),1993,Female,195.521127661,183.087508297,208.663571932
NUTRITION_ANAEMIA_CHILDREN_NUM,Number of children aged 6-59 months with anaemia (thousands),2000,Total,16700.0,15100.0,17800.0
VACCINECOVERAGE_YFV,Yellow fever vaccine (YFV) immunization coverage among 1-year olds (%),2024,,56.0,,
NCD_BMI_PLUS2C,"Obesity among children and adolescents, BMI-for-age > +2 standard deviations above the median (crude estimate) (%)",2020,Male,3.8989782,1.5444864,7.6616496
NUTRITION_ANAEMIA_CHILDREN_PREV,Prevalence of anaemia in children aged 6-59 months (%),2008,Mild,24.3,21.7,26.5
WHOSIS_000003,Neonatal mortality rate (per 1000 live births),2014,Both sexes,37.778049292,34.065390054,41.81323923
WHS4_128,Neonates protected at birth against neonatal tetanus (PAB) (%),2019,,60.0,,
WHOSIS_000016,Mortality rate among children ages 5 to 9 years (per 1000 children aged 5),2023,Both sexes,13.593495591,11.499771254,15.742474088
NCD_BMI_PLUS1C,"Overweight among children and adolescents, BMI-for-age > +1 standard deviations above the median (crude estimate) (%)",2000,Both sexes,5.3611562,3.9130509,7.1158543
NCD_BMI_PLUS1C,"Overweight among children and adolescents, BMI-for-age > +1 standard deviations above the median (crude estimate) (%)",1990,Both sexes,3.1515606,1.9469002,4.7373578
WHS3_49,Poliomyelitis - number of reported cases,1998,,312.0,,
CM_02,Number of infant deaths,1970,Male,278849.0,248393.0,314416.0
MDG_0000000001,Infant mortality rate (probability of dying between birth and age 1 per 1000 live births),2003,Male,92.874501886,87.381105937,98.826175363
NUTRITION_ANAEMIA_CHILDREN_PREV,Prevalence of anaemia in children aged 6-59 months (%),2019,Total,68.9,61.2,75.1
CM_03,Number of neonatal deaths,1993,Both sexes,230552.0,207765.0,254748.0
CM_01,Number of under-five deaths,1979,Both sexes,711447.0,648264.0,779167.0
CHILDDEATH5TO14,Number of deaths among children 5 to 14 years of age,2004,Both sexes,105715.0,96264.0,115951.0
NUTOVERWEIGHTNUM,"Overweight numbers among children under 5 years of age (thousands), model-based estimates",2005,Male,657.8,546.5,795.3
MDG_0000000007,Under-five mortality rate (probability of dying by age 5 per 1000 live births),1989,Female,198.398992066,184.331005223,212.837599115
MDG_0000000001,Infant mortality rate (probability of dying between birth and age 1 per 1000 live births),2023,Female,63.519325289,54.987435767,73.500843749
CM_03,Number of neonatal deaths,1971,Both sexes,178740.0,152760.0,209943.0
MDG_0000000007,Under-five mortality rate (probability of dying by age 5 per 1000 live births),1998,Female,180.506700486,169.558424168,192.127355585
CM_03,Number of neonatal deaths,1996,Both sexes,246113.0,223610.0,271238.0
CM_02,Number of infant deaths,1990,Female,196637.0,182800.0,210848.0
CM_03,Number of neonatal deaths,1979,Both sexes,190633.0,167535.0,216053.0
CM_04,Number of deaths among children ages 5 to 9 years,2010,Male,39402.0,35574.0,43460.0
CHILDMORT5TO14,Mortality rate for 5-14 year-olds (probability of dying per 1000 children aged 5-14 years),1995,Both sexes,34.045003686,30.116174732,39.331363684
NCD_BMI_PLUS1C,"Overweight among children and adolescents, BMI-for-age > +1 standard deviations above the median (crude estimate) (%)",2004,Both sexes,5.0868399,4.219595,6.0588878
WHOSIS_000016,Mortality rate among children ages 5 to 9 years (per 1000 children aged 5),1999,Male,21.297098733,19.07897558,24.120136457
MDG_0000000007,Under-five mortality rate (probability of dying by age 5 per 1000 live births),2005,Female,137.920895487,129.618157208,146.661676304
WHOSIS_000016,Mortality rate among children ages 5 to 9 years (per 1000 children aged 5),2023,Female,12.648376827,10.518609448,14.884287472
MDG_0000000007,Under-five mortality rate (probability of dying by age 5 per 1000 live births),2022,Female,111.341193242,98.507835143,126.070491097
SDGPOISON,Mortality rate attributed to unintentional poisoning (per 100 000 population),2020,Male,1.076769082,0.653308966,1.682941075
NUTRITION_ANAEMIA_CHILDREN_PREV,Prevalence of anaemia in children aged 6-59 months (%),2007,Both sexes,74.3,67.2,79.6
WHS3_49,Poliomyelitis - number of reported cases,1996,,942.0,,
CM_02,Number of infant deaths,1966,Both sexes,378023.0,333580.0,430529.0
MDG_0000000001,Infant mortality rate (probability of dying between birth and age 1 per 1000 live births),1987,Male,111.926330128,103.783257318,120.662384223
CM_04,Number of deaths among children ages 5 to 9 years,2009,Male,39117.0,35421.0,43127.0
WHOSIS_000003,Neonatal mortality rate (per 1000 live births),2010,Both sexes,37.850188612,34.199403271,41.633086359
NCD_BMI_PLUS1C,"Overweight among children and adolescents, BMI-for-age > +1 standard deviations above the median (crude estimate) (%)",1994,Male,2.5815828,1.2463592,4.5380984
MALARIA_EST_MORTALITY,Estimated malaria mortality rate (per 100 000 population),2019,,86.66942476,69.7550077,110.3481718
CHILDDEATH5TO14,Number of deaths among children 5 to 14 years of age,2016,Male,65996.0,58777.0,73973.0
NUTOVERWEIGHTNUM,"Overweight numbers among children under 5 years of age (thousands), model-based estimates",2021,Both sexes,472.3,395.8,563.4
WHS4_128,Neonates protected at birth against neonatal tetanus (PAB) (%),2018,,60.0,,
MDG_0000000007,Under-five mortality rate (probability of dying by age 5 per 1000 live births),1981,Male,218.505493288,199.626291543,238.891970981
WHS4_117,Hepatitis B (HepB3) immunization coverage among 1-year-olds (%) (WUENIC),2007,,42.0,,
NCD_BMI_PLUS1C,"Overweight among children and adolescents, BMI-for-age > +1 standard deviations above the median (crude estimate) (%)",2019,Female,8.5918583,6.3599624,11.170114
MCV2,Measles-containing-vaccine second-dose (MCV2) immunization coverage by the locally recommended age (%) (WUENIC),2013,,0.0,,
CHILDMORT5TO14,Mortality rate for 5-14 year-olds (probability of dying per 1000 children aged 5-14 years),2004,Female,26.947784109,24.084208742,29.978387002
WHS4_128,Neonates protected at birth against neonatal tetanus (PAB) (%),2003,,61.0,,
MDG_0000000001,Infant mortality rate (probability of dying between birth and age 1 per 1000 live births),1996,Both sexes,103.379785528,97.202043042,110.112346944
CM_01,Number of under-five deaths,1987,Male,431296.0,400553.0,464139.0
WHS4_128,Neonates protected at birth against neonatal tetanus (PAB) (%),2012,,60.0,,
NCD_BMI_PLUS1C,"Overweight among children and adolescents, BMI-for-age > +1 standard deviations above the median (crude estimate) (%)",2016,Male,5.414442,3.7591305,7.3774301
WSH_DOMESTIC_WASTE_SAFELY_TREATED,SDG 6.3.1 Proportion of safely treated domestic wastewater flows (%),2022,,41.29955,,
CM_01,Number of under-five deaths,1973,Male,366621.0,328051.0,409279.0
NCD_BMI_PLUS2C,"Obesity among children and adolescents, BMI-for-age > +2 standard deviations above the median (crude estimate) (%)",2004,Both sexes,1.1086958,0.74502993,1.6143361
WHS4_117,Hepatitis B (HepB3) immunization coverage among 1-year-olds (%) (WUENIC),2013,,43.0,,
CM_01,Number of under-five deaths,1988,Both sexes,822086.0,764829.0,881302.0
NUTOVERWEIGHTNUM,"Overweight numbers among children under 5 years of age (thousands), model-based estimates",2016,Female,250.9,225.9,280.5
NUTRITION_ANAEMIA_CHILDREN_PREV,Prevalence of anaemia in children aged 6-59 months (%),2007,Mild,24.0,21.2,26.4
MDG_0000000007,Under-five mortality rate (probability of dying by age 5 per 1000 live births),1984,Female,197.351146411,181.504288127,214.034234976
NUTOVERWEIGHTNUM,"Overweight numbers among children under 5 years of age (thousands), model-based estimates",2009,Male,491.7,421.2,577.2
NCD_BMI_PLUS2C,"Obesity among children and adolescents, BMI-for-age > +2 standard deviations above the median (crude estimate) (%)",2002,Both sexes,1.7715765,1.0229299,2.83162
WHOSIS_000016,Mortality rate among children ages 5 to 9 years (per 1000 children aged 5),1990,Female,23.776670217,20.458173307,27.689835906
WHS4_129,Hib (Hib3) immunization coverage among 1-year-olds (%) (WUENIC),2021,,50.0,,
WHS4_128,Neonates protected at birth against neonatal tetanus (PAB) (%),2014,,55.0,,
MDG_0000000001,Infant mortality rate (probability of dying between birth and age 1 per 1000 live births),1990,Female,95.715587419,88.964527212,102.841945044
WHOSIS_000016,Mortality rate among children ages 5 to 9 years (per 1000 children aged 5),2000,Male,20.620645883,18.516257905,23.264450463
CM_02,Number of infant deaths,1998,Male,278782.0,262296.0,296578.0
CM_01,Number of under-five deaths,2011,Male,457737.0,426361.0,491015.0
CHILDDEATH5TO14,Number of deaths among children 5 to 14 years of age,2007,Male,56928.0,51686.0,62730.0
MDG_0000000001,Infant mortality rate (probability of dying between birth and age 1 per 1000 live births),2008,Female,66.09731601,61.869412062,70.559810022
NCD_BMI_MINUS2C,"Thinness among children and adolescents, BMI-for-age < -2 standard deviations below the median (%)",2018,Female,9.72635,6.3221887,13.766021
NUTRITION_ANAEMIA_CHILDREN_NUM,Number of children aged 6-59 months with anaemia (thousands),2000,Severe,1790.0,1200.0,2410.0
CHILDMORT5TO14,Mortality rate for 5-14 year-olds (probability of dying per 1000 children aged 5-14 years),2002,Both sexes,29.051701678,26.140753337,32.344751066
WHS3_49,Poliomyelitis - number of reported cases,2013,,57.0,,
CHILDMORT5TO14,Mortality rate for 5-14 year-olds (probability of dying per 1000 children aged 5-14 years),1995,Female,33.101462543,28.963334777,38.716085992
NCD_BMI_PLUS2C,"Obesity among children and adolescents, BMI-for-age > +2 standard deviations above the median (crude estimate) (%)",1997,Female,1.4350883,0.58653271,2.7928371
CM_02,Number of infant deaths,1995,Male,271934.0,255677.0,289924.0
WHS3_49,Poliomyelitis - number of reported cases,1992,,957.0,,
WHOSIS_000003,Neonatal mortality rate (per 1000 live births),2018,Both sexes,38.737068467,34.564618763,43.663837686
NUTOVERWEIGHTNUM,"Overweight numbers among children under 5 years of age (thousands), model-based estimates",2024,Both sexes,548.0,392.0,764.7
MDG_0000000001,Infant mortality rate (probability of dying between birth and age 1 per 1000 live births),1977,Male,123.649158944,111.471079807,137.092584488
NCD_BMI_PLUS2C,"Obesity among children and adolescents, BMI-for-age > +2 standard deviations above the median (crude estimate) (%)",1995,Male,0.82343593,0.19215309,2.2296827
MDG_0000000001,Infant mortality rate (probability of dying between birth and age 1 per 1000 live births),2000,Female,87.064788769,81.824561062,92.696842795
NUTRITION_ANAEMIA_CHILDREN_PREV,Prevalence of anaemia in children aged 6-59 months (%),2017,Both sexes,70.4,64.7,74.9
CHILDMORT5TO14,Mortality rate for 5-14 year-olds (probability of dying per 1000 children aged 5-14 years),2007,Both sexes,25.982302409,23.427305583,28.679879899
WHS4_117,Hepatitis B (HepB3) immunization coverage among 1-year-olds (%) (WUENIC),2017,,55.0,,
WHS4_129,Hib (Hib3) immunization coverage among 1-year-olds (%) (WUENIC),2009,,0.0,,
WHS3_62,Measles - number of reported cases,2022,,23983.0,,
CM_01,Number of under-five deaths,1997,Female,438521.0,411993.0,467271.0
WHS3_49,Poliomyelitis - number of reported cases,2006,,1144.0,,
CHILDDEATH5TO14,Number of deaths among children 5 to 14 years of age,2013,Both sexes,117153.0,105593.0,129466.0
NUTOVERWEIGHTNUM,"Overweight numbers among children under 5 years of age (thousands), model-based estimates",2013,Female,306.1,269.9,349.4
CM_03,Number of neonatal deaths,2000,Both sexes,255337.0,232165.0,279813.0
NCD_BMI_PLUS2C,"Obesity among children and adolescents, BMI-for-age > +2 standard deviations above the median (crude estimate) (%)",2007,Female,1.9611331,1.2767304,2.8410917
WHS4_543,BCG immunization coverage among 1-year-olds (%) (WUENIC),2024,,69.0,,
NCD_BMI_PLUS2C,"Obesity among children and adolescents, BMI-for-age > +2 standard deviations above the median (crude estimate) (%)",2019,Male,2.6429936,1.1373307,4.9355842
WHS3_62,Measles - number of reported cases,2014,,6855.0,,
MDG_0000000007,Under-five mortality rate (probability of dying by age 5 per 1000 live births),1985,Female,197.704232572,182.344609985,213.761453266
NUTRITION_ANAEMIA_CHILDREN_PREV,Prevalence of anaemia in children aged 6-59 months (%),2003,Mild,22.3,19.3,25.1
NCD_BMI_MINUS2C,"Thinness among children and adolescents, BMI-for-age < -2 standard deviations below the median (%)",2007,Both sexes,10.001472,7.5610243,12.724279
NUTOVERWEIGHTNUM,"Overweight numbers among children under 5 years of age (thousands), model-based estimates",2013,Male,361.0,318.6,411.6
WHS8_110,Measles-containing-vaccine first-dose (MCV1) immunization coverage among 1-year-olds (%) (WUENIC),2014,,44.0,,
NUTOVERWEIGHTNUM,"Overweight numbers among children under 5 years of age (thousands), model-based estimates",2003,Female,621.4,505.9,766.3
NCD_BMI_PLUS1C,"Overweight among children and adolescents, BMI-for-age > +1 standard deviations above the median (crude estimate) (%)",2010,Male,7.4088417,5.1110663,10.291997
VACCINECOVERAGE_YFV,Yellow fever vaccine (YFV) immunization coverage among 1-year olds (%),2005,,36.0,,
MDG_0000000001,Infant mortality rate (probability of dying between birth and age 1 per 1000 live births),1973,Male,142.026821148,126.117829681,159.954208758
CHILDMORT5TO14,Mortality rate for 5-14 year-olds (probability of dying per 1000 children aged 5-14 years),2021,Male,23.673265564,19.995264121,28.397220796
CM_02,Number of infant deaths,1971,Male,201906.0,179675.0,226928.0
WHOSIS_000016,Mortality rate among children ages 5 to 9 years (per 1000 children aged 5),1997,Male,22.372685739,19.923536838,25.489913939
VACCINECOVERAGE_YFV,Yellow fever vaccine (YFV) immunization coverage among 1-year olds (%),2003,,0.0,,
WHS3_56,Neonatal tetanus - number of reported cases,2007,,163.0,,
VACCINECOVERAGE_YFV,Yellow fever vaccine (YFV) immunization coverage among 1-year olds (%),2000,,0.0,,
CM_01,Number of under-five deaths,1981,Both sexes,723920.0,662136.0,788650.0
WHOSIS_000016,Mortality rate among children ages 5 to 9 years (per 1000 children aged 5),1996,Female,21.209729116,18.74970622,24.344892134
CM_01,Number of under-five deaths,2001,Male,489578.0,461085.0,519736.0
CM_04,Number of deaths among children ages 5 to 9 years,2007,Female,34758.0,31643.0,38238.0
NUTRITION_ANAEMIA_CHILDREN_PREV,Prevalence of anaemia in children aged 6-59 months (%),2009,Total,73.1,66.3,78.2
MDG_0000000001,Infant mortality rate (probability of dying between birth and age 1 per 1000 live births),1978,Female,103.400869412,93.085692279,114.455635422
MDG_0000000001,Infant mortality rate (probability of dying between birth and age 1 per 1000 live births),2006,Male,85.20095321,80.00615584,90.750700672
NUTRITION_ANAEMIA_CHILDREN_PREV,Prevalence of anaemia in children aged 6-59 months (%),2013,Mild,25.4,23.7,26.9
NCD_BMI_PLUS1C,"Overweight among children and adolescents, BMI-for-age > +1 standard deviations above the median (crude estimate) (%)",1995,Female,4.9865834,3.0140843,7.605283
SDGPOISON,Mortality rate attributed to unintentional poisoning (per 100 000 population),2006,Female,0.787158658,0.470137346,1.153498928
NUTRITION_ANAEMIA_CHILDREN_NUM,Number of children aged 6-59 months with anaemia (thousands),2015,Both sexes,22190.38,20631.0,23504.0
NUTRITION_ANAEMIA_CHILDREN_PREV,Prevalence of anaemia in children aged 6-59 months (%),2000,Severe,8.5,5.7,11.4
SDGWSHBOD,Mortality rate attributed to exposure to unsafe WASH services (per 100 000 population) (SDG 3.9.2),2019,Female,70.7,,
NCD_BMI_MINUS2C,"Thinness among children and adolescents, BMI-for-age < -2 standard deviations below the median (%)",2014,Both sexes,10.167654,7.8352809,12.77612
CM_01,Number of under-five deaths,2018,Male,457683.0,419418.0,499836.0
WHS3_56,Neonatal tetanus - number of reported cases,2000,,1643.0,,
NUTRITION_ANAEMIA_CHILDREN_PREV,Prevalence of anaemia in children aged 6-59 months (%),2014,Mild,25.6,24.0,27.0
CHILDMORT5TO14,Mortality rate for 5-14 year-olds (probability of dying per 1000 children aged 5-14 years),1994,Male,35.567216993,31.205077427,41.36368058
CHILDDEATH5TO14,Number of deaths among children 5 to 14 years of age,2006,Male,56246.0,51062.0,61875.0
WHS3_49,Poliomyelitis - number of reported cases,2017,,0.0,,
CM_03,Number of neonatal deaths,2023,Both sexes,294425.0,246186.0,354565.0
MDG_0000000007,Under-five mortality rate (probability of dying by age 5 per 1000 live births),1981,Both sexes,209.723902176,191.699883292,228.828341657
WHOSIS_000016,Mortality rate among children ages 5 to 9 years (per 1000 children aged 5),2010,Male,15.853671423,14.324355614,17.471879176
NCD_BMI_MINUS2C,"Thinness among children and adolescents, BMI-for-age < -2 standard deviations below the median (%)",1999,Male,17.524385,11.89207,23.54736
WHS4_543,BCG immunization coverage among 1-year-olds (%) (WUENIC),2014,,51.0,,
WHS4_543,BCG immunization coverage among 1-year-olds (%) (WUENIC),2003,,42.0,,
CM_02,Number of infant deaths,2003,Female,222790.0,209308.0,236863.0
CM_02,Number of infant deaths,2019,Male,276599.0,251892.0,303359.0
CM_04,Number of deaths among children ages 5 to 9 years,1995,Both sexes,71795.0,63975.0,81771.0
CM_02,Number of infant deaths,1978,Both sexes,368951.0,334796.0,404940.0
CM_02,Number of infant deaths,1970,Both sexes,521516.0,466471.0,584217.0
NUTRITION_ANAEMIA_CHILDREN_NUM,Number of children aged 6-59 months with anaemia (thousands),2004,Moderate,11100.0,9590.0,12300.0
NCD_BMI_MINUS2C,"Thinness among children and adolescents, BMI-for-age < -2 standard deviations below the median (%)",2022,Male,12.218025,6.6302352,19.352996
ROTAC,Rotavirus vaccines completed dose (RotaC) immunization coverage among 1-year-olds (%),2008,,0.0,,
NUTRITION_ANAEMIA_CHILDREN_PREV,Prevalence of anaemia in children aged 6-59 months (%),2019,Severe,3.4,1.9,5.2
NUTRITION_ANAEMIA_CHILDREN_PREV,Prevalence of anaemia in children aged 6-59 months (%),2017,Mild,26.3,24.7,27.7
NUTRITION_ANAEMIA_CHILDREN_NUM,Number of children aged 6-59 months with anaemia (thousands),2008,Moderate,11600.0,9960.0,12800.0
CM_02,Number of infant deaths,1988,Female,186634.0,172980.0,201099.0
WHS4_543,BCG immunization coverage among 1-year-olds (%) (WUENIC),2021,,60.0,,
WHOSIS_000016,Mortality rate among children ages 5 to 9 years (per 1000 children aged 5),2009,Both sexes,15.728415572,14.411050653,17.124303047
SDGPOISON,Mortality rate attributed to unintentional poisoning (per 100 000 population),2014,Both sexes,1.028569944,0.630178783,1.519412978
NUTOVERWEIGHTNUM,"Overweight numbers among children under 5 years of age (thousands), model-based estimates",2013,Both sexes,667.1,589.0,755.4
CM_01,Number of under-five deaths,2001,Female,425387.0,400425.0,451937.0
NUTOVERWEIGHTNUM,"Overweight numbers among children under 5 years of age (thousands), model-based estimates",2012,Both sexes,719.1,628.8,822.0
NUTRITION_ANAEMIA_CHILDREN_NUM,Number of children aged 6-59 months with anaemia (thousands),2013,Severe,1360.0,980.0,1800.0
WHS3_62,Measles - number of reported cases,2000,,212183.0,,
CM_04,Number of deaths among children ages 5 to 9 years,2011,Male,39687.0,35745.0,43896.0
WHOSIS_000003,Neonatal mortality rate (per 1000 live births),2023,Both sexes,39.239418471,32.808095504,47.258566156
WHS3_49,Poliomyelitis - number of reported cases,1984,,625.0,,
CM_02,Number of infant deaths,2004,Male,275238.0,258889.0,292670.0
MDG_0000000001,Infant mortality rate (probability of dying between birth and age 1 per 1000 live births),2004,Female,74.837361493,70.280541773,79.661941087
CM_01,Number of under-five deaths,2005,Both sexes,223214.0,207145.0,240485.0
WHS4_129,Hib (Hib3) immunization coverage among 1-year-olds (%) (WUENIC),2018,,61.0,,
CM_02,Number of infant deaths,1977,Male,201267.0,181734.0,222516.0
CM_01,Number of under-five deaths,1987,Female,376060.0,348441.0,404866.0
NUTRITION_ANAEMIA_CHILDREN_NUM,Number of children aged 6-59 months with anaemia (thousands),2001,Mild,4670.0,4010.0,5310.0
NUTRITION_ANAEMIA_CHILDREN_PREV,Prevalence of anaemia in children aged 6-59 months (%),2001,Mild,21.5,18.4,24.4
CHILDDEATH5TO14,Number of deaths among children 5 to 14 years of age,2010,Female,53347.0,48064.0,58807.0
CM_01,Number of under-five deaths,1984,Male,407374.0,375682.0,441007.0
WHS4_129,Hib (Hib3) immunization coverage among 1-year-olds (%) (WUENIC),2024,,63.0,,
WHS3_62,Measles - number of reported cases,2012,,6447.0,,
NUTOVERWEIGHTNUM,"Overweight numbers among children under 5 years of age (thousands), model-based estimates",2011,Female,356.2,311.1,410.3
MDG_0000000007,Under-five mortality rate (probability of dying by age 5 per 1000 live births),1981,Female,200.489458829,182.618289537,219.133578814
CHILDMORT5TO14,Mortality rate for 5-14 year-olds (probability of dying per 1000 children aged 5-14 years),2011,Female,23.129341744,20.581029806,25.773278711
WHOSIS_000003,Neonatal mortality rate (per 1000 live births),2003,Both sexes,42.059003502,38.101807181,46.252763318
WHOSIS_000016,Mortality rate among children ages 5 to 9 years (per 1000 children aged 5),2007,Both sexes,16.538357545,15.225405059,18.001567421
NUTOVERWEIGHTNUM,"Overweight numbers among children under 5 years of age (thousands), model-based estimates",2005,Female,558.5,463.2,676.6
WHS8_110,Measles-containing-vaccine first-dose (MCV1) immunization coverage among 1-year-olds (%) (WUENIC),2015,,42.0,,
MDG_0000000001,Infant mortality rate (probability of dying between birth and age 1 per 1000 live births),1969,Male,222.457877388,197.122314174,252.048692623
WHS3_62,Measles - number of reported cases,1992,,85965.0,,
CM_03,Number of neonatal deaths,1988,Both sexes,202377.0,179967.0,226010.0
CM_02,Number of infant deaths,1968,Both sexes,528639.0,472552.0,593898.0
MDG_0000000007,Under-five mortality rate (probability of dying by age 5 per 1000 live births),2021,Female,111.478380613,99.918386611,124.463124998
WHS8_110,Measles-containing-vaccine first-dose (MCV1) immunization coverage among 1-year-olds (%) (WUENIC),2004,,37.0,,
CM_02,Number of infant deaths,2023,Female,230037.0,199374.0,265833.0
NUTRITION_ANAEMIA_CHILDREN_PREV,Prevalence of anaemia in children aged 6-59 months (%),2008,Both sexes,73.6,66.5,78.9
WHOSIS_000016,Mortality rate among children ages 5 to 9 years (per 1000 children aged 5),2006,Male,17.5610263,15.998130303,19.306243186
MDG_0000000001,Infant mortality rate (probability of dying between birth and age 1 per 1000 live births),1966,Male,174.169237981,152.605036822,200.345819494
ROTAC,Rotavirus vaccines completed dose (RotaC) immunization coverage among 1-year-olds (%),2024,,54.0,,
CM_01,Number of under-five deaths,1990,Female,397093.0,369922.0,424994.0
NUTRITION_ANAEMIA_CHILDREN_PREV,Prevalence of anaemia in children aged 6-59 months (%),2014,Both sexes,71.5,66.5,75.9
WHOSIS_000016,Mortality rate among children ages 5 to 9 years (per 1000 children aged 5),2023,Male,14.511949775,12.118691365,17.067598277
MCV2,Measles-containing-vaccine second-dose (MCV2) immunization coverage by the locally recommended age (%) (WUENIC),2022,,30.0,,
WHS3_56,Neonatal tetanus - number of reported cases,1995,,388.0,,
WHOSIS_000016,Mortality rate among children ages 5 to 9 years (per 1000 children aged 5),2002,Female,18.313688173,16.536809717,20.432847649
CHILDDEATH5TO14,Number of deaths among children 5 to 14 years of age,2011,Male,59674.0,53732.0,66032.0
CM_02,Number of infant deaths,1999,Both sexes,505850.0,476716.0,537114.0
NCD_BMI_MINUS2C,"Thinness among children and adolescents, BMI-for-age < -2 standard deviations below the median (%)",1994,Female,9.088707,5.7714224,13.014039
NUTRITION_ANAEMIA_CHILDREN_NUM,Number of children aged 6-59 months with anaemia (thousands),2012,Severe,1360.0,956.0,1840.0
CM_03,Number of neonatal deaths,2012,Both sexes,272389.0,245595.0,300257.0
WHS3_49,Poliomyelitis - number of reported cases,1988,,1460.0,,
NUTRITION_ANAEMIA_CHILDREN_PREV,Prevalence of anaemia in children aged 6-59 months (%),2017,Severe,3.9,2.7,5.2
CM_02,Number of infant deaths,2008,Female,213343.0,199796.0,227544.0
NUTOVERWEIGHTNUM,"Overweight numbers among children under 5 years of age (thousands), model-based estimates",2020,Female,216.1,188.7,249.1
MDG_0000000007,Under-five mortality rate (probability of dying by age 5 per 1000 live births),1979,Female,207.68938744,188.249011326,228.101074425
MDG_0000000007,Under-five mortality rate (probability of dying by age 5 per 1000 live births),2010,Male,133.237583279,124.295573315,142.534615059
CM_04,Number of deaths among children ages 5 to 9 years,1999,Both sexes,71776.0,65064.0,80649.0
CM_01,Number of under-five deaths,2021,Female,396551.0,354909.0,442562.0
CHILDMORT5TO14,Mortality rate for 5-14 year-olds (probability of dying per 1000 children aged 5-14 years),2002,Female,28.285705593,25.284991224,31.728813524
WHS4_543,BCG immunization coverage among 1-year-olds (%) (WUENIC),2002,,38.0,,
WHOSIS_000016,Mortality rate among children ages 5 to 9 years (per 1000 children aged 5),1996,Male,22.905236241,20.298503222,26.156453742
NCD_BMI_MINUS2C,"Thinness among children and adolescents, BMI-for-age < -2 standard deviations below the median (%)",2000,Both sexes,10.755083,7.7395558,14.09148
WHOSIS_000016,Mortality rate among children ages 5 to 9 years (per 1000 children aged 5),2003,Female,17.821455357,16.162661598,19.823400416
SDGPOISON,Mortality rate attributed to unintentional poisoning (per 100 000 population),2012,Female,0.951289652,0.600354948,1.341379588
NUTRITION_ANAEMIA_CHILDREN_PREV,Prevalence of anaemia in children aged 6-59 months (%),2018,Both sexes,69.7,63.1,74.7
CHILDDEATH5TO14,Number of deaths among children 5 to 14 years of age,2009,Male,58204.0,52624.0,64039.0
NUTOVERWEIGHTNUM,"Overweight numbers among children under 5 years of age (thousands), model-based estimates",2001,Both sexes,1443.3,1160.3,1789.7
MDG_0000000007,Under-five mortality rate (probability of dying by age 5 per 1000 live births),2014,Male,125.058573038,115.866413438,134.917298301
WHS4_543,BCG immunization coverage among 1-year-olds (%) (WUENIC),2017,,67.0,,
CM_03,Number of neonatal deaths,1974,Both sexes,183387.0,158528.0,213032.0
CM_02,Number of infant deaths,2010,Female,215665.0,200860.0,230869.0
CM_03,Number of neonatal deaths,2009,Both sexes,261876.0,236868.0,288503.0
NUTOVERWEIGHTNUM,"Overweight numbers among children under 5 years of age (thousands), model-based estimates",2012,Male,389.2,342.2,445.2
NUTRITION_ANAEMIA_CHILDREN_NUM,Number of children aged 6-59 months with anaemia (thousands),2017,Both sexes,22805.503,20973.0,24271.0
WHS4_129,Hib (Hib3) immunization coverage among 1-year-olds (%) (WUENIC),2017,,55.0,,
WHS3_62,Measles - number of reported cases,2024,,14999.0,,
MDG_0000000007,Under-five mortality rate (probability of dying by age 5 per 1000 live births),2003,Female,149.545073855,140.7306629,158.994029314
CM_02,Number of infant deaths,2017,Male,276208.0,254168.0,300985.0
VACCINECOVERAGE_YFV,Yellow fever vaccine (YFV) immunization coverage among 1-year olds (%),2014,,41.0,,
CM_02,Number of infant deaths,1971,Female,168515.0,149047.0,189532.0
WHOSIS_000016,Mortality rate among children ages 5 to 9 years (per 1000 children aged 5),2008,Female,15.551629859,14.144279188,17.095900783
NUTRITION_ANAEMIA_CHILDREN_PREV,Prevalence of anaemia in children aged 6-59 months (%),2002,Total,78.1,70.6,83.3
ROTAC,Rotavirus vaccines completed dose (RotaC) immunization coverage among 1-year-olds (%),2010,,0.0,,
NCD_BMI_PLUS2C,"Obesity among children and adolescents, BMI-for-age > +2 standard deviations above the median (crude estimate) (%)",2012,Both sexes,1.6269522,1.1826159,2.169016
CHILDMORT5TO14,Mortality rate for 5-14 year-olds (probability of dying per 1000 children aged 5-14 years),2006,Female,25.71241965,22.963669919,28.561293394
MDG_0000000007,Under-five mortality rate (probability of dying by age 5 per 1000 live births),2021,Both sexes,153.082906026,134.107402193,174.013673726
MDG_0000000001,Infant mortality rate (probability of dying between birth and age 1 per 1000 live births),2000,Male,102.302717276,96.259213852,108.752841705
NUTOVERWEIGHTNUM,"Overweight numbers among children under 5 years of age (thousands), model-based estimates",2018,Both sexes,496.0,444.8,553.1
CM_04,Number of deaths among children ages 5 to 9 years,2003,Both sexes,71760.0,65832.0,79063.0
MDG_0000000001,Infant mortality rate (probability of dying between birth and age 1 per 1000 live births),1997,Female,93.772890747,88.002267712,100.2396203
WHS3_62,Measles - number of reported cases,1995,,12393.0,,
CHILDMORT5TO14,Mortality rate for 5-14 year-olds (probability of dying per 1000 children aged 5-14 years),2011,Both sexes,23.994286483,21.497527476,26.622625263
MDG_0000000001,Infant mortality rate (probability of dying between birth and age 1 per 1000 live births),1976,Male,127.698594955,114.665945359,141.927175738
CHILDMORT5TO14,Mortality rate for 5-14 year-olds (probability of dying per 1000 children aged 5-14 years),2004,Both sexes,27.733705961,25.010630629,30.659268047
CHILDMORT5TO14,Mortality rate for 5-14 year-olds (probability of dying per 1000 children aged 5-14 years),2019,Both sexes,22.407168612,19.500162989,25.900901069
CM_02,Number of infant deaths,1977,Female,166578.0,149645.0,184416.0
CM_01,Number of under-five deaths,2009,Female,391792.0,366356.0,418374.0
CHILDMORT5TO14,Mortality rate for 5-14 year-olds (probability of dying per 1000 children aged 5-14 years),2022,Both sexes,22.36511153,18.593266959,27.47524314
CM_02,Number of infant deaths,1988,Both sexes,416547.0,387788.0,446147.0
NUTOVERWEIGHTNUM,"Overweight numbers among children under 5 years of age (thousands), model-based estimates",2006,Female,522.6,437.5,627.3
NUTRITION_ANAEMIA_CHILDREN_NUM,Number of children aged 6-59 months with anaemia (thousands),2019,Mild,8940.0,8200.0,9560.0
CHILDDEATH5TO14,Number of deaths among children 5 to 14 years of age,1992,Male,53884.0,47288.0,62155.0
NUTRITION_ANAEMIA_CHILDREN_PREV,Prevalence of anaemia in children aged 6-59 months (%),2012,Severe,4.7,3.3,6.3
CM_02,Number of infant deaths,1973,Female,168388.0,149506.0,188767.0
MDG_0000000007,Under-five mortality rate (probability of dying by age 5 per 1000 live births),2020,Male,123.142495452,111.605099073,136.33873037
WHOSIS_000016,Mortality rate among children ages 5 to 9 years (per 1000 children aged 5),2019,Female,12.883783587,11.181128428,14.718871769
WHOSIS_000016,Mortality rate among children ages 5 to 9 years (per 1000 children aged 5),2008,Both sexes,16.112441194,14.809753042,17.542740384
SDGWSHBOD,Mortality rate attributed to exposure to unsafe WASH services (per 100 000 population) (SDG 3.9.2),2019,Both sexes,71.7,,
CM_01,Number of under-five deaths,1999,Female,432949.0,406958.0,460340.0
MDG_0000000007,Under-five mortality rate (probability of dying by age 5 per 1000 live births),2004,Both sexes,79.544304801,72.164500504,87.346206263
CM_01,Number of under-five deaths,1970,Both sexes,976521.0,869317.0,1100128.0
CM_02,Number of infant deaths,1989,Male,236779.0,220457.0,253800.0
WHOSIS_000003,Neonatal mortality rate (per 1000 live births),1976,Both sexes,58.568868626,51.020388272,67.315851869
CM_02,Number of infant deaths,1983,Both sexes,381860.0,351837.0,413484.0
CM_04,Number of deaths among children ages 5 to 9 years,2000,Female,34072.0,30609.0,38474.0
VACCINECOVERAGE_YFV,Yellow fever vaccine (YFV) immunization coverage among 1-year olds (%),2012,,24.0,,
WHOSIS_000003,Neonatal mortality rate (per 1000 live births),2001,Both sexes,44.771197182,40.613229542,49.070592523
NUTRITION_ANAEMIA_CHILDREN_PREV,Prevalence of anaemia in children aged 6-59 months (%),2008,Moderate,43.9,37.8,48.7
WHS3_62,Measles - number of reported cases,2003,,141258.0,,
SDGPOISON,Mortality rate attributed to unintentional poisoning (per 100 000 population),2001,Both sexes,0.920617415,0.534129148,1.442688274
MDG_0000000001,Infant mortality rate (probability of dying between birth and age 1 per 1000 live births),1999,Male,105.32939418,99.082056939,112.11882923
NUTOVERWEIGHTNUM,"Overweight numbers among children under 5 years of age (thousands), model-based estimates",2000,Male,792.2,637.3,987.0
WHOSIS_000016,Mortality rate among children ages 5 to 9 years (per 1000 children aged 5),2000,Both sexes,19.931338266,18.147072016,22.255047462
MDG_0000000007,Under-five mortality rate (probability of dying by age 5 per 1000 live births),1971,Both sexes,276.316574422,246.160977185,310.640615979
CHILDMORT5TO14,Mortality rate for 5-14 year-olds (probability of dying per 1000 children aged 5-14 years),2008,Female,24.5832909,21.971082702,27.303001141
NCD_BMI_PLUS2C,"Obesity among children and adolescents, BMI-for-age > +2 standard deviations above the median (crude estimate) (%)",2002,Female,1.4898585,0.86853709,2.3293652
NCD_BMI_MINUS2C,"Thinness among children and adolescents, BMI-for-age < -2 standard deviations below the median (%)",1999,Both sexes,13.210846,10.106502,16.621685
MDG_0000000001,Infant mortality rate (probability of dying between birth and age 1 per 1000 live births),2010,Male,77.865596187,72.617866062,83.388665972
CHILDDEATH5TO14,Number of deaths among children 5 to 14 years of age,2000,Male,54555.0,49238.0,61130.0
CM_02,Number of infant deaths,1988,Male,229913.0,213795.0,246991.0
NUTRITION_ANAEMIA_CHILDREN_NUM,Number of children aged 6-59 months with anaemia (thousands),2006,Severe,1550.0,1010.0,2170.0
WHS3_49,Poliomyelitis - number of reported cases,1986,,453.0,,
NCD_BMI_PLUS2C,"Obesity among children and adolescents, BMI-for-age > +2 standard deviations above the median (crude estimate) (%)",1994,Male,0.3322301,0.066155189,0.94765658
WHS3_56,Neonatal tetanus - number of reported cases,2008,,721.0,,
MDG_0000000001,Infant mortality rate (probability of dying between birth and age 1 per 1000 live births),2013,Male,75.106403061,69.672579195,80.869350684
CHILDDEATH5TO14,Number of deaths among children 5 to 14 years of age,2003,Female,50455.0,45554.0,55900.0
WHS4_543,BCG immunization coverage among 1-year-olds (%) (WUENIC),2004,,45.0,,
WHS8_110,Measles-containing-vaccine first-dose (MCV1) immunization coverage among 1-year-olds (%) (WUENIC),2018,,56.0,,
WHS4_129,Hib (Hib3) immunization coverage among 1-year-olds (%) (WUENIC),2019,,66.0,,
MDG_0000000001,Infant mortality rate (probability of dying between birth and age 1 per 1000 live births),1964,Female,159.66041424,134.153233143,190.873618128
MDG_0000000001,Infant mortality rate (probability of dying between birth and age 1 per 1000 live births),1976,Both sexes,119.339144588,107.628553996,132.098723135
NUTRITION_ANAEMIA_CHILDREN_PREV,Prevalence of anaemia in children aged 6-59 months (%),2019,Moderate,38.8,31.9,44.4
CM_01,Number of under-five deaths,1978,Both sexes,707540.0,641766.0,776432.0
CM_01,Number of under-five deaths,2004,Male,473385.0,445504.0,503256.0
NUTOVERWEIGHTNUM,"Overweight numbers among children under 5 years of age (thousands), model-based estimates",2022,Both sexes,484.1,389.1,601.9
WHS4_117,Hepatitis B (HepB3) immunization coverage among 1-year-olds (%) (WUENIC),2021,,50.0,,
MDG_0000000007,Under-five mortality rate (probability of dying by age 5 per 1000 live births),1987,Male,217.103345735,201.512967516,233.880061406
CM_03,Number of neonatal deaths,2019,Both sexes,283004.0,250857.0,321499.0
CHILDMORT5TO14,Mortality rate for 5-14 year-olds (probability of dying per 1000 children aged 5-14 years),1996,Male,34.339326416,30.325779685,39.601883861
CHILDMORT5TO14,Mortality rate for 5-14 year-olds (probability of dying per 1000 children aged 5-14 years),1997,Both sexes,32.684507059,29.087434398,37.501934273
CHILDDEATH5TO14,Number of deaths among children 5 to 14 years of age,1996,Male,54627.0,48589.0,62641.0
MDG_0000000001,Infant mortality rate (probability of dying between birth and age 1 per 1000 live births),2018,Both sexes,68.672609608,63.08650122,74.950989065
CHILDDEATH5TO14,Number of deaths among children 5 to 14 years of age,1994,Both sexes,104736.0,92944.0,120641.0
MDG_0000000001,Infant mortality rate (probability of dying between birth and age 1 per 1000 live births),1964,Both sexes,171.717800889,145.721849904,204.291834189
NUTRITION_ANAEMIA_CHILDREN_NUM,Number of children aged 6-59 months with anaemia (thousands),2018,Moderate,13000.0,11100.0,14600.0
NCD_BMI_PLUS2C,"Obesity among children and adolescents, BMI-for-age > +2 standard deviations above the median (crude estimate) (%)",1991,Male,0.24768189,0.036599077,0.7984858
WHS3_49,Poliomyelitis - number of reported cases,1987,,606.0,,
SDGPOISON,Mortality rate attributed to unintentional poisoning (per 100 000 population),2007,Female,0.793209234,0.475215159,1.161835965
WHS3_56,Neonatal tetanus - number of reported cases,1990,,1060.0,,
NUTOVERWEIGHTNUM,"Overweight numbers among children under 5 years of age (thousands), model-based estimates",2021,Male,255.9,214.1,307.7
CM_01,Number of under-five deaths,2023,Male,458340.0,398509.0,528530.0
CHILDDEATH5TO14,Number of deaths among children 5 to 14 years of age,1995,Male,54487.0,48379.0,62859.0
CHILDDEATH5TO14,Number of deaths among children 5 to 14 years of age,2003,Male,54844.0,49686.0,60691.0
CHILDDEATH5TO14,Number of deaths among children 5 to 14 years of age,2009,Both sexes,110996.0,100994.0,121469.0
NUTOVERWEIGHTNUM,"Overweight numbers among children under 5 years of age (thousands), model-based estimates",2015,Male,314.5,282.2,352.8
WHS4_128,Neonates protected at birth against neonatal tetanus (PAB) (%),2022,,67.0,,
MDG_0000000007,Under-five mortality rate (probability of dying by age 5 per 1000 live births),2017,Female,110.897727593,102.046032225,120.767399312
CHILDMORT5TO14,Mortality rate for 5-14 year-olds (probability of dying per 1000 children aged 5-14 years),2012,Female,22.729273612,20.188956367,25.389760134
CHILDDEATH5TO14,Number of deaths among children 5 to 14 years of age,1998,Both sexes,104789.0,94343.0,118441.0
CM_03,Number of neonatal deaths,2016,Both sexes,281986.0,253326.0,314391.0
WHOSIS_000003,Neonatal mortality rate (per 1000 live births),2004,Both sexes,40.941754292,36.982042001,45.066237784
WHOSIS_000003,Neonatal mortality rate (per 1000 live births),1984,Both sexes,50.028970914,44.332858205,56.09533459
NCD_BMI_PLUS2C,"Obesity among children and adolescents, BMI-for-age > +2 standard deviations above the median (crude estimate) (%)",2021,Female,3.6580767,1.5297068,6.8672433
NCD_BMI_MINUS2C,"Thinness among children and adolescents, BMI-for-age < -2 standard deviations below the median (%)",2008,Female,8.5360557,6.6670202,10.56437
WHOSIS_000016,Mortality rate among children ages 5 to 9 years (per 1000 children aged 5),1990,Both sexes,24.514293586,21.454391209,28.215257113
NUTRITION_ANAEMIA_CHILDREN_PREV,Prevalence of anaemia in children aged 6-59 months (%),2011,Mild,25.0,22.9,26.8
WHS3_49,Poliomyelitis - number of reported cases,2016,,5.0,,
SDGPOISON,Mortality rate attributed to unintentional poisoning (per 100 000 population),2011,Both sexes,0.953374509,0.570167845,1.416972564
WHS3_49,Poliomyelitis - number of reported cases,1991,,842.0,,
CM_02,Number of infant deaths,2006,Male,273061.0,256442.0,290372.0
WHOSIS_000016,Mortality rate among children ages 5 to 9 years (per 1000 children aged 5),1994,Both sexes,22.982561246,20.428834974,26.238602224
WHS3_62,Measles - number of reported cases,2009,,1272.0,,
NUTRITION_ANAEMIA_CHILDREN_PREV,Prevalence of anaemia in children aged 6-59 months (%),2018,Mild,26.5,24.7,28.1
WHOSIS_000016,Mortality rate among children ages 5 to 9 years (per 1000 children aged 5),1993,Male,24.197008155,21.191995991,27.891580355
WHOSIS_000003,Neonatal mortality rate (per 1000 live births),2002,Both sexes,43.413977442,39.311160136,47.619765424
CM_01,Number of under-five deaths,2012,Female,393721.0,365676.0,423254.0
NCD_BMI_PLUS2C,"Obesity among children and adolescents, BMI-for-age > +2 standard deviations above the median (crude estimate) (%)",2010,Both sexes,1.5257648,1.1130767,2.0427737
MDG_0000000001,Infant mortality rate (probability of dying between birth and age 1 per 1000 live births),1996,Male,111.364554882,104.533811891,118.866264548
NCD_BMI_PLUS2C,"Obesity among children and adolescents, BMI-for-age > +2 standard deviations above the median (crude estimate) (%)",2001,Female,1.8649705,0.88997353,3.2548737
CHILDMORT5TO14,Mortality rate for 5-14 year-olds (probability of dying per 1000 children aged 5-14 years),1999,Both sexes,31.220862477,27.932245453,35.29375671
NUTRITION_ANAEMIA_CHILDREN_NUM,Number of children aged 6-59 months with anaemia (thousands),2016,Both sexes,22570.726,20931.0,23927.0
NUTRITION_ANAEMIA_CHILDREN_PREV,Prevalence of anaemia in children aged 6-59 months (%),2005,Both sexes,75.8,68.6,81.1
MCV2,Measles-containing-vaccine second-dose (MCV2) immunization coverage by the locally recommended age (%) (WUENIC),2007,,0.0,,
MDG_0000000007,Under-five mortality rate (probability of dying by age 5 per 1000 live births),1965,Male,329.189156006,284.819980796,384.719090911
MDG_0000000001,Infant mortality rate (probability of dying between birth and age 1 per 1000 live births),1987,Both sexes,103.820965264,96.429879713,111.574849944
WHS3_62,Measles - number of reported cases,2004,,31521.0,,
SDGWSHBOD,Mortality rate attributed to exposure to unsafe WASH services (per 100 000 population) (SDG 3.9.2),2019,Male,72.8,,
CHILDMORT5TO14,Mortality rate for 5-14 year-olds (probability of dying per 1000 children aged 5-14 years),2010,Male,25.272038388,22.588504141,28.129967011
MDG_0000000001,Infant mortality rate (probability of dying between birth and age 1 per 1000 live births),1991,Female,95.773965066,89.15345618,102.730428918
CHILDDEATH5TO14,Number of deaths among children 5 to 14 years of age,2011,Female,53925.0,48552.0,59587.0
MDG_0000000007,Under-five mortality rate (probability of dying by age 5 per 1000 live births),2012,Both sexes,121.643842793,113.219365653,130.596785625
CM_02,Number of infant deaths,2017,Both sexes,497432.0,458653.0,540539.0
MDG_0000000007,Under-five mortality rate (probability of dying by age 5 per 1000 live births),1964,Both sexes,325.737796243,276.425123118,387.528675039
WHOSIS_000003,Neonatal mortality rate (per 1000 live births),1999,Both sexes,47.297964201,43.03110742,51.932843317
CM_03,Number of neonatal deaths,2015,Both sexes,281973.0,253897.0,313111.0
NUTRITION_ANAEMIA_CHILDREN_PREV,Prevalence of anaemia in children aged 6-59 months (%),2005,Mild,23.2,20.3,25.8
MDG_0000000007,Under-five mortality rate (probability of dying by age 5 per 1000 live births),1983,Both sexes,206.707587705,190.196047709,224.129753354
CM_01,Number of under-five deaths,1969,Female,472465.0,418079.0,535453.0
CHILDDEATH5TO14,Number of deaths among children 5 to 14 years of age,2023,Female,64075.0,52269.0,81225.0
CHILDMORT5TO14,Mortality rate for 5-14 year-olds (probability of dying per 1000 children aged 5-14 years),1990,Both sexes,36.988502679,31.862555464,43.002569906
NUTRITION_ANAEMIA_CHILDREN_NUM,Number of children aged 6-59 months with anaemia (thousands),2011,Moderate,12000.0,10500.0,13300.0
MCV2,Measles-containing-vaccine second-dose (MCV2) immunization coverage by the locally recommended age (%) (WUENIC),2003,,0.0,,
MDG_0000000007,Under-five mortality rate (probability of dying by age 5 per 1000 live births),1971,Male,285.954221932,254.177945285,322.671976323
NUTRITION_ANAEMIA_CHILDREN_PREV,Prevalence of anaemia in children aged 6-59 months (%),2003,Total,77.4,70.0,82.6
MALARIA_EST_MORTALITY,Estimated malaria mortality rate (per 100 000 population),2018,,88.36542453,72.66601465,109.4323405
NUTRITION_ANAEMIA_CHILDREN_PREV,Prevalence of anaemia in children aged 6-59 months (%),2013,Severe,4.6,3.3,6.0
CM_02,Number of infant deaths,1978,Female,167019.0,150514.0,184390.0
MDG_0000000001,Infant mortality rate (probability of dying between birth and age 1 per 1000 live births),1999,Both sexes,97.692910144,91.98115015,103.839837373
NCD_BMI_PLUS1C,"Overweight among children and adolescents, BMI-for-age > +1 standard deviations above the median (crude estimate) (%)",1994,Both sexes,3.6678884,2.521446,5.0543465
WHOSIS_000016,Mortality rate among children ages 5 to 9 years (per 1000 children aged 5),2012,Both sexes,14.692226717,13.329638759,16.13468594
ROTAC,Rotavirus vaccines completed dose (RotaC) immunization coverage among 1-year-olds (%),2012,,0.0,,
MDG_0000000001,Infant mortality rate (probability of dying between birth and age 1 per 1000 live births),2011,Female,62.935294111,58.40773478,67.670395308
CM_02,Number of infant deaths,1992,Male,254392.0,237947.0,271847.0
NCD_BMI_MINUS2C,"Thinness among children and adolescents, BMI-for-age < -2 standard deviations below the median (%)",1991,Male,13.996051,7.8254998,21.48926
WHS8_110,Measles-containing-vaccine first-dose (MCV1) immunization coverage among 1-year-olds (%) (WUENIC),2011,,49.0,,
WHOSIS_000016,Mortality rate among children ages 5 to 9 years (per 1000 children aged 5),2017,Male,14.559008546,12.851786751,16.440907291
WHS3_62,Measles - number of reported cases,1996,,88675.0,,
MDG_0000000001,Infant mortality rate (probability of dying between birth and age 1 per 1000 live births),1971,Both sexes,142.452218339,126.905804843,160.14763119
WHOSIS_000016,Mortality rate among children ages 5 to 9 years (per 1000 children aged 5),2015,Male,14.705234247,13.090002962,16.449486502
CM_04,Number of deaths among children ages 5 to 9 years,2001,Female,34191.0,30780.0,38430.0
CM_01,Number of under-five deaths,2008,Female,391898.0,367513.0,418147.0
CM_03,Number of neonatal deaths,1977,Both sexes,188814.0,165191.0,215859.0
CM_03,Number of neonatal deaths,1982,Both sexes,191420.0,169279.0,215248.0
WSH_DOMESTIC_WASTE_SAFELY_TREATED,SDG 6.3.1 Proportion of safely treated domestic wastewater flows (%),2020,,48.2916,,
MDG_0000000001,Infant mortality rate (probability of dying between birth and age 1 per 1000 live births),1968,Male,228.094412833,202.282882346,259.172328373
WHS8_110,Measles-containing-vaccine first-dose (MCV1) immunization coverage among 1-year-olds (%) (WUENIC),2021,,48.0,,
CM_01,Number of under-five deaths,2019,Female,397706.0,362472.0,436380.0
CM_01,Number of under-five deaths,1998,Female,435669.0,409390.0,463465.0
MDG_0000000001,Infant mortality rate (probability of dying between birth and age 1 per 1000 live births),2022,Male,76.462524301,67.484448025,86.779940389
ROTAC,Rotavirus vaccines completed dose (RotaC) immunization coverage among 1-year-olds (%),2017,,0.0,,
CHILDMORT5TO14,Mortality rate for 5-14 year-olds (probability of dying per 1000 children aged 5-14 years),2023,Both sexes,22.273456818,18.224808403,28.229030637
NUTRITION_ANAEMIA_CHILDREN_NUM,Number of children aged 6-59 months with anaemia (thousands),2012,Both sexes,20941.561,19299.0,22288.0
MDG_0000000001,Infant mortality rate (probability of dying between birth and age 1 per 1000 live births),1981,Female,96.712385936,87.792892306,106.045814013
NUTRITION_ANAEMIA_CHILDREN_NUM,Number of children aged 6-59 months with anaemia (thousands),2010,Severe,1400.0,956.0,1910.0
WHOSIS_000003,Neonatal mortality rate (per 1000 live births),1974,Both sexes,61.21122326,52.908040919,71.11212065
CM_04,Number of deaths among children ages 5 to 9 years,1998,Both sexes,71829.0,64854.0,81040.0
NCD_BMI_MINUS2C,"Thinness among children and adolescents, BMI-for-age < -2 standard deviations below the median (%)",2020,Female,9.5660858,6.2528826,13.471471
CM_01,Number of under-five deaths,1977,Male,374311.0,338407.0,413315.0
NUTOVERWEIGHTNUM,"Overweight numbers among children under 5 years of age (thousands), model-based estimates",2011,Male,420.3,366.8,484.4
NCD_BMI_MINUS2C,"Thinness among children and adolescents, BMI-for-age < -2 standard deviations below the median (%)",1990,Both sexes,14.282054,10.072232,18.857227
CHILDMORT5TO14,Mortality rate for 5-14 year-olds (probability of dying per 1000 children aged 5-14 years),2020,Both sexes,22.380380665,19.245315887,26.2428367
NUTRITION_ANAEMIA_CHILDREN_NUM,Number of children aged 6-59 months with anaemia (thousands),2005,Moderate,11200.0,9680.0,12400.0
MCV2,Measles-containing-vaccine second-dose (MCV2) immunization coverage by the locally recommended age (%) (WUENIC),2011,,0.0,,
SDGPOISON,Mortality rate attributed to unintentional poisoning (per 100 000 population),2019,Both sexes,0.984042483,0.60343009,1.497765211
NCD_BMI_PLUS1C,"Overweight among children and adolescents, BMI-for-age > +1 standard deviations above the median (crude estimate) (%)",2000,Male,4.6548966,2.6550755,7.3943451
MDG_0000000001,Infant mortality rate (probability of dying between birth and age 1 per 1000 live births),1988,Both sexes,104.194055293,96.887924498,111.742506281
WHOSIS_000003,Neonatal mortality rate (per 1000 live births),1967,Both sexes,70.437587714,59.233762076,84.213506124
CM_04,Number of deaths among children ages 5 to 9 years,1997,Both sexes,71826.0,64636.0,81381.0
NCD_BMI_PLUS1C,"Overweight among children and adolescents, BMI-for-age > +1 standard deviations above the median (crude estimate) (%)",1998,Both sexes,4.8977699,3.4504201,6.6419668
MDG_0000000007,Under-five mortality rate (probability of dying by age 5 per 1000 live births),1976,Female,225.889293966,203.014388878,250.357257316
CM_03,Number of neonatal deaths,1975,Both sexes,186001.0,161416.0,214464.0
WHS3_62,Measles - number of reported cases,2013,,52852.0,,
NUTRITION_ANAEMIA_CHILDREN_PREV,Prevalence of anaemia in children aged 6-59 months (%),2008,Severe,5.5,3.6,7.7
WHS8_110,Measles-containing-vaccine first-dose (MCV1) immunization coverage among 1-year-olds (%) (WUENIC),2008,,53.0,,
CM_02,Number of infant deaths,2017,Female,221224.0,202642.0,240738.0
CM_02,Number of infant deaths,1976,Male,201593.0,181316.0,223366.0
MDG_0000000001,Infant mortality rate (probability of dying between birth and age 1 per 1000 live births),2020,Male,75.699229991,68.454854119,83.873006621
WHS3_62,Measles - number of reported cases,1993,,54734.0,,
WHOSIS_000016,Mortality rate among children ages 5 to 9 years (per 1000 children aged 5),2005,Male,17.972918131,16.355809825,19.835171366
NUTRITION_ANAEMIA_CHILDREN_PREV,Prevalence of anaemia in children aged 6-59 months (%),2018,Moderate,39.5,33.7,44.2
NUTRITION_ANAEMIA_CHILDREN_NUM,Number of children aged 6-59 months with anaemia (thousands),2007,Severe,1500.0,971.0,2120.0
WHS3_62,Measles - number of reported cases,1981,,129671.0,,
CM_02,Number of infant deaths,1981,Female,167608.0,152299.0,183402.0
CHILDMORT5TO14,Mortality rate for 5-14 year-olds (probability of dying per 1000 children aged 5-14 years),2003,Female,27.617983597,24.669133105,30.822519208
CM_04,Number of deaths among children ages 5 to 9 years,2019,Male,45464.0,39567.0,51916.0
MDG_0000000001,Infant mortality rate (probability of dying between birth and age 1 per 1000 live births),2003,Female,77.912443089,73.176340383,82.941760246
WHS4_128,Neonates protected at birth against neonatal tetanus (PAB) (%),2021,,65.0,,
WHS4_117,Hepatitis B (HepB3) immunization coverage among 1-year-olds (%) (WUENIC),2020,,62.0,,
CM_03,Number of neonatal deaths,2018,Both sexes,283238.0,252740.0,319244.0
CM_02,Number of infant deaths,2022,Female,227364.0,200298.0,257856.0
CHILDMORT5TO14,Mortality rate for 5-14 year-olds (probability of dying per 1000 children aged 5-14 years),2005,Male,27.894210283,25.067971646,30.973374844
MDG_0000000007,Under-five mortality rate (probability of dying by age 5 per 1000 live births),2003,Male,164.88279071,155.256416261,175.378654429
MCV2,Measles-containing-vaccine second-dose (MCV2) immunization coverage by the locally recommended age (%) (WUENIC),2019,,9.0,,
MCV2,Measles-containing-vaccine second-dose (MCV2) immunization coverage by the locally recommended age (%) (WUENIC),2009,,0.0,,
CM_02,Number of infant deaths,1985,Male,215646.0,199373.0,233116.0
NUTRITION_ANAEMIA_CHILDREN_PREV,Prevalence of anaemia in children aged 6-59 months (%),2001,Total,78.7,71.5,83.9
NUTRITION_ANAEMIA_CHILDREN_NUM,Number of children aged 6-59 months with anaemia (thousands),2009,Mild,6630.0,5980.0,7200.0
NCD_BMI_PLUS2C,"Obesity among children and adolescents, BMI-for-age > +2 standard deviations above the median (crude estimate) (%)",1993,Female,0.62938049,0.232875,1.303866
CM_04,Number of deaths among children ages 5 to 9 years,2008,Female,35161.0,31957.0,38682.0
MDG_0000000001,Infant mortality rate (probability of dying between birth and age 1 per 1000 live births),2005,Female,72.175076198,67.732254326,76.857794025
CHILDDEATH5TO14,Number of deaths among children 5 to 14 years of age,1998,Female,50080.0,44619.0,57064.0
NCD_BMI_MINUS2C,"Thinness among children and adolescents, BMI-for-age < -2 standard deviations below the median (%)",2012,Female,9.0723336,6.4399943,12.133315
WHS4_128,Neonates protected at birth against neonatal tetanus (PAB) (%),2009,,67.0,,
MDG_0000000007,Under-five mortality rate (probability of dying by age 5 per 1000 live births),1964,Female,314.568777657,265.593031449,374.376241602
CHILDMORT5TO14,Mortality rate for 5-14 year-olds (probability of dying per 1000 children aged 5-14 years),2023,Male,23.584275741,19.214309126,30.049180373
NUTOVERWEIGHTNUM,"Overweight numbers among children under 5 years of age (thousands), model-based estimates",2022,Male,262.3,209.9,329.8
CM_02,Number of infant deaths,1986,Both sexes,398918.0,370361.0,428919.0
MDG_0000000001,Infant mortality rate (probability of dying between birth and age 1 per 1000 live births),2000,Both sexes,94.901621449,89.381321757,100.65138427
CM_01,Number of under-five deaths,1974,Male,369876.0,331503.0,411695.0
CHILDMORT5TO14,Mortality rate for 5-14 year-olds (probability of dying per 1000 children aged 5-14 years),1991,Male,37.14331269,32.131801359,43.153724493
MDG_0000000007,Under-five mortality rate (probability of dying by age 5 per 1000 live births),1971,Female,265.76129809,235.889562454,299.761060092
MDG_0000000001,Infant mortality rate (probability of dying between birth and age 1 per 1000 live births),1995,Male,112.238705406,105.412885996,119.820304744
CM_03,Number of neonatal deaths,1980,Both sexes,190116.0,167863.0,215451.0
WHS4_129,Hib (Hib3) immunization coverage among 1-year-olds (%) (WUENIC),2007,,0.0,,
WHOSIS_000016,Mortality rate among children ages 5 to 9 years (per 1000 children aged 5),2016,Male,14.630895799,12.972610348,16.438174817
MALARIA_EST_MORTALITY,Estimated malaria mortality rate (per 100 000 population),2011,,107.2286335,98.16743238,117.096786
CHILDMORT5TO14,Mortality rate for 5-14 year-olds (probability of dying per 1000 children aged 5-14 years),2018,Female,21.256108209,18.525499231,24.512086749
WHS3_62,Measles - number of reported cases,1982,,139785.0,,
CM_01,Number of under-five deaths,2009,Male,458836.0,429090.0,489686.0
CM_02,Number of infant deaths,1985,Both sexes,391757.0,363193.0,422156.0
CM_02,Number of infant deaths,1985,Female,176111.0,162128.0,190537.0
CM_01,Number of under-five deaths,1995,Female,433815.0,407211.0,462337.0
NUTRITION_ANAEMIA_CHILDREN_PREV,Prevalence of anaemia in children aged 6-59 months (%),2002,Severe,7.8,5.2,10.5
CM_02,Number of infant deaths,1981,Male,202936.0,185240.0,221932.0
WHS3_49,Poliomyelitis - number of reported cases,2008,,866.0,,
MCV2,Measles-containing-vaccine second-dose (MCV2) immunization coverage by the locally recommended age (%) (WUENIC),2018,,0.0,,
NUTRITION_ANAEMIA_CHILDREN_NUM,Number of children aged 6-59 months with anaemia (thousands),2001,Total,17100.0,15600.0,18300.0
CM_04,Number of deaths among children ages 5 to 9 years,2000,Male,37611.0,33737.0,42489.0
MDG_0000000001,Infant mortality rate (probability of dying between birth and age 1 per 1000 live births),1979,Both sexes,108.871582116,98.993328669,119.366171789
CHILDMORT5TO14,Mortality rate for 5-14 year-olds (probability of dying per 1000 children aged 5-14 years),2012,Both sexes,23.610733835,21.110780202,26.277265517
MDG_0000000001,Infant mortality rate (probability of dying between birth and age 1 per 1000 live births),1980,Both sexes,106.508394013,97.12204175,116.489373259
CHILDDEATH5TO14,Number of deaths among children 5 to 14 years of age,2012,Both sexes,115232.0,104166.0,127074.0
CM_04,Number of deaths among children ages 5 to 9 years,2007,Male,38493.0,35047.0,42334.0
CM_04,Number of deaths among children ages 5 to 9 years,2014,Female,36851.0,32822.0,41206.0
NUTRITION_ANAEMIA_CHILDREN_NUM,Number of children aged 6-59 months with anaemia (thousands),2010,Total,20100.0,18400.0,21500.0
CHILDMORT5TO14,Mortality rate for 5-14 year-olds (probability of dying per 1000 children aged 5-14 years),1992,Male,36.660104774,31.839080412,42.647700155
VACCINECOVERAGE_MENA_C,Meningococcal A conjugate (MENGA) vaccine immunization coverage (%) (WUENIC),2016,,0.0,,
WHS3_56,Neonatal tetanus - number of reported cases,2021,,39.0,,
VACCINECOVERAGE_MENA_C,Meningococcal A conjugate (MENGA) vaccine immunization coverage (%) (WUENIC),2018,,0.0,,
CM_01,Number of under-five deaths,2020,Female,395850.0,358119.0,437734.0
CM_03,Number of neonatal deaths,1985,Both sexes,193077.0,171236.0,216537.0
CHILDMORT5TO14,Mortality rate for 5-14 year-olds (probability of dying per 1000 children aged 5-14 years),2010,Female,23.593786324,21.031937262,26.234999399
WHS3_49,Poliomyelitis - number of reported cases,1989,,455.0,,
WHS4_543,BCG immunization coverage among 1-year-olds (%) (WUENIC),2018,,71.0,,
CM_04,Number of deaths among children ages 5 to 9 years,2022,Male,47130.0,39812.0,55004.0
MDG_0000000007,Under-five mortality rate (probability of dying by age 5 per 1000 live births),2006,Female,132.700641006,124.703116267,141.276381403
CM_04,Number of deaths among children ages 5 to 9 years,1993,Male,37518.0,32809.0,43328.0
CM_02,Number of infant deaths,1992,Female,205956.0,192425.0,220616.0
MDG_0000000007,Under-five mortality rate (probability of dying by age 5 per 1000 live births),1972,Both sexes,268.002403343,238.809862836,300.919932864
CHILDDEATH5TO14,Number of deaths among children 5 to 14 years of age,2023,Both sexes,138683.0,114442.0,174552.0
CM_02,Number of infant deaths,1995,Both sexes,493259.0,464356.0,524762.0
WHOSIS_000003,Neonatal mortality rate (per 1000 live births),1980,Both sexes,53.439976992,47.181411743,60.566185801
WHS3_56,Neonatal tetanus - number of reported cases,2019,,137.0,,
CM_02,Number of infant deaths,1968,Male,282258.0,251049.0,319450.0
CM_02,Number of infant deaths,1969,Female,243170.0,215391.0,274597.0
MDG_0000000001,Infant mortality rate (probability of dying between birth and age 1 per 1000 live births),1975,Female,114.578299108,102.029060469,128.061266893
MDG_0000000007,Under-five mortality rate (probability of dying by age 5 per 1000 live births),1977,Female,218.932482659,197.388488863,242.04198842
CM_04,Number of deaths among children ages 5 to 9 years,1995,Male,37658.0,33166.0,43211.0
VACCINECOVERAGE_YFV,Yellow fever vaccine (YFV) immunization coverage among 1-year olds (%),2006,,44.0,,
CM_01,Number of under-five deaths,1994,Female,427497.0,400638.0,455794.0
WHS3_49,Poliomyelitis - number of reported cases,1980,,816.0,,
WHS4_128,Neonates protected at birth against neonatal tetanus (PAB) (%),2016,,55.0,,
WHOSIS_000003,Neonatal mortality rate (per 1000 live births),2022,Both sexes,39.333548589,33.441867727,46.354552763
CM_02,Number of infant deaths,2015,Female,222000.0,204692.0,240316.0
CM_04,Number of deaths among children ages 5 to 9 years,2004,Both sexes,71858.0,65998.0,78893.0
NCD_BMI_PLUS1C,"Overweight among children and adolescents, BMI-for-age > +1 standard deviations above the median (crude estimate) (%)",2020,Both sexes,7.3927782,5.662344,9.4213501
CHILDDEATH5TO14,Number of deaths among children 5 to 14 years of age,1994,Female,50428.0,44223.0,58622.0
VACCINECOVERAGE_YFV,Yellow fever vaccine (YFV) immunization coverage among 1-year olds (%),2001,,0.0,,
SDGPOISON,Mortality rate attributed to unintentional poisoning (per 100 000 population),2012,Male,1.096258731,0.646422025,1.678663035
MDG_0000000007,Under-five mortality rate (probability of dying by age 5 per 1000 live births),1969,Male,407.19976967,362.198327419,459.789803433
CM_02,Number of infant deaths,1977,Both sexes,367845.0,333350.0,404942.0
MDG_0000000007,Under-five mortality rate (probability of dying by age 5 per 1000 live births),2002,Female,155.961478548,146.680953487,165.663452539
VACCINECOVERAGE_YFV,Yellow fever vaccine (YFV) immunization coverage among 1-year olds (%),2016,,47.0,,
CM_02,Number of infant deaths,2018,Both sexes,497680.0,457640.0,542619.0
WHS4_117,Hepatitis B (HepB3) immunization coverage among 1-year-olds (%) (WUENIC),2006,,27.0,,
CM_01,Number of under-five deaths,1975,Both sexes,700474.0,630383.0,776605.0
NUTOVERWEIGHTNUM,"Overweight numbers among children under 5 years of age (thousands), model-based estimates",2017,Both sexes,518.2,465.6,576.7
MDG_0000000007,Under-five mortality rate (probability of dying by age 5 per 1000 live births),2014,Female,111.968728865,103.753471335,120.811097421
CM_03,Number of neonatal deaths,1972,Both sexes,179765.0,154184.0,210205.0
CHILDDEATH5TO14,Number of deaths among children 5 to 14 years of age,1997,Both sexes,104895.0,94152.0,119329.0
CM_02,Number of infant deaths,2010,Male,272779.0,254365.0,291568.0
NUTOVERWEIGHTNUM,"Overweight numbers among children under 5 years of age (thousands), model-based estimates",2007,Both sexes,1059.2,891.3,1257.2
NUTOVERWEIGHTNUM,"Overweight numbers among children under 5 years of age (thousands), model-based estimates",2015,Female,266.8,239.8,298.8
CHILDDEATH5TO14,Number of deaths among children 5 to 14 years of age,1993,Male,54112.0,47644.0,62457.0
NUTRITION_ANAEMIA_CHILDREN_NUM,Number of children aged 6-59 months with anaemia (thousands),2018,Mild,8740.0,8140.0,9260.0
WHS4_128,Neonates protected at birth against neonatal tetanus (PAB) (%),2000,,57.0,,
CM_02,Number of infant deaths,2019,Female,221452.0,201407.0,243485.0
CHILDDEATH5TO14,Number of deaths among children 5 to 14 years of age,2001,Female,50186.0,45211.0,56131.0
CHILDMORT5TO14,Mortality rate for 5-14 year-olds (probability of dying per 1000 children aged 5-14 years),2000,Female,29.57608102,26.292098432,33.49179083
CM_02,Number of infant deaths,1976,Both sexes,368707.0,333201.0,407199.0
SDGPOISON,Mortality rate attributed to unintentional poisoning (per 100 000 population),2016,Both sexes,0.92953507,0.556170791,1.379376237
WHOSIS_000016,Mortality rate among children ages 5 to 9 years (per 1000 children aged 5),1990,Male,25.237041986,21.845538759,29.304397944
NUTRITION_ANAEMIA_CHILDREN_NUM,Number of children aged 6-59 months with anaemia (thousands),2005,Both sexes,18431.901,16690.0,19727.0
MDG_0000000007,Under-five mortality rate (probability of dying by age 5 per 1000 live births),1980,Male,221.749102864,202.126222591,243.15993667
WHS4_128,Neonates protected at birth against neonatal tetanus (PAB) (%),2006,,63.0,,
CM_04,Number of deaths among children ages 5 to 9 years,1994,Female,34203.0,29963.0,39551.0
NUTOVERWEIGHTNUM,"Overweight numbers among children under 5 years of age (thousands), model-based estimates",2002,Female,645.4,525.4,795.6
MDG_0000000001,Infant mortality rate (probability of dying between birth and age 1 per 1000 live births),1966,Female,152.090147413,132.716158625,175.259145724
MDG_0000000001,Infant mortality rate (probability of dying between birth and age 1 per 1000 live births),2011,Male,76.706082007,71.38256675,82.344258916
MDG_0000000001,Infant mortality rate (probability of dying between birth and age 1 per 1000 live births),1983,Male,110.562506864,101.34311988,120.50966636
WHS3_62,Measles - number of reported cases,1987,,77566.0,,
NCD_BMI_MINUS2C,"Thinness among children and adolescents, BMI-for-age < -2 standard deviations below the median (%)",2006,Female,8.9332044,6.2747717,12.056137
MDG_0000000001,Infant mortality rate (probability of dying between birth and age 1 per 1000 live births),1983,Both sexes,102.901675299,94.682019957,111.574651712
WHS3_49,Poliomyelitis - number of reported cases,2003,,355.0,,
CM_04,Number of deaths among children ages 5 to 9 years,1994,Male,37554.0,32982.0,43336.0
MDG_0000000007,Under-five mortality rate (probability of dying by age 5 per 1000 live births),1977,Both sexes,228.771097228,206.909512973,252.378928046
NUTRITION_ANAEMIA_CHILDREN_PREV,Prevalence of anaemia in children aged 6-59 months (%),2006,Total,75.0,67.8,80.4
WHOSIS_000016,Mortality rate among children ages 5 to 9 years (per 1000 children aged 5),2019,Male,14.556199669,12.679989317,16.604622562
CHILDMORT5TO14,Mortality rate for 5-14 year-olds (probability of dying per 1000 children aged 5-14 years),2014,Both sexes,23.004438658,20.465314498,25.715934342
CHILDDEATH5TO14,Number of deaths among children 5 to 14 years of age,2002,Female,50361.0,45470.0,56029.0
WHS4_129,Hib (Hib3) immunization coverage among 1-year-olds (%) (WUENIC),2005,,0.0,,
NUTRITION_ANAEMIA_CHILDREN_PREV,Prevalence of anaemia in children aged 6-59 months (%),2011,Severe,4.8,3.4,6.6
MDG_0000000001,Infant mortality rate (probability of dying between birth and age 1 per 1000 live births),1992,Female,95.969209803,89.524957001,102.87055496
WHOSIS_000003,Neonatal mortality rate (per 1000 live births),2016,Both sexes,38.209648951,34.324840416,42.602624731
MDG_0000000001,Infant mortality rate (probability of dying between birth and age 1 per 1000 live births),1982,Female,95.515089978,87.008654238,104.580026545
CHILDDEATH5TO14,Number of deaths among children 5 to 14 years of age,2022,Male,74174.0,62029.0,90617.0
VACCINECOVERAGE_YFV,Yellow fever vaccine (YFV) immunization coverage among 1-year olds (%),2004,,21.0,,
CHILDMORT5TO14,Mortality rate for 5-14 year-olds (probability of dying per 1000 children aged 5-14 years),2019,Female,21.163455438,18.219985795,24.631893963
NUTRITION_ANAEMIA_CHILDREN_PREV,Prevalence of anaemia in children aged 6-59 months (%),2010,Total,72.6,66.3,77.6
CHILDMORT5TO14,Mortality rate for 5-14 year-olds (probability of dying per 1000 children aged 5-14 years),2009,Male,25.757625423,23.049209934,28.593981376
CM_04,Number of deaths among children ages 5 to 9 years,2019,Female,39143.0,33941.0,44760.0
WHS3_62,Measles - number of reported cases,2006,,704.0,,
NUTOVERWEIGHTNUM,"Overweight numbers among children under 5 years of age (thousands), model-based estimates",2016,Both sexes,546.8,490.9,609.0
CM_01,Number of under-five deaths,2003,Male,478169.0,450256.0,508076.0
MDG_0000000001,Infant mortality rate (probability of dying between birth and age 1 per 1000 live births),1998,Male,108.089805226,101.64706483,115.192025925
NCD_BMI_PLUS2C,"Obesity among children and adolescents, BMI-for-age > +2 standard deviations above the median (crude estimate) (%)",1994,Female,0.67387638,0.26576309,1.3512503
MDG_0000000007,Under-five mortality rate (probability of dying by age 5 per 1000 live births),1993,Male,213.140189438,199.669926187,227.631231611
NUTRITION_ANAEMIA_CHILDREN_PREV,Prevalence of anaemia in children aged 6-59 months (%),2012,Total,71.9,66.3,76.6
WHS3_56,Neonatal tetanus - number of reported cases,1989,,498.0,,
SDGPOISON,Mortality rate attributed to unintentional poisoning (per 100 000 population),2008,Both sexes,1.060583662,0.630073456,1.573733832
WHS3_62,Measles - number of reported cases,2011,,18843.0,,
MDG_0000000007,Under-five mortality rate (probability of dying by age 5 per 1000 live births),1994,Male,211.519810974,198.609400315,225.681440103
MDG_0000000007,Under-five mortality rate (probability of dying by age 5 per 1000 live births),1965,Both sexes,318.802766269,275.997487881,371.562915888
CM_01,Number of under-five deaths,1980,Both sexes,716538.0,654151.0,782411.0
CM_02,Number of infant deaths,2007,Both sexes,485578.0,456316.0,516212.0
MDG_0000000001,Infant mortality rate (probability of dying between birth and age 1 per 1000 live births),1984,Male,110.607095044,101.711554488,120.10959394
CM_02,Number of infant deaths,1974,Male,202121.0,180712.0,225660.0
MDG_0000000007,Under-five mortality rate (probability of dying by age 5 per 1000 live births),2018,Male,123.116235567,112.838492812,134.510221353
MDG_0000000007,Under-five mortality rate (probability of dying by age 5 per 1000 live births),1967,Both sexes,305.380141682,270.881075783,345.729123829
CHILDMORT5TO14,Mortality rate for 5-14 year-olds (probability of dying per 1000 children aged 5-14 years),1995,Male,34.967126123,30.820519567,40.567125615
MDG_0000000007,Under-five mortality rate (probability of dying by age 5 per 1000 live births),2009,Male,136.551848277,127.651396451,145.792810192
CHILDDEATH5TO14,Number of deaths among children 5 to 14 years of age,2013,Female,55348.0,49494.0,61423.0
WHOSIS_000003,Neonatal mortality rate (per 1000 live births),1973,Both sexes,62.626389428,53.892242003,72.945164461
CM_01,Number of under-five deaths,1980,Female,334953.0,304631.0,366669.0
CM_01,Number of under-five deaths,2004,Female,407835.0,383772.0,433318.0
NCD_BMI_PLUS1C,"Overweight among children and adolescents, BMI-for-age > +1 standard deviations above the median (crude estimate) (%)",2013,Both sexes,6.3781314,5.4372832,7.4111007
MDG_0000000007,Under-five mortality rate (probability of dying by age 5 per 1000 live births),1987,Female,198.461624534,183.754814687,213.754320936
NUTRITION_ANAEMIA_CHILDREN_NUM,Number of children aged 6-59 months with anaemia (thousands),2018,Total,22900.0,20800.0,24600.0
CHILDDEATH5TO14,Number of deaths among children 5 to 14 years of age,2015,Both sexes,121485.0,109148.0,134935.0
MDG_0000000001,Infant mortality rate (probability of dying between birth and age 1 per 1000 live births),2021,Both sexes,69.898323855,62.698277407,77.923186892
CM_04,Number of deaths among children ages 5 to 9 years,1990,Both sexes,71487.0,62467.0,82433.0
CHILDMORT5TO14,Mortality rate for 5-14 year-olds (probability of dying per 1000 children aged 5-14 years),2001,Both sexes,29.729245163,26.76992721,33.265390069
CM_02,Number of infant deaths,1997,Both sexes,505105.0,475849.0,537254.0
MDG_0000000007,Under-five mortality rate (probability of dying by age 5 per 1000 live births),1989,Both sexes,208.016272387,193.812783589,222.790370295
CM_02,Number of infant deaths,1998,Both sexes,505289.0,476181.0,537219.0
CM_01,Number of under-five deaths,1975,Female,328111.0,294278.0,364262.0
MDG_0000000001,Infant mortality rate (probability of dying between birth and age 1 per 1000 live births),1982,Male,111.008549114,101.539853065,121.293609418
MDG_0000000001,Infant mortality rate (probability of dying between birth and age 1 per 1000 live births),2002,Both sexes,88.647112767,83.516155247,94.060387993
NUTRITION_ANAEMIA_CHILDREN_NUM,Number of children aged 6-59 months with anaemia (thousands),2006,Total,18800.0,17000.0,20200.0
WHS3_62,Measles - number of reported cases,2017,,11190.0,,
CM_01,Number of under-five deaths,2000,Male,493723.0,464905.0,523713.0
CM_02,Number of infant deaths,1965,Both sexes,378308.0,328948.0,438299.0
WHS3_62,Measles - number of reported cases,1974,,115634.0,,
CM_01,Number of under-five deaths,1989,Female,389798.0,362401.0,418093.0
MDG_0000000007,Under-five mortality rate (probability of dying by age 5 per 1000 live births),1988,Both sexes,208.2422906,193.640253968,223.328628488
CM_02,Number of infant deaths,1997,Female,226998.0,213107.0,242266.0
WHS3_56,Neonatal tetanus - number of reported cases,2001,,1441.0,,
CHILDDEATH5TO14,Number of deaths among children 5 to 14 years of age,2019,Both sexes,131537.0,115718.0,150525.0
CM_01,Number of under-five deaths,2015,Female,398754.0,368587.0,431331.0
CHILDDEATH5TO14,Number of deaths among children 5 to 14 years of age,2014,Male,63156.0,56547.0,70181.0
NUTRITION_ANAEMIA_CHILDREN_PREV,Prevalence of anaemia in children aged 6-59 months (%),2017,Total,70.4,64.7,74.9
NUTRITION_ANAEMIA_CHILDREN_PREV,Prevalence of anaemia in children aged 6-59 months (%),2006,Severe,6.2,4.0,8.7
CM_02,Number of infant deaths,2014,Both sexes,496495.0,460812.0,534705.0
CHILDMORT5TO14,Mortality rate for 5-14 year-olds (probability of dying per 1000 children aged 5-14 years),2011,Male,24.832698108,22.133072382,27.708605248
WHOSIS_000016,Mortality rate among children ages 5 to 9 years (per 1000 children aged 5),1998,Both sexes,21.022262651,19.000261536,23.686193553
MDG_0000000007,Under-five mortality rate (probability of dying by age 5 per 1000 live births),1974,Female,241.509183734,215.420075105,269.664952025
WHS3_49,Poliomyelitis - number of reported cases,2005,,833.0,,
CM_04,Number of deaths among children ages 5 to 9 years,2010,Female,35827.0,32339.0,39523.0
CHILDDEATH5TO14,Number of deaths among children 5 to 14 years of age,2005,Female,50853.0,45950.0,56085.0
MDG_0000000001,Infant mortality rate (probability of dying between birth and age 1 per 1000 live births),2007,Male,82.978345471,77.790995295,88.476053876
MCV2,Measles-containing-vaccine second-dose (MCV2) immunization coverage by the locally recommended age (%) (WUENIC),2016,,0.0,,
MDG_0000000001,Infant mortality rate (probability of dying between birth and age 1 per 1000 live births),2014,Both sexes,68.141909007,63.194096056,73.452218866
SDGPOISON,Mortality rate attributed to unintentional poisoning (per 100 000 population),2001,Female,0.687795882,0.397823796,1.0430826
WHS3_62,Measles - number of reported cases,1994,,106081.0,,
WHS3_62,Measles - number of reported cases,2007,,2613.0,,
WHOSIS_000016,Mortality rate among children ages 5 to 9 years (per 1000 children aged 5),2002,Both sexes,18.884825018,17.290622696,20.86474819
WHS4_117,Hepatitis B (HepB3) immunization coverage among 1-year-olds (%) (WUENIC),2003,,0.0,,
MDG_0000000007,Under-five mortality rate (probability of dying by age 5 per 1000 live births),1997,Female,185.494317975,174.216907795,197.703007968
CM_03,Number of neonatal deaths,1995,Both sexes,242224.0,219565.0,267056.0
NCD_BMI_MINUS2C,"Thinness among children and adolescents, BMI-for-age < -2 standard deviations below the median (%)",1996,Both sexes,15.069035,11.483707,18.940111
WHOSIS_000016,Mortality rate among children ages 5 to 9 years (per 1000 children aged 5),2015,Female,13.385746402,11.871061474,15.018450197
WHS3_56,Neonatal tetanus - number of reported cases,2023,,57.0,,
MDG_0000000007,Under-five mortality rate (probability of dying by age 5 per 1000 live births),2007,Male,144.027604729,135.079417796,153.48243843
MDG_0000000007,Under-five mortality rate (probability of dying by age 5 per 1000 live births),1997,Male,202.6118193,190.470746325,216.054974466
CM_02,Number of infant deaths,2001,Male,280752.0,264116.0,297996.0
CHILDMORT5TO14,Mortality rate for 5-14 year-olds (probability of dying per 1000 children aged 5-14 years),2001,Male,30.515368412,27.324322127,34.330007353
NUTRITION_ANAEMIA_CHILDREN_NUM,Number of children aged 6-59 months with anaemia (thousands),2009,Total,19800.0,17900.0,21100.0
CM_04,Number of deaths among children ages 5 to 9 years,2008,Male,38743.0,35189.0,42647.0
WHS3_62,Measles - number of reported cases,2021,,10649.0,,
CM_01,Number of under-five deaths,2010,Female,392663.0,366317.0,419723.0
CHILDMORT5TO14,Mortality rate for 5-14 year-olds (probability of dying per 1000 children aged 5-14 years),2009,Both sexes,24.938373641,22.441882722,27.525380455
CM_03,Number of neonatal deaths,2003,Both sexes,251925.0,228232.0,277030.0
CM_01,Number of under-five deaths,1995,Male,496661.0,467095.0,529225.0
MDG_0000000001,Infant mortality rate (probability of dying between birth and age 1 per 1000 live births),2015,Both sexes,68.001035587,62.95129093,73.478342423
MDG_0000000007,Under-five mortality rate (probability of dying by age 5 per 1000 live births),1988,Male,217.386615222,201.949863499,233.556199174
MDG_0000000001,Infant mortality rate (probability of dying between birth and age 1 per 1000 live births),2020,Female,62.921061441,56.815193954,69.74352493
MDG_0000000001,Infant mortality rate (probability of dying between birth and age 1 per 1000 live births),2001,Both sexes,91.794354434,86.44258364,97.328141549
MDG_0000000001,Infant mortality rate (probability of dying between birth and age 1 per 1000 live births),1984,Female,94.607688915,86.631449942,102.829709001
CHILDMORT5TO14,Mortality rate for 5-14 year-olds (probability of dying per 1000 children aged 5-14 years),1991,Both sexes,36.419884864,31.622407668,42.337788367
WHOSIS_000016,Mortality rate among children ages 5 to 9 years (per 1000 children aged 5),1997,Female,20.701463012,18.405141622,23.672835475
WHOSIS_000003,Neonatal mortality rate (per 1000 live births),1998,Both sexes,48.260770997,43.87324359,53.013032296
MDG_0000000001,Infant mortality rate (probability of dying between birth and age 1 per 1000 live births),2012,Both sexes,69.112776845,64.326352845,74.199452223
CM_01,Number of under-five deaths,1976,Female,328485.0,295736.0,363068.0
CM_02,Number of infant deaths,1975,Male,202000.0,181509.0,225118.0
CM_04,Number of deaths among children ages 5 to 9 years,2017,Both sexes,82014.0,72928.0,91754.0
NUTRITION_ANAEMIA_CHILDREN_PREV,Prevalence of anaemia in children aged 6-59 months (%),2006,Moderate,45.3,38.8,50.4
MDG_0000000001,Infant mortality rate (probability of dying between birth and age 1 per 1000 live births),1986,Both sexes,103.412247092,95.888980536,111.3429852
CM_02,Number of infant deaths,2000,Female,228468.0,214783.0,242878.0
MDG_0000000007,Under-five mortality rate (probability of dying by age 5 per 1000 live births),2002,Male,171.412236573,161.355053506,182.130815018
WHS3_62,Measles - number of reported cases,1975,,134976.0,,
MDG_0000000001,Infant mortality rate (probability of dying between birth and age 1 per 1000 live births),2002,Female,80.938502656,76.085880985,86.200907299
MDG_0000000007,Under-five mortality rate (probability of dying by age 5 per 1000 live births),1978,Male,231.631431725,209.779680015,255.573664304
CM_03,Number of neonatal deaths,1989,Both sexes,208756.0,186314.0,232411.0
CHILDDEATH5TO14,Number of deaths among children 5 to 14 years of age,2005,Both sexes,106442.0,96904.0,116593.0
NCD_BMI_PLUS1C,"Overweight among children and adolescents, BMI-for-age > +1 standard deviations above the median (crude estimate) (%)",2019,Both sexes,9.317255,6.8684481,12.182569
CM_03,Number of neonatal deaths,1983,Both sexes,193424.0,171107.0,217017.0
VACCINECOVERAGE_YFV,Yellow fever vaccine (YFV) immunization coverage among 1-year olds (%),2021,,46.0,,
CM_04,Number of deaths among children ages 5 to 9 years,2007,Both sexes,73251.0,67390.0,79791.0
MDG_0000000007,Under-five mortality rate (probability of dying by age 5 per 1000 live births),2012,Male,128.364699326,119.4233255,137.902158302
MALARIA_EST_MORTALITY,Estimated malaria mortality rate (per 100 000 population),2016,,87.91636671,75.59096302,103.8989233
WHOSIS_000003,Neonatal mortality rate (per 1000 live births),1994,Both sexes,49.756663119,44.9067595,54.925357564
CM_03,Number of neonatal deaths,1997,Both sexes,248499.0,225951.0,273179.0
CM_01,Number of under-five deaths,1991,Female,404108.0,377381.0,432367.0
MDG_0000000001,Infant mortality rate (probability of dying between birth and age 1 per 1000 live births),2006,Both sexes,77.68217137,73.042809145,82.537062639
WHS3_62,Measles - number of reported cases,2001,,168107.0,,
NUTOVERWEIGHTNUM,"Overweight numbers among children under 5 years of age (thousands), model-based estimates",2019,Male,260.1,231.2,294.5
NUTOVERWEIGHTNUM,"Overweight numbers among children under 5 years of age (thousands), model-based estimates",2020,Both sexes,471.6,408.4,544.3
NCD_BMI_PLUS1C,"Overweight among children and adolescents, BMI-for-age > +1 standard deviations above the median (crude estimate) (%)",1990,Female,4.1005801,2.1193855,6.9940552
MDG_0000000001,Infant mortality rate (probability of dying between birth and age 1 per 1000 live births),2009,Female,64.871577864,60.539610546,69.385362524
NUTRITION_ANAEMIA_CHILDREN_NUM,Number of children aged 6-59 months with anaemia (thousands),2015,Severe,1330.0,979.0,1720.0
MALARIA_EST_MORTALITY,Estimated malaria mortality rate (per 100 000 population),2010,,119.5568596,110.2447308,129.3665193
CM_01,Number of under-five deaths,2018,Female,398130.0,364867.0,435369.0
NCD_BMI_PLUS2C,"Obesity among children and adolescents, BMI-for-age > +2 standard deviations above the median (crude estimate) (%)",1994,Both sexes,0.96252002,0.41724467,1.8561898
CM_03,Number of neonatal deaths,1990,Both sexes,213734.0,191526.0,237172.0
MDG_0000000007,Under-five mortality rate (probability of dying by age 5 per 1000 live births),1982,Both sexes,207.694947483,190.630169552,225.843904099
CM_04,Number of deaths among children ages 5 to 9 years,2013,Both sexes,77296.0,69776.0,85218.0
SDGPOISON,Mortality rate attributed to unintentional poisoning (per 100 000 population),2005,Male,1.099427731,0.648304588,1.728673001
CM_01,Number of under-five deaths,2010,Male,457553.0,426741.0,489241.0
CM_02,Number of infant deaths,2003,Male,276893.0,260639.0,294181.0
CM_02,Number of infant deaths,2009,Male,272649.0,254914.0,290800.0
MDG_0000000007,Under-five mortality rate (probability of dying by age 5 per 1000 live births),1969,Female,386.669339498,343.088729099,436.931892357
MALARIA_EST_MORTALITY,Estimated malaria mortality rate (per 100 000 population),2024,,79.47972137,58.01006893,113.4252592
CM_02,Number of infant deaths,1967,Female,172415.0,152160.0,196200.0
CHILDMORT5TO14,Mortality rate for 5-14 year-olds (probability of dying per 1000 children aged 5-14 years),2023,Female,20.921261791,16.910055585,26.689357141
CM_03,Number of neonatal deaths,2001,Both sexes,255093.0,231415.0,279577.0
CM_02,Number of infant deaths,1974,Both sexes,370061.0,331881.0,411471.0
MDG_0000000001,Infant mortality rate (probability of dying between birth and age 1 per 1000 live births),1992,Male,113.109957484,105.620593855,120.981891266
ROTAC,Rotavirus vaccines completed dose (RotaC) immunization coverage among 1-year-olds (%),2022,,18.0,,
CHILDMORT5TO14,Mortality rate for 5-14 year-olds (probability of dying per 1000 children aged 5-14 years),2020,Male,23.650162327,20.296791332,27.85261803
CHILDDEATH5TO14,Number of deaths among children 5 to 14 years of age,2021,Both sexes,136099.0,116497.0,161425.0
WHOSIS_000016,Mortality rate among children ages 5 to 9 years (per 1000 children aged 5),1991,Female,23.397597622,20.23940379,27.209861784
NUTRITION_ANAEMIA_CHILDREN_NUM,Number of children aged 6-59 months with anaemia (thousands),2016,Severe,1300.0,951.0,1710.0
MDG_0000000001,Infant mortality rate (probability of dying between birth and age 1 per 1000 live births),1993,Female,96.22946821,89.961917199,102.969313388
MDG_0000000007,Under-five mortality rate (probability of dying by age 5 per 1000 live births),1976,Male,245.091913804,220.749007454,272.008599269
CM_02,Number of infant deaths,1990,Male,243545.0,227006.0,260486.0
CM_02,Number of infant deaths,1972,Both sexes,372762.0,333053.0,417303.0
WHS3_62,Measles - number of reported cases,2008,,9960.0,,
WHOSIS_000003,Neonatal mortality rate (per 1000 live births),1982,Both sexes,51.449625991,45.494975307,57.858672869
NUTOVERWEIGHTNUM,"Overweight numbers among children under 5 years of age (thousands), model-based estimates",2010,Female,385.2,332.8,448.5
CM_03,Number of neonatal deaths,1973,Both sexes,181052.0,155817.0,210855.0
NUTOVERWEIGHTNUM,"Overweight numbers among children under 5 years of age (thousands), model-based estimates",2007,Female,486.1,408.6,581.4
CM_02,Number of infant deaths,2016,Male,276736.0,255414.0,300417.0
CM_02,Number of infant deaths,1996,Male,276325.0,259693.0,294573.0
CM_02,Number of infant deaths,1973,Male,202369.0,180181.0,227138.0
CM_02,Number of infant deaths,2009,Both sexes,487080.0,456224.0,518740.0
SDGPOISON,Mortality rate attributed to unintentional poisoning (per 100 000 population),2008,Male,1.19243235,0.698252464,1.838627743
MDG_0000000001,Infant mortality rate (probability of dying between birth and age 1 per 1000 live births),2017,Male,74.483714105,68.52694189,81.30773569
CM_02,Number of infant deaths,1994,Male,265924.0,249598.0,283601.0
WHS4_543,BCG immunization coverage among 1-year-olds (%) (WUENIC),2013,,51.0,,
CM_04,Number of deaths among children ages 5 to 9 years,2004,Male,37580.0,34105.0,41589.0
CHILDDEATH5TO14,Number of deaths among children 5 to 14 years of age,1990,Male,53091.0,46103.0,61244.0
CHILDMORT5TO14,Mortality rate for 5-14 year-olds (probability of dying per 1000 children aged 5-14 years),2005,Both sexes,27.128791293,24.457462899,29.956745344
MALARIA_EST_MORTALITY,Estimated malaria mortality rate (per 100 000 population),2012,,97.62280978,88.70899345,107.7306627
CHILDMORT5TO14,Mortality rate for 5-14 year-olds (probability of dying per 1000 children aged 5-14 years),1993,Both sexes,35.286781277,30.95787666,40.968634866
MDG_0000000001,Infant mortality rate (probability of dying between birth and age 1 per 1000 live births),1967,Both sexes,159.518383691,141.497450173,180.595079708
CM_01,Number of under-five deaths,2019,Male,456185.0,415993.0,500239.0
MDG_0000000001,Infant mortality rate (probability of dying between birth and age 1 per 1000 live births),2014,Male,74.558358014,69.029295572,80.481733482
CHILDDEATH5TO14,Number of deaths among children 5 to 14 years of age,2013,Male,61805.0,55514.0,68604.0
CM_04,Number of deaths among children ages 5 to 9 years,2006,Female,34580.0,31428.0,38075.0
CM_03,Number of neonatal deaths,1969,Both sexes,180201.0,153884.0,212278.0
WHS3_62,Measles - number of reported cases,1991,,44026.0,,
CM_01,Number of under-five deaths,2006,Female,397515.0,373469.0,422752.0
MDG_0000000007,Under-five mortality rate (probability of dying by age 5 per 1000 live births),2011,Male,130.567639844,121.583106935,140.089475389
NUTRITION_ANAEMIA_CHILDREN_PREV,Prevalence of anaemia in children aged 6-59 months (%),2011,Moderate,42.4,37.0,46.7
NUTRITION_ANAEMIA_CHILDREN_NUM,Number of children aged 6-59 months with anaemia (thousands),2002,Moderate,10800.0,9410.0,12000.0
CHILDDEATH5TO14,Number of deaths among children 5 to 14 years of age,2010,Male,58903.0,53190.0,64967.0
NUTRITION_ANAEMIA_CHILDREN_NUM,Number of children aged 6-59 months with anaemia (thousands),2015,Mild,8030.0,7570.0,8450.0
NCD_BMI_MINUS2C,"Thinness among children and adolescents, BMI-for-age < -2 standard deviations below the median (%)",2003,Both sexes,12.663549,9.9282667,15.616916
CM_02,Number of infant deaths,1998,Female,226507.0,212575.0,241448.0
CM_02,Number of infant deaths,2018,Female,221294.0,202213.0,242372.0
CM_01,Number of under-five deaths,1986,Both sexes,792902.0,735601.0,853257.0
CM_01,Number of under-five deaths,1984,Female,356767.0,328255.0,386429.0
CM_02,Number of infant deaths,2012,Male,274539.0,255217.0,294697.0
WHS3_49,Poliomyelitis - number of reported cases,1994,,502.0,,
MDG_0000000007,Under-five mortality rate (probability of dying by age 5 per 1000 live births),1974,Both sexes,251.537947333,225.053894985,280.440553835
WHS3_56,Neonatal tetanus - number of reported cases,2015,,53.0,,
WHS3_49,Poliomyelitis - number of reported cases,1995,,439.0,,
NUTRITION_ANAEMIA_CHILDREN_PREV,Prevalence of anaemia in children aged 6-59 months (%),2019,Both sexes,68.9,61.2,75.1
NUTRITION_ANAEMIA_CHILDREN_PREV,Prevalence of anaemia in children aged 6-59 months (%),2014,Total,71.5,66.5,75.9
CHILDMORT5TO14,Mortality rate for 5-14 year-olds (probability of dying per 1000 children aged 5-14 years),2003,Male,29.116331261,26.130055581,32.442435791
CM_01,Number of under-five deaths,1984,Both sexes,764141.0,705623.0,825129.0
CM_03,Number of neonatal deaths,1992,Both sexes,224886.0,202540.0,248823.0
CM_01,Number of under-five deaths,1981,Female,338372.0,308503.0,369324.0
WHS4_128,Neonates protected at birth against neonatal tetanus (PAB) (%),2001,,59.0,,
CHILDDEATH5TO14,Number of deaths among children 5 to 14 years of age,2005,Male,55589.0,50413.0,61261.0
CHILDDEATH5TO14,Number of deaths among children 5 to 14 years of age,1999,Female,49958.0,44700.0,56565.0
NUTRITION_ANAEMIA_CHILDREN_NUM,Number of children aged 6-59 months with anaemia (thousands),2001,Severe,1780.0,1190.0,2390.0
WHS3_56,Neonatal tetanus - number of reported cases,1994,,693.0,,
WHS3_56,Neonatal tetanus - number of reported cases,2004,,777.0,,
CM_02,Number of infant deaths,1975,Female,167738.0,149652.0,186945.0
WHOSIS_000016,Mortality rate among children ages 5 to 9 years (per 1000 children aged 5),2005,Both sexes,17.422697492,16.039331668,19.028719582
WHS3_56,Neonatal tetanus - number of reported cases,1991,,1103.0,,
NUTRITION_ANAEMIA_CHILDREN_PREV,Prevalence of anaemia in children aged 6-59 months (%),2003,Severe,7.4,4.9,10.0
SDGPOISON,Mortality rate attributed to unintentional poisoning (per 100 000 population),2017,Female,1.017719126,0.636367014,1.490791908
CHILDMORT5TO14,Mortality rate for 5-14 year-olds (probability of dying per 1000 children aged 5-14 years),2022,Female,20.998996099,17.27938069,25.993806175
VACCINECOVERAGE_YFV,Yellow fever vaccine (YFV) immunization coverage among 1-year olds (%),2015,,42.0,,
CM_01,Number of under-five deaths,1989,Male,448549.0,417748.0,480731.0
NUTRITION_ANAEMIA_CHILDREN_PREV,Prevalence of anaemia in children aged 6-59 months (%),2002,Both sexes,78.1,70.6,83.3
MDG_0000000007,Under-five mortality rate (probability of dying by age 5 per 1000 live births),1967,Male,315.397964716,278.874521551,358.359046038
MDG_0000000001,Infant mortality rate (probability of dying between birth and age 1 per 1000 live births),2010,Both sexes,71.070448852,66.377510771,75.868372162
CM_02,Number of infant deaths,2022,Male,283720.0,250494.0,321156.0
MDG_0000000007,Under-five mortality rate (probability of dying by age 5 per 1000 live births),2001,Female,162.400057054,152.788808023,172.630426148
NUTRITION_ANAEMIA_CHILDREN_NUM,Number of children aged 6-59 months with anaemia (thousands),2013,Total,21400.0,19800.0,22700.0
WHOSIS_000003,Neonatal mortality rate (per 1000 live births),2020,Both sexes,39.164442129,34.351278021,44.832515557
MALARIA_EST_MORTALITY,Estimated malaria mortality rate (per 100 000 population),2021,,87.29310542,67.02396859,118.0905908
WHOSIS_000016,Mortality rate among children ages 5 to 9 years (per 1000 children aged 5),2014,Both sexes,14.225225606,12.814089859,15.732300378
NUTOVERWEIGHTNUM,"Overweight numbers among children under 5 years of age (thousands), model-based estimates",2000,Both sexes,1465.8,1177.8,1818.2
MALARIA_EST_MORTALITY,Estimated malaria mortality rate (per 100 000 population),2006,,159.7144215,149.5049553,170.3163015
CHILDMORT5TO14,Mortality rate for 5-14 year-olds (probability of dying per 1000 children aged 5-14 years),2007,Female,25.093302475,22.432725734,27.84631237
MDG_0000000001,Infant mortality rate (probability of dying between birth and age 1 per 1000 live births),1987,Female,95.26635003,88.078864357,102.973061498
CM_03,Number of neonatal deaths,1991,Both sexes,219121.0,196904.0,242963.0
MDG_0000000007,Under-five mortality rate (probability of dying by age 5 per 1000 live births),1988,Female,198.563841985,184.189577813,213.410187942
CM_04,Number of deaths among children ages 5 to 9 years,2017,Male,43776.0,38610.0,49481.0
CM_01,Number of under-five deaths,2014,Male,459244.0,425476.0,495229.0
CM_04,Number of deaths among children ages 5 to 9 years,1999,Female,33952.0,30373.0,38512.0
MALARIA_EST_MORTALITY,Estimated malaria mortality rate (per 100 000 population),2013,,90.50953004,81.52743944,101.0994549
WHOSIS_000016,Mortality rate among children ages 5 to 9 years (per 1000 children aged 5),1994,Male,23.789425167,20.923206255,27.401864954
CM_02,Number of infant deaths,1987,Male,224276.0,208173.0,241328.0
MDG_0000000001,Infant mortality rate (probability of dying between birth and age 1 per 1000 live births),1994,Female,96.114102988,89.904796888,102.638471175
NUTRITION_ANAEMIA_CHILDREN_NUM,Number of children aged 6-59 months with anaemia (thousands),2019,Moderate,13000.0,10700.0,14800.0
CHILDMORT5TO14,Mortality rate for 5-14 year-olds (probability of dying per 1000 children aged 5-14 years),2015,Female,21.716532785,19.187268486,24.511149199
MDG_0000000001,Infant mortality rate (probability of dying between birth and age 1 per 1000 live births),1993,Male,112.800988154,105.634789708,120.522861595
MALARIA_EST_MORTALITY,Estimated malaria mortality rate (per 100 000 population),2004,,160.4521065,150.7651567,170.5848864
WHS4_543,BCG immunization coverage among 1-year-olds (%) (WUENIC),2016,,64.0,,
SDGPOISON,Mortality rate attributed to unintentional poisoning (per 100 000 population),2020,Female,1.00288374,0.604577354,1.562344042
MDG_0000000001,Infant mortality rate (probability of dying between birth and age 1 per 1000 live births),1990,Both sexes,104.661025103,97.57659346,111.910242999
CM_03,Number of neonatal deaths,2008,Both sexes,258694.0,234493.0,284469.0
CHILDMORT5TO14,Mortality rate for 5-14 year-olds (probability of dying per 1000 children aged 5-14 years),1991,Female,35.681170625,30.633001987,41.861165282
WHS4_117,Hepatitis B (HepB3) immunization coverage among 1-year-olds (%) (WUENIC),2022,,55.0,,
NUTRITION_ANAEMIA_CHILDREN_NUM,Number of children aged 6-59 months with anaemia (thousands),2010,Mild,6870.0,6260.0,7410.0
CM_04,Number of deaths among children ages 5 to 9 years,2015,Male,42136.0,37478.0,47175.0
MDG_0000000007,Under-five mortality rate (probability of dying by age 5 per 1000 live births),1970,Both sexes,387.433102313,345.18374335,435.891202643
CHILDMORT5TO14,Mortality rate for 5-14 year-olds (probability of dying per 1000 children aged 5-14 years),1998,Both sexes,31.955367976,28.533084129,36.392529234
NUTRITION_ANAEMIA_CHILDREN_NUM,Number of children aged 6-59 months with anaemia (thousands),2001,Both sexes,17129.909,15560.0,18258.0
NUTRITION_ANAEMIA_CHILDREN_NUM,Number of children aged 6-59 months with anaemia (thousands),2015,Total,22200.0,20600.0,23500.0
WHS3_62,Measles - number of reported cases,2023,,20143.0,,
CM_01,Number of under-five deaths,1983,Female,350461.0,321321.0,380395.0
CM_02,Number of infant deaths,2014,Female,220241.0,203646.0,237574.0
CM_04,Number of deaths among children ages 5 to 9 years,2011,Female,36057.0,32412.0,39920.0
WHOSIS_000016,Mortality rate among children ages 5 to 9 years (per 1000 children aged 5),2021,Male,14.59069797,12.479047822,16.921212348
SDGPOISON,Mortality rate attributed to unintentional poisoning (per 100 000 population),2018,Both sexes,1.045077766,0.640524938,1.575670907
MDG_0000000001,Infant mortality rate (probability of dying between birth and age 1 per 1000 live births),2009,Male,79.430306455,74.250876908,84.838256405
NUTOVERWEIGHTNUM,"Overweight numbers among children under 5 years of age (thousands), model-based estimates",2024,Female,251.1,179.6,352.9
NUTRITION_ANAEMIA_CHILDREN_PREV,Prevalence of anaemia in children aged 6-59 months (%),2000,Both sexes,79.3,71.8,84.4
NUTRITION_ANAEMIA_CHILDREN_NUM,Number of children aged 6-59 months with anaemia (thousands),2014,Both sexes,21806.647,20264.0,23129.0
CM_01,Number of under-five deaths,1988,Male,439542.0,408547.0,471808.0
CM_01,Number of under-five deaths,2013,Male,458466.0,425451.0,493057.0
NUTRITION_ANAEMIA_CHILDREN_PREV,Prevalence of anaemia in children aged 6-59 months (%),2010,Severe,5.0,3.5,6.9
MDG_0000000001,Infant mortality rate (probability of dying between birth and age 1 per 1000 live births),2002,Male,95.961458303,90.210890788,102.073409086
NUTRITION_ANAEMIA_CHILDREN_PREV,Prevalence of anaemia in children aged 6-59 months (%),2001,Both sexes,78.7,71.5,83.9
CM_04,Number of deaths among children ages 5 to 9 years,2009,Both sexes,74664.0,68366.0,81348.0
MDG_0000000001,Infant mortality rate (probability of dying between birth and age 1 per 1000 live births),1991,Both sexes,104.724762398,97.892344653,111.895889788
CM_02,Number of infant deaths,1991,Female,200982.0,187248.0,215274.0
MDG_0000000001,Infant mortality rate (probability of dying between birth and age 1 per 1000 live births),1973,Female,123.424411906,109.316843926,138.728455562
MDG_0000000001,Infant mortality rate (probability of dying between birth and age 1 per 1000 live births),2020,Both sexes,69.490528611,63.100174183,76.74319314
SDGPOISON,Mortality rate attributed to unintentional poisoning (per 100 000 population),2011,Female,0.848552374,0.521449212,1.209587928
CHILDMORT5TO14,Mortality rate for 5-14 year-olds (probability of dying per 1000 children aged 5-14 years),2018,Both sexes,22.439017392,19.724722231,25.657577574
WHOSIS_000016,Mortality rate among children ages 5 to 9 years (per 1000 children aged 5),2004,Male,18.433367595,16.742940781,20.379728799
NUTRITION_ANAEMIA_CHILDREN_PREV,Prevalence of anaemia in children aged 6-59 months (%),2004,Severe,7.0,4.6,9.6
CHILDMORT5TO14,Mortality rate for 5-14 year-olds (probability of dying per 1000 children aged 5-14 years),2000,Both sexes,30.4606837,27.347195695,34.233448579
MDG_0000000007,Under-five mortality rate (probability of dying by age 5 per 1000 live births),2018,Female,110.968141933,101.744102222,121.387916911
WHS3_56,Neonatal tetanus - number of reported cases,1993,,1879.0,,
CM_01,Number of under-five deaths,2017,Male,458493.0,421755.0,499011.0
CM_02,Number of infant deaths,1986,Female,179150.0,165398.0,193657.0
MDG_0000000007,Under-five mortality rate (probability of dying by age 5 per 1000 live births),1982,Female,198.644637005,181.54338758,216.563418163
WHS3_62,Measles - number of reported cases,1989,,33678.0,,
WHOSIS_000016,Mortality rate among children ages 5 to 9 years (per 1000 children aged 5),2012,Male,15.204218172,13.670250431,16.860705037
WSH_DOMESTIC_WASTE_SAFELY_TREATED,SDG 6.3.1 Proportion of safely treated domestic wastewater flows (%),2024,,40.66710663,,
CM_02,Number of infant deaths,2020,Both sexes,497425.0,452122.0,548724.0
CM_04,Number of deaths among children ages 5 to 9 years,2009,Female,35547.0,32180.0,39115.0
NCD_BMI_MINUS2C,"Thinness among children and adolescents, BMI-for-age < -2 standard deviations below the median (%)",2009,Female,8.5538603,6.6929102,10.587212
MDG_0000000007,Under-five mortality rate (probability of dying by age 5 per 1000 live births),2017,Male,123.151938661,113.280731752,134.116236948
MDG_0000000007,Under-five mortality rate (probability of dying by age 5 per 1000 live births),1999,Female,175.141025692,164.502775225,186.250203201
WHOSIS_000003,Neonatal mortality rate (per 1000 live births),1993,Both sexes,49.784955489,44.861660433,55.013156356
MDG_0000000007,Under-five mortality rate (probability of dying by age 5 per 1000 live births),1972,Female,257.645533309,228.853040947,289.798807947
MALARIA_EST_MORTALITY,Estimated malaria mortality rate (per 100 000 population),2014,,89.23547763,79.46057093,101.3276767
NUTRITION_ANAEMIA_CHILDREN_PREV,Prevalence of anaemia in children aged 6-59 months (%),2012,Mild,25.2,23.3,26.9
WHS4_129,Hib (Hib3) immunization coverage among 1-year-olds (%) (WUENIC),2020,,62.0,,
MDG_0000000007,Under-five mortality rate (probability of dying by age 5 per 1000 live births),1967,Female,294.545441038,260.35905902,335.047201129
CM_04,Number of deaths among children ages 5 to 9 years,2023,Male,47087.0,39274.0,55450.0
NUTRITION_ANAEMIA_CHILDREN_PREV,Prevalence of anaemia in children aged 6-59 months (%),2002,Moderate,48.4,42.0,53.4
NUTRITION_ANAEMIA_CHILDREN_NUM,Number of children aged 6-59 months with anaemia (thousands),2005,Total,18400.0,16700.0,19700.0
MCV2,Measles-containing-vaccine second-dose (MCV2) immunization coverage by the locally recommended age (%) (WUENIC),2012,,0.0,,
CHILDDEATH5TO14,Number of deaths among children 5 to 14 years of age,2019,Male,70416.0,61651.0,81006.0
CM_03,Number of neonatal deaths,2007,Both sexes,254688.0,231017.0,280063.0
CM_01,Number of under-five deaths,1987,Both sexes,807356.0,750086.0,867150.0
NUTRITION_ANAEMIA_CHILDREN_PREV,Prevalence of anaemia in children aged 6-59 months (%),2007,Severe,5.8,3.8,8.2
MDG_0000000007,Under-five mortality rate (probability of dying by age 5 per 1000 live births),2009,Female,121.568016332,113.679848891,129.837376187
CM_01,Number of under-five deaths,1981,Male,385548.0,352482.0,420854.0
WHS4_543,BCG immunization coverage among 1-year-olds (%) (WUENIC),2006,,52.0,,
CHILDDEATH5TO14,Number of deaths among children 5 to 14 years of age,2002,Both sexes,105026.0,95440.0,115947.0
CHILDMORT5TO14,Mortality rate for 5-14 year-olds (probability of dying per 1000 children aged 5-14 years),2014,Female,21.979313094,19.446469637,24.727820632
NUTRITION_ANAEMIA_CHILDREN_PREV,Prevalence of anaemia in children aged 6-59 months (%),2014,Moderate,41.5,37.1,45.5
CM_02,Number of infant deaths,2003,Both sexes,499683.0,471371.0,530390.0
MDG_0000000007,Under-five mortality rate (probability of dying by age 5 per 1000 live births),1968,Male,416.629306088,370.072630338,472.017085247
MALARIA_EST_MORTALITY,Estimated malaria mortality rate (per 100 000 population),2017,,88.47538057,74.68583315,107.0977513
WHOSIS_000016,Mortality rate among children ages 5 to 9 years (per 1000 children aged 5),2019,Both sexes,13.731550223,12.097870947,15.488496927
SDGPOISON,Mortality rate attributed to unintentional poisoning (per 100 000 population),2006,Male,1.148476922,0.648992828,1.830349434
CM_04,Number of deaths among children ages 5 to 9 years,2003,Male,37465.0,34007.0,41627.0
MCV2,Measles-containing-vaccine second-dose (MCV2) immunization coverage by the locally recommended age (%) (WUENIC),2006,,0.0,,
NUTRITION_ANAEMIA_CHILDREN_PREV,Prevalence of anaemia in children aged 6-59 months (%),2012,Both sexes,71.9,66.3,76.6
WHOSIS_000016,Mortality rate among children ages 5 to 9 years (per 1000 children aged 5),2017,Female,13.083279221,11.506034096,14.775876718
CM_01,Number of under-five deaths,1992,Female,411940.0,385330.0,440415.0
WHOSIS_000016,Mortality rate among children ages 5 to 9 years (per 1000 children aged 5),2018,Male,14.535923718,12.770978236,16.490855222
NUTRITION_ANAEMIA_CHILDREN_NUM,Number of children aged 6-59 months with anaemia (thousands),2002,Severe,1740.0,1170.0,2350.0
WHOSIS_000003,Neonatal mortality rate (per 1000 live births),1983,Both sexes,50.660598257,44.812511641,56.84434825
MDG_0000000001,Infant mortality rate (probability of dying between birth and age 1 per 1000 live births),2019,Female,62.509639716,56.862011868,68.867261883
MDG_0000000007,Under-five mortality rate (probability of dying by age 5 per 1000 live births),2005,Male,153.452741536,144.22538989,163.081146878
CM_02,Number of infant deaths,2013,Female,218067.0,202032.0,234890.0
MDG_0000000007,Under-five mortality rate (probability of dying by age 5 per 1000 live births),1969,Both sexes,397.166336584,354.126615852,447.538793714
WHS3_49,Poliomyelitis - number of reported cases,2018,,34.0,,
NUTRITION_ANAEMIA_CHILDREN_NUM,Number of children aged 6-59 months with anaemia (thousands),2011,Severe,1380.0,957.0,1880.0
MDG_0000000007,Under-five mortality rate (probability of dying by age 5 per 1000 live births),2004,Female,143.39261683,134.85888788,152.488600106
CHILDDEATH5TO14,Number of deaths among children 5 to 14 years of age,2018,Female,60100.0,52940.0,68665.0
WHOSIS_000016,Mortality rate among children ages 5 to 9 years (per 1000 children aged 5),2009,Female,15.190199572,13.760928782,16.70199328
WHS4_129,Hib (Hib3) immunization coverage among 1-year-olds (%) (WUENIC),2013,,27.0,,
SDGPOISON,Mortality rate attributed to unintentional poisoning (per 100 000 population),2004,Male,1.160403196,0.692578143,1.819839279
CM_04,Number of deaths among children ages 5 to 9 years,2016,Male,42983.0,38080.0,48336.0
MDG_0000000007,Under-five mortality rate (probability of dying by age 5 per 1000 live births),2016,Female,111.025800595,102.307630199,120.568387063
NUTOVERWEIGHTNUM,"Overweight numbers among children under 5 years of age (thousands), model-based estimates",2017,Male,280.5,253.3,312.6
SDGPOISON,Mortality rate attributed to unintentional poisoning (per 100 000 population),2016,Female,0.870589453,0.539615981,1.251115596
VACCINECOVERAGE_YFV,Yellow fever vaccine (YFV) immunization coverage among 1-year olds (%),2022,,49.0,,
WHOSIS_000016,Mortality rate among children ages 5 to 9 years (per 1000 children aged 5),2007,Female,15.922877943,14.506195755,17.503486856
WHS4_117,Hepatitis B (HepB3) immunization coverage among 1-year-olds (%) (WUENIC),2002,,0.0,,
CHILDMORT5TO14,Mortality rate for 5-14 year-olds (probability of dying per 1000 children aged 5-14 years),2010,Both sexes,24.445937904,21.942722574,27.061759034
CM_04,Number of deaths among children ages 5 to 9 years,2010,Both sexes,75229.0,68685.0,82104.0
CHILDMORT5TO14,Mortality rate for 5-14 year-olds (probability of dying per 1000 children aged 5-14 years),2016,Male,23.735086724,20.936639789,26.84958007
CHILDMORT5TO14,Mortality rate for 5-14 year-olds (probability of dying per 1000 children aged 5-14 years),1997,Female,31.703988141,27.879180269,36.648245759
CM_04,Number of deaths among children ages 5 to 9 years,1992,Male,37465.0,32661.0,43452.0
SDGPOISON,Mortality rate attributed to unintentional poisoning (per 100 000 population),2005,Both sexes,0.922427704,0.548864102,1.397746185
CM_01,Number of under-five deaths,2023,Female,398904.0,346931.0,460574.0
WHS3_62,Measles - number of reported cases,1979,,176468.0,,
CHILDDEATH5TO14,Number of deaths among children 5 to 14 years of age,2000,Female,50052.0,44945.0,56326.0
WHOSIS_000003,Neonatal mortality rate (per 1000 live births),1978,Both sexes,55.915220653,49.033111084,63.700278341
CM_04,Number of deaths among children ages 5 to 9 years,2008,Both sexes,73904.0,67884.0,80522.0
NUTOVERWEIGHTNUM,"Overweight numbers among children under 5 years of age (thousands), model-based estimates",2018,Male,268.6,241.0,301.2
CHILDDEATH5TO14,Number of deaths among children 5 to 14 years of age,2008,Male,57488.0,52129.0,63240.0
WHS3_62,Measles - number of reported cases,2002,,42007.0,,
WHS4_117,Hepatitis B (HepB3) immunization coverage among 1-year-olds (%) (WUENIC),2009,,63.0,,
WHOSIS_000003,Neonatal mortality rate (per 1000 live births),1989,Both sexes,49.372824897,44.06248251,54.970756139
WHOSIS_000003,Neonatal mortality rate (per 1000 live births),1997,Both sexes,48.972167986,44.526249974,53.839850877
NUTOVERWEIGHTNUM,"Overweight numbers among children under 5 years of age (thousands), model-based estimates",2008,Female,450.6,384.7,530.8
WHS3_62,Measles - number of reported cases,1976,,153560.0,,
CM_02,Number of infant deaths,2020,Male,276013.0,249621.0,305147.0
CM_04,Number of deaths among children ages 5 to 9 years,2016,Female,37743.0,33354.0,42529.0
WHOSIS_000016,Mortality rate among children ages 5 to 9 years (per 1000 children aged 5),2001,Male,19.990705676,18.038545055,22.428274571
WHS4_128,Neonates protected at birth against neonatal tetanus (PAB) (%),2013,,60.0,,
WHOSIS_000016,Mortality rate among children ages 5 to 9 years (per 1000 children aged 5),1995,Male,23.370133674,20.610695134,26.769985818
NUTOVERWEIGHTNUM,"Overweight numbers among children under 5 years of age (thousands), model-based estimates",2000,Female,673.7,543.3,837.8
MDG_0000000007,Under-five mortality rate (probability of dying by age 5 per 1000 live births),2022,Male,123.123168936,108.914172941,139.494919638
MDG_0000000001,Infant mortality rate (probability of dying between birth and age 1 per 1000 live births),1968,Both sexes,217.933169322,194.24330361,245.692987801
CHILDDEATH5TO14,Number of deaths among children 5 to 14 years of age,1994,Male,54308.0,48025.0,62669.0
WHS8_110,Measles-containing-vaccine first-dose (MCV1) immunization coverage among 1-year-olds (%) (WUENIC),2009,,64.0,,
NUTRITION_ANAEMIA_CHILDREN_NUM,Number of children aged 6-59 months with anaemia (thousands),2007,Total,19100.0,17300.0,20500.0
CM_01,Number of under-five deaths,2005,Female,402558.0,378494.0,428059.0
MDG_0000000001,Infant mortality rate (probability of dying between birth and age 1 per 1000 live births),1982,Both sexes,103.494108276,94.990752772,112.537708537
NUTRITION_ANAEMIA_CHILDREN_NUM,Number of children aged 6-59 months with anaemia (thousands),2004,Mild,5380.0,4670.0,6020.0
CHILDDEATH5TO14,Number of deaths among children 5 to 14 years of age,2021,Female,62943.0,53200.0,75128.0
CHILDMORT5TO14,Mortality rate for 5-14 year-olds (probability of dying per 1000 children aged 5-14 years),1998,Male,32.923920875,29.320605536,37.653744108
MDG_0000000001,Infant mortality rate (probability of dying between birth and age 1 per 1000 live births),1985,Male,110.911629187,102.427610726,120.123603083
MDG_0000000007,Under-five mortality rate (probability of dying by age 5 per 1000 live births),1976,Both sexes,235.812248849,212.672308369,261.024972821
MDG_0000000001,Infant mortality rate (probability of dying between birth and age 1 per 1000 live births),2004,Male,90.142549581,84.753328891,96.005096759
CM_01,Number of under-five deaths,1972,Male,363193.0,324606.0,405774.0
NUTOVERWEIGHTNUM,"Overweight numbers among children under 5 years of age (thousands), model-based estimates",2016,Male,295.9,267.1,329.8
WHS4_117,Hepatitis B (HepB3) immunization coverage among 1-year-olds (%) (WUENIC),2008,,53.0,,
CM_02,Number of infant deaths,2005,Both sexes,490402.0,462091.0,520503.0
WHS3_49,Poliomyelitis - number of reported cases,2010,,48.0,,
MDG_0000000007,Under-five mortality rate (probability of dying by age 5 per 1000 live births),2015,Male,123.936502243,114.610619116,134.090775381
CM_04,Number of deaths among children ages 5 to 9 years,1992,Female,34370.0,29820.0,39973.0
SDGPOISON,Mortality rate attributed to unintentional poisoning (per 100 000 population),2016,Male,0.987436891,0.572995836,1.507092856
NUTRITION_ANAEMIA_CHILDREN_PREV,Prevalence of anaemia in children aged 6-59 months (%),2013,Both sexes,71.8,66.5,76.2
MDG_0000000007,Under-five mortality rate (probability of dying by age 5 per 1000 live births),1986,Both sexes,207.541295669,192.442615072,223.457743758
WHOSIS_000016,Mortality rate among children ages 5 to 9 years (per 1000 children aged 5),2003,Male,18.904708268,17.174535053,20.982727072
CM_01,Number of under-five deaths,2020,Male,453530.0,410733.0,501815.0
NUTRITION_ANAEMIA_CHILDREN_PREV,Prevalence of anaemia in children aged 6-59 months (%),2010,Mild,24.8,22.6,26.8
WHS8_110,Measles-containing-vaccine first-dose (MCV1) immunization coverage among 1-year-olds (%) (WUENIC),2023,,54.0,,
MDG_0000000007,Under-five mortality rate (probability of dying by age 5 per 1000 live births),1983,Female,197.635689849,181.093774869,214.817031177
CM_02,Number of infant deaths,2022,Both sexes,511084.0,453124.0,577113.0
CM_01,Number of under-five deaths,1982,Male,391355.0,359209.0,426063.0
CM_01,Number of under-five deaths,2002,Female,419944.0,395075.0,445846.0
CM_01,Number of under-five deaths,2002,Male,483631.0,455580.0,513638.0
MDG_0000000001,Infant mortality rate (probability of dying between birth and age 1 per 1000 live births),2010,Female,63.880263981,59.513811948,68.50199095
WHS4_117,Hepatitis B (HepB3) immunization coverage among 1-year-olds (%) (WUENIC),2010,,49.0,,
MDG_0000000001,Infant mortality rate (probability of dying between birth and age 1 per 1000 live births),2017,Both sexes,68.319542359,62.936345448,74.309524447
CM_03,Number of neonatal deaths,2017,Both sexes,282641.0,253492.0,316741.0
WHOSIS_000016,Mortality rate among children ages 5 to 9 years (per 1000 children aged 5),2006,Female,16.391436372,14.908790815,18.033757226
CM_02,Number of infant deaths,1996,Female,225345.0,211177.0,240522.0
CM_04,Number of deaths among children ages 5 to 9 years,2006,Male,38135.0,34714.0,41962.0
MDG_0000000007,Under-five mortality rate (probability of dying by age 5 per 1000 live births),2013,Male,126.611835135,117.511046982,136.27168291
SDGPOISON,Mortality rate attributed to unintentional poisoning (per 100 000 population),2013,Female,0.944385797,0.596574548,1.32843101
WHS3_62,Measles - number of reported cases,1978,,188727.0,,
CM_01,Number of under-five deaths,2015,Male,459783.0,425152.0,497229.0
CM_04,Number of deaths among children ages 5 to 9 years,2011,Both sexes,75744.0,68979.0,82931.0
CM_02,Number of infant deaths,1987,Female,182405.0,168790.0,196857.0
WHOSIS_000003,Neonatal mortality rate (per 1000 live births),2012,Both sexes,37.627350647,33.924573425,41.478921424
SDGPOISON,Mortality rate attributed to unintentional poisoning (per 100 000 population),2006,Both sexes,0.968773208,0.559312589,1.491690633
SDGPOISON,Mortality rate attributed to unintentional poisoning (per 100 000 population),2008,Female,0.927115576,0.562266885,1.308801598
CM_04,Number of deaths among children ages 5 to 9 years,1999,Male,37824.0,33847.0,42899.0
CHILDMORT5TO14,Mortality rate for 5-14 year-olds (probability of dying per 1000 children aged 5-14 years),1992,Female,35.091886928,30.291892334,41.263627694
WHOSIS_000016,Mortality rate among children ages 5 to 9 years (per 1000 children aged 5),2020,Female,12.782936351,10.989782661,14.68867347
MDG_0000000007,Under-five mortality rate (probability of dying by age 5 per 1000 live births),2004,Male,158.98150487,149.577949279,169.15437982
WHOSIS_000016,Mortality rate among children ages 5 to 9 years (per 1000 children aged 5),2021,Both sexes,13.681790499,11.826501659,15.625843159
CHILDDEATH5TO14,Number of deaths among children 5 to 14 years of age,2007,Both sexes,108481.0,98919.0,118713.0
CM_02,Number of infant deaths,1965,Male,205452.0,178183.0,238829.0
CM_03,Number of neonatal deaths,1970,Both sexes,181317.0,155312.0,213013.0
CM_04,Number of deaths among children ages 5 to 9 years,2001,Both sexes,71685.0,65389.0,79733.0
MDG_0000000001,Infant mortality rate (probability of dying between birth and age 1 per 1000 live births),1989,Female,95.739387643,88.806897419,103.084579652
WHOSIS_000016,Mortality rate among children ages 5 to 9 years (per 1000 children aged 5),1998,Female,20.171061928,17.997282579,22.901250364
WHOSIS_000016,Mortality rate among children ages 5 to 9 years (per 1000 children aged 5),2008,Male,16.657601106,15.141216402,18.320801437
WHOSIS_000016,Mortality rate among children ages 5 to 9 years (per 1000 children aged 5),2014,Female,13.58831539,12.11145729,15.181846684
WHOSIS_000016,Mortality rate among children ages 5 to 9 years (per 1000 children aged 5),2003,Both sexes,18.371042911,16.866237644,20.221718153
CM_04,Number of deaths among children ages 5 to 9 years,1994,Both sexes,71757.0,63702.0,82059.0
MDG_0000000001,Infant mortality rate (probability of dying between birth and age 1 per 1000 live births),1997,Both sexes,102.062707919,96.052482343,108.671768825
CM_01,Number of under-five deaths,2017,Female,398453.0,366607.0,433694.0
CM_03,Number of neonatal deaths,1987,Both sexes,197811.0,175347.0,221181.0
NUTOVERWEIGHTNUM,"Overweight numbers among children under 5 years of age (thousands), model-based estimates",2015,Both sexes,581.4,518.7,651.5
WHS4_129,Hib (Hib3) immunization coverage among 1-year-olds (%) (WUENIC),2023,,63.0,,
WHOSIS_000016,Mortality rate among children ages 5 to 9 years (per 1000 children aged 5),2011,Both sexes,14.990528101,13.660886415,16.401150538
MDG_0000000007,Under-five mortality rate (probability of dying by age 5 per 1000 live births),2015,Female,111.402528677,103.032414722,120.572798664
VACCINECOVERAGE_MENA_C,Meningococcal A conjugate (MENGA) vaccine immunization coverage (%) (WUENIC),2020,,55.0,,
MDG_0000000001,Infant mortality rate (probability of dying between birth and age 1 per 1000 live births),1972,Male,147.042554056,130.409178873,166.100158701
CHILDDEATH5TO14,Number of deaths among children 5 to 14 years of age,1996,Female,50308.0,44465.0,58212.0
CHILDMORT5TO14,Mortality rate for 5-14 year-olds (probability of dying per 1000 children aged 5-14 years),1992,Both sexes,35.884366831,31.304732239,41.63683067
MDG_0000000007,Under-five mortality rate (probability of dying by age 5 per 1000 live births),1977,Male,238.044075265,214.857212793,263.432777153
MDG_0000000001,Infant mortality rate (probability of dying between birth and age 1 per 1000 live births),1977,Female,106.711977241,95.711107085,118.436583288
CHILDDEATH5TO14,Number of deaths among children 5 to 14 years of age,1995,Both sexes,104843.0,93462.0,120329.0
CM_04,Number of deaths among children ages 5 to 9 years,1996,Male,37736.0,33398.0,43163.0
WHS3_56,Neonatal tetanus - number of reported cases,2013,,468.0,,
MDG_0000000001,Infant mortality rate (probability of dying between birth and age 1 per 1000 live births),2015,Male,74.177461518,68.562717201,80.335176111
WHS4_543,BCG immunization coverage among 1-year-olds (%) (WUENIC),2008,,65.0,,
MDG_0000000001,Infant mortality rate (probability of dying between birth and age 1 per 1000 live births),1986,Male,111.418775558,103.04141793,120.403451365
NUTRITION_ANAEMIA_CHILDREN_NUM,Number of children aged 6-59 months with anaemia (thousands),2006,Both sexes,18819.161,17015.0,20168.0
MALARIA_EST_MORTALITY,Estimated malaria mortality rate (per 100 000 population),2020,,93.57970739,71.89690222,125.6541349
WHOSIS_000003,Neonatal mortality rate (per 1000 live births),2011,Both sexes,37.696343742,34.02956211,41.530504668
MCV2,Measles-containing-vaccine second-dose (MCV2) immunization coverage by the locally recommended age (%) (WUENIC),2000,,0.0,,
CM_04,Number of deaths among children ages 5 to 9 years,2017,Female,38238.0,33602.0,43221.0
WHOSIS_000003,Neonatal mortality rate (per 1000 live births),1995,Both sexes,49.655647379,45.007996096,54.749470354
NUTRITION_ANAEMIA_CHILDREN_PREV,Prevalence of anaemia in children aged 6-59 months (%),2016,Severe,4.1,3.0,5.4
MDG_0000000001,Infant mortality rate (probability of dying between birth and age 1 per 1000 live births),1969,Female,201.827291535,177.995846338,228.939009169
WHS3_62,Measles - number of reported cases,1984,,182591.0,,
VACCINECOVERAGE_YFV,Yellow fever vaccine (YFV) immunization coverage among 1-year olds (%),2010,,50.0,,
MDG_0000000001,Infant mortality rate (probability of dying between birth and age 1 per 1000 live births),1995,Both sexes,104.169979392,97.971783398,110.936053269
WHOSIS_000016,Mortality rate among children ages 5 to 9 years (per 1000 children aged 5),1991,Male,24.870720335,21.628363812,28.851244087
WHOSIS_000016,Mortality rate among children ages 5 to 9 years (per 1000 children aged 5),2022,Female,12.707360642,10.708375989,14.830682325
CHILDMORT5TO14,Mortality rate for 5-14 year-olds (probability of dying per 1000 children aged 5-14 years),2000,Male,31.320868289,28.020841112,35.388869481
MDG_0000000001,Infant mortality rate (probability of dying between birth and age 1 per 1000 live births),1999,Female,89.674606594,84.143604923,95.631656964
CM_01,Number of under-five deaths,1972,Female,321186.0,286898.0,359203.0
CM_04,Number of deaths among children ages 5 to 9 years,2020,Female,39441.0,33878.0,45364.0
CM_03,Number of neonatal deaths,2011,Both sexes,269728.0,243505.0,297148.0
CM_02,Number of infant deaths,2018,Male,276386.0,253209.0,302158.0
CM_02,Number of infant deaths,1967,Both sexes,377820.0,336194.0,426114.0
CHILDVIOL,Indicator 16.2.1: Proportion of children aged 1-17 years who experienced any physical punishment and/or psychological aggression by caregivers in the past month,2021,Both sexes,90.4,,
SDGPOISON,Mortality rate attributed to unintentional poisoning (per 100 000 population),2018,Male,1.068479132,0.639623922,1.627910424
MDG_0000000007,Under-five mortality rate (probability of dying by age 5 per 1000 live births),2012,Female,114.625586265,106.472404864,123.217345537
ROTAC,Rotavirus vaccines completed dose (RotaC) immunization coverage among 1-year-olds (%),2007,,0.0,,
MDG_0000000001,Infant mortality rate (probability of dying between birth and age 1 per 1000 live births),2017,Female,61.836567022,56.634419213,67.39258467
MDG_0000000007,Under-five mortality rate (probability of dying by age 5 per 1000 live births),1995,Female,192.246857188,180.381954771,204.937177288
CM_04,Number of deaths among children ages 5 to 9 years,1990,Male,37172.0,32121.0,43252.0
CHILDMORT5TO14,Mortality rate for 5-14 year-olds (probability of dying per 1000 children aged 5-14 years),2013,Both sexes,23.286527276,20.731211626,25.952899939
CM_04,Number of deaths among children ages 5 to 9 years,1997,Female,34071.0,30256.0,39020.0
CM_04,Number of deaths among children ages 5 to 9 years,1998,Male,37824.0,33778.0,43081.0
MDG_0000000001,Infant mortality rate (probability of dying between birth and age 1 per 1000 live births),1979,Male,116.787247276,105.804688506,128.648430113
MDG_0000000007,Under-five mortality rate (probability of dying by age 5 per 1000 live births),1966,Both sexes,312.117715848,274.344449476,357.123789564
WHOSIS_000016,Mortality rate among children ages 5 to 9 years (per 1000 children aged 5),2013,Female,13.873591839,12.395852422,15.441200499
WHS3_56,Neonatal tetanus - number of reported cases,1997,,656.0,,
NUTRITION_ANAEMIA_CHILDREN_PREV,Prevalence of anaemia in children aged 6-59 months (%),2018,Total,69.7,63.1,74.7
CHILDMORT5TO14,Mortality rate for 5-14 year-olds (probability of dying per 1000 children aged 5-14 years),2008,Male,26.261308861,23.561017135,29.145138268
WHOSIS_000003,Neonatal mortality rate (per 1000 live births),1996,Both sexes,49.398384512,44.879732766,54.443975082
NUTRITION_ANAEMIA_CHILDREN_NUM,Number of children aged 6-59 months with anaemia (thousands),2017,Total,22800.0,21000.0,24300.0
WHS3_56,Neonatal tetanus - number of reported cases,2017,,187.0,,
CM_02,Number of infant deaths,2023,Male,287012.0,249862.0,330810.0
CM_02,Number of infant deaths,2019,Both sexes,498051.0,455752.0,544853.0
MDG_0000000001,Infant mortality rate (probability of dying between birth and age 1 per 1000 live births),1988,Female,95.574384269,88.495174868,103.128039798
CM_04,Number of deaths among children ages 5 to 9 years,1991,Female,34377.0,29690.0,40055.0
WHS4_117,Hepatitis B (HepB3) immunization coverage among 1-year-olds (%) (WUENIC),2023,,63.0,,
WHOSIS_000003,Neonatal mortality rate (per 1000 live births),2013,Both sexes,37.662714878,33.9389343,41.566455027
CHILDMORT5TO14,Mortality rate for 5-14 year-olds (probability of dying per 1000 children aged 5-14 years),1993,Male,36.126918501,31.550528008,42.003773755
MDG_0000000007,Under-five mortality rate (probability of dying by age 5 per 1000 live births),2011,Female,116.722737735,108.633698423,125.097121461
CM_03,Number of neonatal deaths,1981,Both sexes,190462.0,168349.0,215010.0
MDG_0000000007,Under-five mortality rate (probability of dying by age 5 per 1000 live births),1986,Male,216.439756648,200.517112467,233.766575761
CHILDMORT5TO14,Mortality rate for 5-14 year-olds (probability of dying per 1000 children aged 5-14 years),2001,Female,28.920305653,25.823316355,32.568058478
CM_01,Number of under-five deaths,1996,Female,437849.0,410987.0,466743.0
MDG_0000000001,Infant mortality rate (probability of dying between birth and age 1 per 1000 live births),1995,Female,95.708771996,89.587925608,102.315611586
WHS3_49,Poliomyelitis - number of reported cases,2011,,96.0,,
CM_03,Number of neonatal deaths,2020,Both sexes,282628.0,247908.0,323511.0
WHS4_128,Neonates protected at birth against neonatal tetanus (PAB) (%),2015,,55.0,,
SDGPOISON,Mortality rate attributed to unintentional poisoning (per 100 000 population),2000,Both sexes,0.887457395,0.513879885,1.387518437
CM_02,Number of infant deaths,2002,Female,225535.0,212091.0,239879.0
CHILDMORT5TO14,Mortality rate for 5-14 year-olds (probability of dying per 1000 children aged 5-14 years),2017,Male,23.630134125,20.786991069,26.912308077
MDG_0000000001,Infant mortality rate (probability of dying between birth and age 1 per 1000 live births),2022,Both sexes,70.163302725,62.129077046,79.329715512
CHILDMORT5TO14,Mortality rate for 5-14 year-olds (probability of dying per 1000 children aged 5-14 years),2006,Both sexes,26.554098569,23.954616114,29.306051735
VACCINECOVERAGE_YFV,Yellow fever vaccine (YFV) immunization coverage among 1-year olds (%),2013,,43.0,,
VACCINECOVERAGE_MENA_C,Meningococcal A conjugate (MENGA) vaccine immunization coverage (%) (WUENIC),2021,,45.0,,
MDG_0000000001,Infant mortality rate (probability of dying between birth and age 1 per 1000 live births),1970,Both sexes,206.581726477,184.05410696,232.419885292
WHOSIS_000016,Mortality rate among children ages 5 to 9 years (per 1000 children aged 5),1996,Both sexes,22.067645141,19.773620091,25.029827774
CM_01,Number of under-five deaths,1997,Male,502851.0,472755.0,535704.0
WHS8_110,Measles-containing-vaccine first-dose (MCV1) immunization coverage among 1-year-olds (%) (WUENIC),2012,,42.0,,
CM_01,Number of under-five deaths,1974,Female,326289.0,291930.0,363106.0
MDG_0000000007,Under-five mortality rate (probability of dying by age 5 per 1000 live births),1998,Male,197.901067544,186.164250687,210.730538689
MDG_0000000001,Infant mortality rate (probability of dying between birth and age 1 per 1000 live births),2004,Both sexes,82.689756401,77.886514809,87.831687414
VACCINECOVERAGE_YFV,Yellow fever vaccine (YFV) immunization coverage among 1-year olds (%),2019,,57.0,,
CHILDMORT5TO14,Mortality rate for 5-14 year-olds (probability of dying per 1000 children aged 5-14 years),2020,Female,21.071213763,17.890693924,24.942517576
MDG_0000000001,Infant mortality rate (probability of dying between birth and age 1 per 1000 live births),1984,Both sexes,102.806444277,94.85805534,111.131483122
WHOSIS_000003,Neonatal mortality rate (per 1000 live births),2019,Both sexes,38.959362857,34.532361341,44.260999913
CM_02,Number of infant deaths,1971,Both sexes,370421.0,331168.0,414528.0
CM_01,Number of under-five deaths,1980,Male,381585.0,348124.0,417540.0
CM_02,Number of infant deaths,1996,Both sexes,501670.0,472216.0,533751.0
MDG_0000000001,Infant mortality rate (probability of dying between birth and age 1 per 1000 live births),2008,Both sexes,73.795413377,69.224496432,78.646087636
MDG_0000000007,Under-five mortality rate (probability of dying by age 5 per 1000 live births),1966,Male,322.30326394,282.702888338,370.198253381
CM_04,Number of deaths among children ages 5 to 9 years,2012,Female,36324.0,32552.0,40342.0
CM_03,Number of neonatal deaths,2010,Both sexes,265521.0,239920.0,292042.0
MALARIA_EST_MORTALITY,Estimated malaria mortality rate (per 100 000 population),2003,,149.9774305,141.1101086,159.1223162
MDG_0000000007,Under-five mortality rate (probability of dying by age 5 per 1000 live births),1991,Female,196.952936993,183.887576988,210.836291878
NUTRITION_ANAEMIA_CHILDREN_NUM,Number of children aged 6-59 months with anaemia (thousands),2018,Both sexes,22931.781,20777.0,24581.0
NUTRITION_ANAEMIA_CHILDREN_NUM,Number of children aged 6-59 months with anaemia (thousands),2016,Mild,8290.0,7810.0,8720.0
NUTRITION_ANAEMIA_CHILDREN_NUM,Number of children aged 6-59 months with anaemia (thousands),2009,Severe,1420.0,954.0,1970.0
CM_02,Number of infant deaths,2014,Male,276254.0,255919.0,297811.0
CM_01,Number of under-five deaths,1982,Both sexes,735018.0,675266.0,798376.0
MCV2,Measles-containing-vaccine second-dose (MCV2) immunization coverage by the locally recommended age (%) (WUENIC),2010,,0.0,,
NUTRITION_ANAEMIA_CHILDREN_PREV,Prevalence of anaemia in children aged 6-59 months (%),2019,Mild,26.8,24.5,28.6
ROTAC,Rotavirus vaccines completed dose (RotaC) immunization coverage among 1-year-olds (%),2020,,0.0,,
WHOSIS_000003,Neonatal mortality rate (per 1000 live births),1981,Both sexes,52.38315758,46.298293594,59.139185535
CM_02,Number of infant deaths,1967,Male,205405.0,181672.0,232647.0
CM_02,Number of infant deaths,1999,Female,227170.0,213304.0,241951.0
